<?xml version="1.0" encoding="UTF-8"?>
<gpx creator="Garmin Connect" version="1.1"
  xsi:schemaLocation="http://www.topografix.com/GPX/1/1 http://www.topografix.com/GPX/11.xsd"
  xmlns:ns3="http://www.garmin.com/xmlschemas/TrackPointExtension/v1"
  xmlns="http://www.topografix.com/GPX/1/1"
  xmlns:xsi="http://www.w3.org/2001/XMLSchema-instance" xmlns:ns2="http://www.garmin.com/xmlschemas/GpxExtensions/v3">
  <metadata>
    <name>2026TAKAYAMA 100km</name>
    <link href="connect.garmin.com">
      <text>Garmin Connect</text>
    </link>
    <time>2026-05-13T03:19:11.000Z</time>
  </metadata>
  <wpt lat="36.15063456818461" lon="137.26982734166086">
    <ele>0.0</ele>
    <name>給水1</name>
    <type>WATER</type>
  </wpt>
  <wpt lat="36.14963477477431" lon="137.28420523926616">
    <ele>0.0</ele>
    <name>七夕岩</name>
    <type>OVERLOOK</type>
  </wpt>
  <wpt lat="36.13663326948881" lon="137.31226944364607">
    <ele>0.0</ele>
    <name>給水2</name>
    <type>WATER</type>
  </wpt>
  <wpt lat="36.13563272170722" lon="137.3120350856334">
    <ele>0.0</ele>
    <name>登り開始</name>
    <type>SUMMIT</type>
  </wpt>
  <wpt lat="36.11615519039333" lon="137.31946857646108">
    <ele>0.0</ele>
    <name>登り中間</name>
    <type>SUMMIT</type>
  </wpt>
  <wpt lat="36.10574836158899" lon="137.3165000842906">
    <ele>0.0</ele>
    <name>下り開始</name>
    <type>SUMMIT</type>
  </wpt>
  <wpt lat="36.10112082213163" lon="137.31782245449722">
    <ele>0.0</ele>
    <name>給水3</name>
    <type>WATER</type>
  </wpt>
  <wpt lat="36.09790434938549" lon="137.30778923367942">
    <ele>0.0</ele>
    <name>下り中間</name>
    <type>SUMMIT</type>
  </wpt>
  <wpt lat="36.08871568925679" lon="137.29754545725882">
    <ele>0.0</ele>
    <name>給水4</name>
    <type>WATER</type>
  </wpt>
  <wpt lat="36.08739956282079" lon="137.2963595855981">
    <ele>0.0</ele>
    <name>下り終了</name>
    <type>SUMMIT</type>
  </wpt>
  <wpt lat="36.08822853304446" lon="137.3507372662425">
    <ele>0.0</ele>
    <name>給水5/関門</name>
    <type>WATER</type>
  </wpt>
  <wpt lat="36.09294687397778" lon="137.35074103809893">
    <ele>0.0</ele>
    <name>給水6</name>
    <type>WATER</type>
  </wpt>
  <wpt lat="36.09413651749492" lon="137.32500289566815">
    <ele>0.0</ele>
    <name>登り開始</name>
    <type>SUMMIT</type>
  </wpt>
  <wpt lat="36.10097371973097" lon="137.3208672646433">
    <ele>0.0</ele>
    <name>給水7</name>
    <type>WATER</type>
  </wpt>
  <wpt lat="36.10153547488153" lon="137.3323255777359">
    <ele>0.0</ele>
    <name>登り中間</name>
    <type>SUMMIT</type>
  </wpt>
  <wpt lat="36.11793508753181" lon="137.34518132172525">
    <ele>0.0</ele>
    <name>登り終了</name>
    <type>SUMMIT</type>
  </wpt>
  <wpt lat="36.11801262013614" lon="137.34494159929454">
    <ele>0.0</ele>
    <name>下り開始</name>
    <type>SUMMIT</type>
  </wpt>
  <wpt lat="36.11936805769801" lon="137.33829583972692">
    <ele>0.0</ele>
    <name>給水8</name>
    <type>WATER</type>
  </wpt>
  <wpt lat="36.11775889992714" lon="137.3362824227661">
    <ele>0.0</ele>
    <name>下り中間</name>
    <type>SUMMIT</type>
  </wpt>
  <wpt lat="36.12892686389387" lon="137.34589302912354">
    <ele>0.0</ele>
    <name>下り終了</name>
    <type>SUMMIT</type>
  </wpt>
  <wpt lat="36.13824234344065" lon="137.3518509697169">
    <ele>0.0</ele>
    <name>給水9/関門</name>
    <type>WATER</type>
  </wpt>
  <wpt lat="36.15563931874931" lon="137.3307773564011">
    <ele>0.0</ele>
    <name>給水10</name>
    <type>WATER</type>
  </wpt>
  <wpt lat="36.16988645866513" lon="137.30963392183185">
    <ele>0.0</ele>
    <name>給水11/関門</name>
    <type>WATER</type>
  </wpt>
  <wpt lat="36.16990707814693" lon="137.3100484907627">
    <ele>0.0</ele>
    <name>両面宿儺像</name>
    <type>OVERLOOK</type>
  </wpt>
  <wpt lat="36.18229846470058" lon="137.29165432043374">
    <ele>0.0</ele>
    <name>登り開始</name>
    <type>SUMMIT</type>
  </wpt>
  <wpt lat="36.18728804402053" lon="137.29001213796437">
    <ele>0.0</ele>
    <name>登り中間</name>
    <type>SUMMIT</type>
  </wpt>
  <wpt lat="36.18950128555298" lon="137.28851596824825">
    <ele>0.0</ele>
    <name>極楽門</name>
    <type>OVERLOOK</type>
  </wpt>
  <wpt lat="36.18996245786548" lon="137.28947293013334">
    <ele>0.0</ele>
    <name>給水13</name>
    <type>WATER</type>
  </wpt>
  <wpt lat="36.19021391496062" lon="137.28955381549895">
    <ele>0.0</ele>
    <name>大慈門</name>
    <type>OVERLOOK</type>
  </wpt>
  <wpt lat="36.19380807504058" lon="137.29156471788883">
    <ele>0.0</ele>
    <name>下り開始</name>
    <type>SUMMIT</type>
  </wpt>
  <wpt lat="36.19380807504058" lon="137.29156471788883">
    <ele>0.0</ele>
    <name>登り終了</name>
    <type>SUMMIT</type>
  </wpt>
  <wpt lat="36.20134055614471" lon="137.29537923820317">
    <ele>0.0</ele>
    <name>下り中間</name>
    <type>SUMMIT</type>
  </wpt>
  <wpt lat="36.20410767383873" lon="137.29462193325162">
    <ele>0.0</ele>
    <name>下り終了</name>
    <type>SUMMIT</type>
  </wpt>
  <wpt lat="36.20410767383873" lon="137.29462193325162">
    <ele>0.0</ele>
    <name>給水14</name>
    <type>WATER</type>
  </wpt>
  <wpt lat="36.21901002712548" lon="137.26089416071773">
    <ele>0.0</ele>
    <name>給水15</name>
    <type>WATER</type>
  </wpt>
  <wpt lat="36.21224113740027" lon="137.21521438099444">
    <ele>0.0</ele>
    <name>給水16/関門</name>
    <type>WATER</type>
  </wpt>
  <wpt lat="36.19692128151655" lon="137.25443749688566">
    <ele>0.0</ele>
    <name>給水17</name>
    <type>WATER</type>
  </wpt>
  <wpt lat="36.16727100037109" lon="137.23557179363732">
    <ele>0.0</ele>
    <name>給水19</name>
    <type>WATER</type>
  </wpt>
  <wpt lat="36.14129042252898" lon="137.20026173628867">
    <ele>0.0</ele>
    <name>給水20</name>
    <type>WATER</type>
  </wpt>
  <wpt lat="36.14115203730762" lon="137.20009854063392">
    <ele>0.0</ele>
    <name>登り開始</name>
    <type>SUMMIT</type>
  </wpt>
  <wpt lat="36.14694334566593" lon="137.18475102446973">
    <ele>0.0</ele>
    <name>登り中間</name>
    <type>SUMMIT</type>
  </wpt>
  <wpt lat="36.14436289295554" lon="137.17291686683893">
    <ele>0.0</ele>
    <name>登り終了</name>
    <type>SUMMIT</type>
  </wpt>
  <wpt lat="36.14317224361002" lon="137.1672917716205">
    <ele>0.0</ele>
    <name>給水21</name>
    <type>WATER</type>
  </wpt>
  <wpt lat="36.13421006128192" lon="137.17101828195155">
    <ele>0.0</ele>
    <name>給水22/関門</name>
    <type>WATER</type>
  </wpt>
  <wpt lat="36.13523977808654" lon="137.19824739731848">
    <ele>0.0</ele>
    <name>給水23</name>
    <type>WATER</type>
  </wpt>
  <trk>
    <name>2026TAKAYAMA 100km</name>
    <trkseg>
      <trkpt lat="36.148556945845485" lon="137.23360846750438">
        <ele>593.19</ele>
      </trkpt>
      <trkpt lat="36.1484610568732" lon="137.23357091657817">
        <ele>593.68</ele>
      </trkpt>
      <trkpt lat="36.1483783274889" lon="137.23353931680322">
        <ele>594.2</ele>
      </trkpt>
      <trkpt lat="36.148231560364366" lon="137.23348123021424">
        <ele>594.79</ele>
      </trkpt>
      <trkpt lat="36.14807146601379" lon="137.23341342061758">
        <ele>595.35</ele>
      </trkpt>
      <trkpt lat="36.14788102917373" lon="137.23335382528603">
        <ele>595.87</ele>
      </trkpt>
      <trkpt lat="36.14768983796239" lon="137.23329389467835">
        <ele>596.32</ele>
      </trkpt>
      <trkpt lat="36.147439889609814" lon="137.23329892382026">
        <ele>596.72</ele>
      </trkpt>
      <trkpt lat="36.14719061180949" lon="137.23331828601658">
        <ele>597.11</ele>
      </trkpt>
      <trkpt lat="36.1469414178282" lon="137.2333376482129">
        <ele>597.57</ele>
      </trkpt>
      <trkpt lat="36.14669214002788" lon="137.2333569265902">
        <ele>598.06</ele>
      </trkpt>
      <trkpt lat="36.1464405991137" lon="137.2333764564246">
        <ele>598.61</ele>
      </trkpt>
      <trkpt lat="36.146139688789845" lon="137.23341015167534">
        <ele>599.13</ele>
      </trkpt>
      <trkpt lat="36.145838778465986" lon="137.2334438469261">
        <ele>599.67</ele>
      </trkpt>
      <trkpt lat="36.145535772666335" lon="137.23347779363394">
        <ele>600.13</ele>
      </trkpt>
      <trkpt lat="36.14525397308171" lon="137.23353093490005">
        <ele>600.57</ele>
      </trkpt>
      <trkpt lat="36.14500570110977" lon="137.2336375527084">
        <ele>601.13</ele>
      </trkpt>
      <trkpt lat="36.144756423309445" lon="137.2337445896119">
        <ele>601.55</ele>
      </trkpt>
      <trkpt lat="36.14456028677523" lon="137.2338387183845">
        <ele>601.94</ele>
      </trkpt>
      <trkpt lat="36.144364066421986" lon="137.23393293097615">
        <ele>602.25</ele>
      </trkpt>
      <trkpt lat="36.14416684024036" lon="137.234027646482">
        <ele>602.5</ele>
      </trkpt>
      <trkpt lat="36.14394488744438" lon="137.23415303975344">
        <ele>602.63</ele>
      </trkpt>
      <trkpt lat="36.14372218027711" lon="137.23427885212004">
        <ele>602.59</ele>
      </trkpt>
      <trkpt lat="36.143532413989305" lon="137.23452117294073">
        <ele>602.2</ele>
      </trkpt>
      <trkpt lat="36.143342731520534" lon="137.23476357758045">
        <ele>601.71</ele>
      </trkpt>
      <trkpt lat="36.14315296523273" lon="137.23500598222017">
        <ele>601.05</ele>
      </trkpt>
      <trkpt lat="36.143021285533905" lon="137.23530672490597">
        <ele>600.09</ele>
      </trkpt>
      <trkpt lat="36.14288960583508" lon="137.23560738377273">
        <ele>598.97</ele>
      </trkpt>
      <trkpt lat="36.14275784231722" lon="137.23590812645853">
        <ele>597.73</ele>
      </trkpt>
      <trkpt lat="36.1426261626184" lon="137.23620886914432">
        <ele>596.38</ele>
      </trkpt>
      <trkpt lat="36.14249515347183" lon="137.2365080192685">
        <ele>595.08</ele>
      </trkpt>
      <trkpt lat="36.14236984401941" lon="137.2368333209306">
        <ele>593.67</ele>
      </trkpt>
      <trkpt lat="36.142244869843125" lon="137.23715778440237">
        <ele>592.13</ele>
      </trkpt>
      <trkpt lat="36.14215828478336" lon="137.2374760452658">
        <ele>590.4</ele>
      </trkpt>
      <trkpt lat="36.14211168140173" lon="137.23780092783272">
        <ele>588.63</ele>
      </trkpt>
      <trkpt lat="36.142065078020096" lon="137.23812581039965">
        <ele>586.88</ele>
      </trkpt>
      <trkpt lat="36.14201847463846" lon="137.23845069296658">
        <ele>585.16</ele>
      </trkpt>
      <trkpt lat="36.14197195507586" lon="137.23877549171448">
        <ele>583.55</ele>
      </trkpt>
      <trkpt lat="36.141925770789385" lon="137.23909735679626">
        <ele>582.03</ele>
      </trkpt>
      <trkpt lat="36.141904313117266" lon="137.23931796848774">
        <ele>580.59</ele>
      </trkpt>
      <trkpt lat="36.14188293926418" lon="137.2395377419889">
        <ele>579.21</ele>
      </trkpt>
      <trkpt lat="36.141889644786716" lon="137.23987226374447">
        <ele>577.93</ele>
      </trkpt>
      <trkpt lat="36.14189635030925" lon="137.2402053605765">
        <ele>576.7</ele>
      </trkpt>
      <trkpt lat="36.14194362424314" lon="137.24053485319018">
        <ele>575.5</ele>
      </trkpt>
      <trkpt lat="36.14199089817703" lon="137.24086434580386">
        <ele>574.34</ele>
      </trkpt>
      <trkpt lat="36.142038172110915" lon="137.24119392223656">
        <ele>573.29</ele>
      </trkpt>
      <trkpt lat="36.1420854460448" lon="137.24152341485023">
        <ele>572.34</ele>
      </trkpt>
      <trkpt lat="36.1421322170645" lon="137.24184988997877">
        <ele>571.45</ele>
      </trkpt>
      <trkpt lat="36.14218141883612" lon="137.24219740368426">
        <ele>570.69</ele>
      </trkpt>
      <trkpt lat="36.142230620607734" lon="137.24254491738975">
        <ele>569.97</ele>
      </trkpt>
      <trkpt lat="36.14227982237935" lon="137.24289251491427">
        <ele>569.38</ele>
      </trkpt>
      <trkpt lat="36.14232902415097" lon="137.24324002861977">
        <ele>568.91</ele>
      </trkpt>
      <trkpt lat="36.142377723008394" lon="137.24358435720205">
        <ele>568.56</ele>
      </trkpt>
      <trkpt lat="36.14243078045547" lon="137.24387453868985">
        <ele>568.19</ele>
      </trkpt>
      <trkpt lat="36.142483837902546" lon="137.24416472017765">
        <ele>567.86</ele>
      </trkpt>
      <trkpt lat="36.14253689534962" lon="137.24445490166545">
        <ele>567.68</ele>
      </trkpt>
      <trkpt lat="36.14258953370154" lon="137.2447430714965">
        <ele>567.6</ele>
      </trkpt>
      <trkpt lat="36.142605962231755" lon="137.24512637592852">
        <ele>567.59</ele>
      </trkpt>
      <trkpt lat="36.14262239076197" lon="137.24550968036056">
        <ele>567.67</ele>
      </trkpt>
      <trkpt lat="36.142638735473156" lon="137.2458929847926">
        <ele>567.74</ele>
      </trkpt>
      <trkpt lat="36.14265516400337" lon="137.24627628922462">
        <ele>567.85</ele>
      </trkpt>
      <trkpt lat="36.14267150871456" lon="137.24665959365666">
        <ele>568.05</ele>
      </trkpt>
      <trkpt lat="36.14268793724477" lon="137.2470428980887">
        <ele>568.28</ele>
      </trkpt>
      <trkpt lat="36.14270436577499" lon="137.24742620252073">
        <ele>568.57</ele>
      </trkpt>
      <trkpt lat="36.142720710486174" lon="137.2478095907718">
        <ele>568.81</ele>
      </trkpt>
      <trkpt lat="36.14273713901639" lon="137.24819289520383">
        <ele>569.01</ele>
      </trkpt>
      <trkpt lat="36.14275314845145" lon="137.24856857210398">
        <ele>569.2</ele>
      </trkpt>
      <trkpt lat="36.14275977015495" lon="137.24891440942883">
        <ele>569.4</ele>
      </trkpt>
      <trkpt lat="36.14276647567749" lon="137.24926033057272">
        <ele>569.63</ele>
      </trkpt>
      <trkpt lat="36.142773097380996" lon="137.24960616789758">
        <ele>569.86</ele>
      </trkpt>
      <trkpt lat="36.1427797190845" lon="137.24995200522244">
        <ele>570.03</ele>
      </trkpt>
      <trkpt lat="36.14278634078801" lon="137.25029792636633">
        <ele>570.18</ele>
      </trkpt>
      <trkpt lat="36.142793046310544" lon="137.2506437636912">
        <ele>570.39</ele>
      </trkpt>
      <trkpt lat="36.14279966801405" lon="137.25098960101604">
        <ele>570.65</ele>
      </trkpt>
      <trkpt lat="36.14280612207949" lon="137.25132999010384">
        <ele>570.95</ele>
      </trkpt>
      <trkpt lat="36.14280838519335" lon="137.25164582021534">
        <ele>571.21</ele>
      </trkpt>
      <trkpt lat="36.14281056448817" lon="137.25196173414588">
        <ele>571.39</ele>
      </trkpt>
      <trkpt lat="36.142812743783" lon="137.25227756425738">
        <ele>571.58</ele>
      </trkpt>
      <trkpt lat="36.14281492307782" lon="137.25259096361697">
        <ele>571.8</ele>
      </trkpt>
      <trkpt lat="36.14280737936497" lon="137.25295146927238">
        <ele>572.03</ele>
      </trkpt>
      <trkpt lat="36.14279983565211" lon="137.25331205874681">
        <ele>572.24</ele>
      </trkpt>
      <trkpt lat="36.14279229193926" lon="137.25367256440222">
        <ele>572.34</ele>
      </trkpt>
      <trkpt lat="36.142784748226404" lon="137.25403315387666">
        <ele>572.44</ele>
      </trkpt>
      <trkpt lat="36.14277728833258" lon="137.2543900553137">
        <ele>572.46</ele>
      </trkpt>
      <trkpt lat="36.142767146229744" lon="137.2546878643334">
        <ele>572.47</ele>
      </trkpt>
      <trkpt lat="36.14275708794594" lon="137.25498567335308">
        <ele>572.51</ele>
      </trkpt>
      <trkpt lat="36.1427469458431" lon="137.25528348237276">
        <ele>572.55</ele>
      </trkpt>
      <trkpt lat="36.142736971378326" lon="137.25557894445956">
        <ele>572.59</ele>
      </trkpt>
      <trkpt lat="36.14275733940303" lon="137.25594632327557">
        <ele>572.57</ele>
      </trkpt>
      <trkpt lat="36.14277770742774" lon="137.2563137859106">
        <ele>572.52</ele>
      </trkpt>
      <trkpt lat="36.142797991633415" lon="137.2566789854318">
        <ele>572.5</ele>
      </trkpt>
      <trkpt lat="36.14286571741104" lon="137.25698685273528">
        <ele>572.49</ele>
      </trkpt>
      <trkpt lat="36.1429335270077" lon="137.25729463621974">
        <ele>572.43</ele>
      </trkpt>
      <trkpt lat="36.1430009175092" lon="137.25760099478066">
        <ele>572.25</ele>
      </trkpt>
      <trkpt lat="36.143219685181975" lon="137.2575196903199">
        <ele>572.09</ele>
      </trkpt>
      <trkpt lat="36.14343845285475" lon="137.25743838585913">
        <ele>571.88</ele>
      </trkpt>
      <trkpt lat="36.14365856163204" lon="137.2573566623032">
        <ele>571.71</ele>
      </trkpt>
      <trkpt lat="36.14393432624638" lon="137.25727510638535">
        <ele>571.57</ele>
      </trkpt>
      <trkpt lat="36.144210090860724" lon="137.2571935504675">
        <ele>571.49</ele>
      </trkpt>
      <trkpt lat="36.1444859392941" lon="137.25711199454963">
        <ele>571.37</ele>
      </trkpt>
      <trkpt lat="36.14476170390844" lon="137.25703035481274">
        <ele>571.15</ele>
      </trkpt>
      <trkpt lat="36.14503746852279" lon="137.25694879889488">
        <ele>570.97</ele>
      </trkpt>
      <trkpt lat="36.14531323313713" lon="137.25686724297702">
        <ele>570.8</ele>
      </trkpt>
      <trkpt lat="36.145589081570506" lon="137.25678568705916">
        <ele>570.67</ele>
      </trkpt>
      <trkpt lat="36.14586484618485" lon="137.2567041311413">
        <ele>570.52</ele>
      </trkpt>
      <trkpt lat="36.14614597521722" lon="137.25662098266184">
        <ele>570.37</ele>
      </trkpt>
      <trkpt lat="36.146197859197855" lon="137.25689691491425">
        <ele>570.23</ele>
      </trkpt>
      <trkpt lat="36.14624957554042" lon="137.25717184133828">
        <ele>570.1</ele>
      </trkpt>
      <trkpt lat="36.146247731521726" lon="137.25746545940638">
        <ele>570.03</ele>
      </trkpt>
      <trkpt lat="36.14624597132206" lon="137.25775798782706">
        <ele>570.03</ele>
      </trkpt>
      <trkpt lat="36.14620842039585" lon="137.25802092812955">
        <ele>570.08</ele>
      </trkpt>
      <trkpt lat="36.146170953288674" lon="137.2582829464227">
        <ele>570.13</ele>
      </trkpt>
      <trkpt lat="36.14597045816481" lon="137.25829895585775">
        <ele>570.2</ele>
      </trkpt>
      <trkpt lat="36.14576895721257" lon="137.2583149652928">
        <ele>570.32</ele>
      </trkpt>
      <trkpt lat="36.14549059420824" lon="137.25836978293955">
        <ele>570.49</ele>
      </trkpt>
      <trkpt lat="36.145212231203914" lon="137.25842468440533">
        <ele>570.61</ele>
      </trkpt>
      <trkpt lat="36.14493395201862" lon="137.25847950205207">
        <ele>570.78</ele>
      </trkpt>
      <trkpt lat="36.14465558901429" lon="137.25853440351784">
        <ele>570.97</ele>
      </trkpt>
      <trkpt lat="36.14437404088676" lon="137.25858989171684">
        <ele>571.19</ele>
      </trkpt>
      <trkpt lat="36.14415368065238" lon="137.2586418595165">
        <ele>571.48</ele>
      </trkpt>
      <trkpt lat="36.14393223077059" lon="137.2586941625923">
        <ele>571.79</ele>
      </trkpt>
      <trkpt lat="36.14372570067644" lon="137.25875509902835">
        <ele>572.11</ele>
      </trkpt>
      <trkpt lat="36.143518248572946" lon="137.25881637074053">
        <ele>572.41</ele>
      </trkpt>
      <trkpt lat="36.14329168573022" lon="137.2588921431452">
        <ele>572.76</ele>
      </trkpt>
      <trkpt lat="36.14306411705911" lon="137.258968250826">
        <ele>573.08</ele>
      </trkpt>
      <trkpt lat="36.14280863665044" lon="137.25906933657825">
        <ele>573.38</ele>
      </trkpt>
      <trkpt lat="36.142553156241775" lon="137.2591704223305">
        <ele>573.68</ele>
      </trkpt>
      <trkpt lat="36.142297592014074" lon="137.25927150808275">
        <ele>574.04</ele>
      </trkpt>
      <trkpt lat="36.142040099948645" lon="137.25937334820628">
        <ele>574.49</ele>
      </trkpt>
      <trkpt lat="36.14182434976101" lon="137.25945599377155">
        <ele>574.91</ele>
      </trkpt>
      <trkpt lat="36.141608683392406" lon="137.25953872315586">
        <ele>575.27</ele>
      </trkpt>
      <trkpt lat="36.141391759738326" lon="137.25962187163532">
        <ele>575.62</ele>
      </trkpt>
      <trkpt lat="36.14112664014101" lon="137.25961910560727">
        <ele>575.91</ele>
      </trkpt>
      <trkpt lat="36.140861520543694" lon="137.25961633957922">
        <ele>576.23</ele>
      </trkpt>
      <trkpt lat="36.14059640094638" lon="137.25961357355118">
        <ele>576.56</ele>
      </trkpt>
      <trkpt lat="36.14033128134906" lon="137.2596107237041">
        <ele>576.9</ele>
      </trkpt>
      <trkpt lat="36.14006297662854" lon="137.25960795767605">
        <ele>577.27</ele>
      </trkpt>
      <trkpt lat="36.14002198912203" lon="137.25996997207403">
        <ele>577.75</ele>
      </trkpt>
      <trkpt lat="36.13995786756277" lon="137.2603277117014">
        <ele>578.19</ele>
      </trkpt>
      <trkpt lat="36.139894081279635" lon="137.2606842778623">
        <ele>578.69</ele>
      </trkpt>
      <trkpt lat="36.13991579040885" lon="137.2607936616987">
        <ele>579.1</ele>
      </trkpt>
      <trkpt lat="36.14007261581719" lon="137.26086021400988">
        <ele>579.46</ele>
      </trkpt>
      <trkpt lat="36.140230195596814" lon="137.26092701777816">
        <ele>579.8</ele>
      </trkpt>
      <trkpt lat="36.14041082561016" lon="137.26112357340753">
        <ele>580.15</ele>
      </trkpt>
      <trkpt lat="36.14051786251366" lon="137.2612690832466">
        <ele>580.51</ele>
      </trkpt>
      <trkpt lat="36.1405935510993" lon="137.26141199469566">
        <ele>580.86</ele>
      </trkpt>
      <trkpt lat="36.14063026383519" lon="137.2615468595177">
        <ele>581.22</ele>
      </trkpt>
      <trkpt lat="36.14065649919212" lon="137.261732686311">
        <ele>581.61</ele>
      </trkpt>
      <trkpt lat="36.140669574961066" lon="137.26188766770065">
        <ele>582.0</ele>
      </trkpt>
      <trkpt lat="36.14066588692367" lon="137.26216879673302">
        <ele>582.42</ele>
      </trkpt>
      <trkpt lat="36.140869315713644" lon="137.26224104873836">
        <ele>582.7</ele>
      </trkpt>
      <trkpt lat="36.141072660684586" lon="137.2623133007437">
        <ele>582.99</ele>
      </trkpt>
      <trkpt lat="36.141277346760035" lon="137.26238605566323">
        <ele>583.3</ele>
      </trkpt>
      <trkpt lat="36.14152234978974" lon="137.26248714141548">
        <ele>583.58</ele>
      </trkpt>
      <trkpt lat="36.14176835864782" lon="137.26258864626288">
        <ele>583.87</ele>
      </trkpt>
      <trkpt lat="36.14179459400475" lon="137.26260809227824">
        <ele>584.16</ele>
      </trkpt>
      <trkpt lat="36.1420217435807" lon="137.26251446641982">
        <ele>584.42</ele>
      </trkpt>
      <trkpt lat="36.14224889315665" lon="137.2624208405614">
        <ele>584.67</ele>
      </trkpt>
      <trkpt lat="36.142476042732596" lon="137.262327298522">
        <ele>584.89</ele>
      </trkpt>
      <trkpt lat="36.14270495250821" lon="137.26223291829228">
        <ele>585.12</ele>
      </trkpt>
      <trkpt lat="36.14294190891087" lon="137.26213694550097">
        <ele>585.36</ele>
      </trkpt>
      <trkpt lat="36.14317894913256" lon="137.26204088889062">
        <ele>585.61</ele>
      </trkpt>
      <trkpt lat="36.14341590553522" lon="137.26194483228028">
        <ele>585.9</ele>
      </trkpt>
      <trkpt lat="36.14365478977561" lon="137.26184802129865">
        <ele>586.19</ele>
      </trkpt>
      <trkpt lat="36.143925189971924" lon="137.26174249313772">
        <ele>586.48</ele>
      </trkpt>
      <trkpt lat="36.14419667981565" lon="137.2616364620626">
        <ele>586.76</ele>
      </trkpt>
      <trkpt lat="36.14427722990513" lon="137.2619570698589">
        <ele>587.06</ele>
      </trkpt>
      <trkpt lat="36.14435777999461" lon="137.26227776147425">
        <ele>587.32</ele>
      </trkpt>
      <trkpt lat="36.144438330084085" lon="137.26259836927056">
        <ele>587.56</ele>
      </trkpt>
      <trkpt lat="36.144518880173564" lon="137.26291897706687">
        <ele>587.85</ele>
      </trkpt>
      <trkpt lat="36.144599514082074" lon="137.2632395848632">
        <ele>588.19</ele>
      </trkpt>
      <trkpt lat="36.144679225981236" lon="137.26355717517436">
        <ele>588.59</ele>
      </trkpt>
      <trkpt lat="36.14468576386571" lon="137.26373847573996">
        <ele>588.93</ele>
      </trkpt>
      <trkpt lat="36.144584426656365" lon="137.26390711963177">
        <ele>589.23</ele>
      </trkpt>
      <trkpt lat="36.14459884352982" lon="137.26396076381207">
        <ele>589.54</ele>
      </trkpt>
      <trkpt lat="36.144815096631646" lon="137.2639566566795">
        <ele>589.89</ele>
      </trkpt>
      <trkpt lat="36.145001258701086" lon="137.26381349377334">
        <ele>590.19</ele>
      </trkpt>
      <trkpt lat="36.145187923684716" lon="137.26366999559104">
        <ele>590.45</ele>
      </trkpt>
      <trkpt lat="36.14542253315449" lon="137.2635221388191">
        <ele>590.59</ele>
      </trkpt>
      <trkpt lat="36.14551196806133" lon="137.26349498145282">
        <ele>590.77</ele>
      </trkpt>
      <trkpt lat="36.1456654407084" lon="137.26353898644447">
        <ele>590.99</ele>
      </trkpt>
      <trkpt lat="36.14592234604061" lon="137.26366362534463">
        <ele>591.29</ele>
      </trkpt>
      <trkpt lat="36.14618017338216" lon="137.26378868333995">
        <ele>591.61</ele>
      </trkpt>
      <trkpt lat="36.14637899212539" lon="137.26388172246516">
        <ele>591.86</ele>
      </trkpt>
      <trkpt lat="36.146478820592165" lon="137.2639370430261">
        <ele>591.99</ele>
      </trkpt>
      <trkpt lat="36.146561466157436" lon="137.2640084568411">
        <ele>592.04</ele>
      </trkpt>
      <trkpt lat="36.14670136012137" lon="137.2641632705927">
        <ele>592.0</ele>
      </trkpt>
      <trkpt lat="36.146841337904334" lon="137.2643181681633">
        <ele>591.85</ele>
      </trkpt>
      <trkpt lat="36.14694577641785" lon="137.26454582065344">
        <ele>591.49</ele>
      </trkpt>
      <trkpt lat="36.147050047293305" lon="137.26477305404842">
        <ele>591.03</ele>
      </trkpt>
      <trkpt lat="36.147079383954406" lon="137.2649315558374">
        <ele>590.51</ele>
      </trkpt>
      <trkpt lat="36.14709874615073" lon="137.2652069851756">
        <ele>589.86</ele>
      </trkpt>
      <trkpt lat="36.14716898649931" lon="137.2654160298407">
        <ele>589.13</ele>
      </trkpt>
      <trkpt lat="36.14729513414204" lon="137.2655719332397">
        <ele>588.33</ele>
      </trkpt>
      <trkpt lat="36.14750032313168" lon="137.26564049720764">
        <ele>587.49</ele>
      </trkpt>
      <trkpt lat="36.14770559594035" lon="137.26570897735655">
        <ele>586.62</ele>
      </trkpt>
      <trkpt lat="36.14791204221547" lon="137.26577796041965">
        <ele>585.73</ele>
      </trkpt>
      <trkpt lat="36.148131396621466" lon="137.2658367175609">
        <ele>584.84</ele>
      </trkpt>
      <trkpt lat="36.14821907132864" lon="137.2657500486821">
        <ele>583.93</ele>
      </trkpt>
      <trkpt lat="36.148254023864865" lon="137.26580922491848">
        <ele>583.02</ele>
      </trkpt>
      <trkpt lat="36.148425936698914" lon="137.26572666317225">
        <ele>582.14</ele>
      </trkpt>
      <trkpt lat="36.14858276210725" lon="137.26570579223335">
        <ele>581.23</ele>
      </trkpt>
      <trkpt lat="36.14876548759639" lon="137.26570772007108">
        <ele>580.27</ele>
      </trkpt>
      <trkpt lat="36.14894913509488" lon="137.2657096479088">
        <ele>579.26</ele>
      </trkpt>
      <trkpt lat="36.14911953918636" lon="137.26570763625205">
        <ele>578.22</ele>
      </trkpt>
      <trkpt lat="36.14929069764912" lon="137.26570554077625">
        <ele>577.17</ele>
      </trkpt>
      <trkpt lat="36.14945389330387" lon="137.26570076309144">
        <ele>576.13</ele>
      </trkpt>
      <trkpt lat="36.14961792714894" lon="137.26569598540664">
        <ele>575.09</ele>
      </trkpt>
      <trkpt lat="36.149905594065785" lon="137.26568358018994">
        <ele>574.08</ele>
      </trkpt>
      <trkpt lat="36.15019468590617" lon="137.26567117497325">
        <ele>573.15</ele>
      </trkpt>
      <trkpt lat="36.15038872696459" lon="137.26565935648978">
        <ele>572.28</ele>
      </trkpt>
      <trkpt lat="36.15043021738529" lon="137.2656945604831">
        <ele>571.48</ele>
      </trkpt>
      <trkpt lat="36.150459218770266" lon="137.26574284024537">
        <ele>570.72</ele>
      </trkpt>
      <trkpt lat="36.15046642720699" lon="137.26600703783333">
        <ele>570.02</ele>
      </trkpt>
      <trkpt lat="36.15047254599631" lon="137.26635430008173">
        <ele>569.32</ele>
      </trkpt>
      <trkpt lat="36.15047866478562" lon="137.2667001374066">
        <ele>568.64</ele>
      </trkpt>
      <trkpt lat="36.150489477440715" lon="137.26704941131175">
        <ele>568.07</ele>
      </trkpt>
      <trkpt lat="36.15050037391484" lon="137.26739860139787">
        <ele>567.61</ele>
      </trkpt>
      <trkpt lat="36.15051118656993" lon="137.26774577982724">
        <ele>567.19</ele>
      </trkpt>
      <trkpt lat="36.150544630363584" lon="137.26804970763624">
        <ele>566.83</ele>
      </trkpt>
      <trkpt lat="36.15057807415724" lon="137.26835363544524">
        <ele>566.59</ele>
      </trkpt>
      <trkpt lat="36.15061135031283" lon="137.2686558868736">
        <ele>566.43</ele>
      </trkpt>
      <trkpt lat="36.15063088014722" lon="137.26893399842083">
        <ele>566.29</ele>
      </trkpt>
      <trkpt lat="36.15063297562301" lon="137.26919056847692">
        <ele>566.16</ele>
      </trkpt>
      <trkpt lat="36.1506337299943" lon="137.2695089969784">
        <ele>566.08</ele>
      </trkpt>
      <trkpt lat="36.150634568184614" lon="137.26982734166086">
        <ele>566.06</ele>
      </trkpt>
      <trkpt lat="36.1506353225559" lon="137.27014384232461">
        <ele>566.12</ele>
      </trkpt>
      <trkpt lat="36.150635071098804" lon="137.27051784284413">
        <ele>566.23</ele>
      </trkpt>
      <trkpt lat="36.15063473582268" lon="137.2708917595446">
        <ele>566.37</ele>
      </trkpt>
      <trkpt lat="36.15063448436558" lon="137.2712656762451">
        <ele>566.55</ele>
      </trkpt>
      <trkpt lat="36.150634149089456" lon="137.27163665927947">
        <ele>566.76</ele>
      </trkpt>
      <trkpt lat="36.150634149089456" lon="137.27200177498162">
        <ele>567.03</ele>
      </trkpt>
      <trkpt lat="36.150634149089456" lon="137.27236689068377">
        <ele>567.33</ele>
      </trkpt>
      <trkpt lat="36.150634149089456" lon="137.2727298270911">
        <ele>567.65</ele>
      </trkpt>
      <trkpt lat="36.15062752738595" lon="137.2730504348874">
        <ele>568.02</ele>
      </trkpt>
      <trkpt lat="36.150620989501476" lon="137.27336978539824">
        <ele>568.43</ele>
      </trkpt>
      <trkpt lat="36.15072132088244" lon="137.27338403463364">
        <ele>568.79</ele>
      </trkpt>
      <trkpt lat="36.150718219578266" lon="137.2736514173448">
        <ele>569.23</ele>
      </trkpt>
      <trkpt lat="36.15068376995623" lon="137.27397495880723">
        <ele>569.66</ele>
      </trkpt>
      <trkpt lat="36.15058268420398" lon="137.27424016222358">
        <ele>570.11</ele>
      </trkpt>
      <trkpt lat="36.1504022218287" lon="137.2745203692466">
        <ele>570.61</ele>
      </trkpt>
      <trkpt lat="36.15035402588546" lon="137.27460083551705">
        <ele>571.09</ele>
      </trkpt>
      <trkpt lat="36.15016618743539" lon="137.2748802881688">
        <ele>571.57</ele>
      </trkpt>
      <trkpt lat="36.149978348985314" lon="137.2751596570015">
        <ele>572.12</ele>
      </trkpt>
      <trkpt lat="36.14979059435427" lon="137.27543885819614">
        <ele>572.66</ele>
      </trkpt>
      <trkpt lat="36.1496907658875" lon="137.27567095309496">
        <ele>573.14</ele>
      </trkpt>
      <trkpt lat="36.14965572953224" lon="137.2759189736098">
        <ele>573.61</ele>
      </trkpt>
      <trkpt lat="36.14962077699602" lon="137.2761660721153">
        <ele>574.11</ele>
      </trkpt>
      <trkpt lat="36.149568390101194" lon="137.27640193887055">
        <ele>574.61</ele>
      </trkpt>
      <trkpt lat="36.149516170844436" lon="137.27663696743548">
        <ele>575.11</ele>
      </trkpt>
      <trkpt lat="36.14946227520704" lon="137.27696411311626">
        <ele>575.62</ele>
      </trkpt>
      <trkpt lat="36.149408631026745" lon="137.2772900853306">
        <ele>576.07</ele>
      </trkpt>
      <trkpt lat="36.149384658783674" lon="137.2775096911937">
        <ele>576.48</ele>
      </trkpt>
      <trkpt lat="36.149360770359635" lon="137.2777285426855">
        <ele>576.85</ele>
      </trkpt>
      <trkpt lat="36.14936152473092" lon="137.2779613919556">
        <ele>577.23</ele>
      </trkpt>
      <trkpt lat="36.149362279102206" lon="137.27819331921637">
        <ele>577.65</ele>
      </trkpt>
      <trkpt lat="36.149384155869484" lon="137.2784854285419">
        <ele>578.09</ele>
      </trkpt>
      <trkpt lat="36.14942925050855" lon="137.27869011461735">
        <ele>578.51</ele>
      </trkpt>
      <trkpt lat="36.149474177509546" lon="137.2788940463215">
        <ele>578.9</ele>
      </trkpt>
      <trkpt lat="36.14954098127782" lon="137.27908389642835">
        <ele>579.24</ele>
      </trkpt>
      <trkpt lat="36.149607533589005" lon="137.279273243621">
        <ele>579.54</ele>
      </trkpt>
      <trkpt lat="36.14975002594292" lon="137.27960927411914">
        <ele>579.8</ele>
      </trkpt>
      <trkpt lat="36.14964491687715" lon="137.27966912090778">
        <ele>580.09</ele>
      </trkpt>
      <trkpt lat="36.14966696128249" lon="137.27972268126905">
        <ele>580.35</ele>
      </trkpt>
      <trkpt lat="36.14977768622339" lon="137.2799828555435">
        <ele>580.64</ele>
      </trkpt>
      <trkpt lat="36.14988824352622" lon="137.28024252690375">
        <ele>580.99</ele>
      </trkpt>
      <trkpt lat="36.14995563402772" lon="137.2803240828216">
        <ele>581.14</ele>
      </trkpt>
      <trkpt lat="36.15002076141536" lon="137.28047269396484">
        <ele>581.29</ele>
      </trkpt>
      <trkpt lat="36.15014146082103" lon="137.2807643841952">
        <ele>581.4</ele>
      </trkpt>
      <trkpt lat="36.1502621602267" lon="137.28105607442558">
        <ele>581.47</ele>
      </trkpt>
      <trkpt lat="36.150382440537214" lon="137.2813468426466">
        <ele>581.55</ele>
      </trkpt>
      <trkpt lat="36.15044807083905" lon="137.28170776739717">
        <ele>581.61</ele>
      </trkpt>
      <trkpt lat="36.15048084408045" lon="137.28199308738112">
        <ele>581.71</ele>
      </trkpt>
      <trkpt lat="36.15051361732185" lon="137.28227849118412">
        <ele>581.8</ele>
      </trkpt>
      <trkpt lat="36.150546139106154" lon="137.28256213478744">
        <ele>581.83</ele>
      </trkpt>
      <trkpt lat="36.15056055597961" lon="137.2827052976936">
        <ele>581.83</ele>
      </trkpt>
      <trkpt lat="36.150471372529864" lon="137.2829528991133">
        <ele>581.84</ele>
      </trkpt>
      <trkpt lat="36.150382440537214" lon="137.2831999976188">
        <ele>581.84</ele>
      </trkpt>
      <trkpt lat="36.150257382541895" lon="137.28337668813765">
        <ele>581.83</ele>
      </trkpt>
      <trkpt lat="36.150132240727544" lon="137.28355346247554">
        <ele>581.86</ele>
      </trkpt>
      <trkpt lat="36.15004858933389" lon="137.28368296287954">
        <ele>581.9</ele>
      </trkpt>
      <trkpt lat="36.149998465552926" lon="137.28373736143112">
        <ele>581.85</ele>
      </trkpt>
      <trkpt lat="36.149946581572294" lon="137.28381305001676">
        <ele>581.76</ele>
      </trkpt>
      <trkpt lat="36.149855218827724" lon="137.28392075747252">
        <ele>581.76</ele>
      </trkpt>
      <trkpt lat="36.14977433346212" lon="137.28407842107117">
        <ele>581.69</ele>
      </trkpt>
      <trkpt lat="36.14971809089184" lon="137.2841284610331">
        <ele>581.63</ele>
      </trkpt>
      <trkpt lat="36.14963477477431" lon="137.28420523926616">
        <ele>581.58</ele>
      </trkpt>
      <trkpt lat="36.149450121447444" lon="137.2843588795513">
        <ele>581.41</ele>
      </trkpt>
      <trkpt lat="36.14929455332458" lon="137.2844553552568">
        <ele>581.32</ele>
      </trkpt>
      <trkpt lat="36.14910637959838" lon="137.28451159782708">
        <ele>581.26</ele>
      </trkpt>
      <trkpt lat="36.14894025027752" lon="137.28456968441606">
        <ele>581.26</ele>
      </trkpt>
      <trkpt lat="36.14873891696334" lon="137.28464956395328">
        <ele>581.31</ele>
      </trkpt>
      <trkpt lat="36.14853674545884" lon="137.28472986258566">
        <ele>581.44</ele>
      </trkpt>
      <trkpt lat="36.14839752204716" lon="137.28486942127347">
        <ele>581.55</ele>
      </trkpt>
      <trkpt lat="36.14823809824884" lon="137.2850602772087">
        <ele>581.68</ele>
      </trkpt>
      <trkpt lat="36.14806325174868" lon="137.28528826497495">
        <ele>581.78</ele>
      </trkpt>
      <trkpt lat="36.147914389148355" lon="137.28551625274122">
        <ele>581.85</ele>
      </trkpt>
      <trkpt lat="36.14777013659477" lon="137.2857506107539">
        <ele>581.95</ele>
      </trkpt>
      <trkpt lat="36.14762596786022" lon="137.28598471730947">
        <ele>582.09</ele>
      </trkpt>
      <trkpt lat="36.14746218547225" lon="137.28622837923467">
        <ele>582.28</ele>
      </trkpt>
      <trkpt lat="36.14729857072234" lon="137.28647195734084">
        <ele>582.49</ele>
      </trkpt>
      <trkpt lat="36.14715130068362" lon="137.28672089986503">
        <ele>582.73</ele>
      </trkpt>
      <trkpt lat="36.14700428210199" lon="137.28696967475116">
        <ele>582.99</ele>
      </trkpt>
      <trkpt lat="36.146884923800826" lon="137.287312829867">
        <ele>583.21</ele>
      </trkpt>
      <trkpt lat="36.14676598459482" lon="137.28765514679253">
        <ele>583.49</ele>
      </trkpt>
      <trkpt lat="36.14672742784023" lon="137.28776536881924">
        <ele>583.77</ele>
      </trkpt>
      <trkpt lat="36.14658468402922" lon="137.28803727775812">
        <ele>584.05</ele>
      </trkpt>
      <trkpt lat="36.14644185639918" lon="137.288309186697">
        <ele>584.41</ele>
      </trkpt>
      <trkpt lat="36.146299028769135" lon="137.28858117945492">
        <ele>584.75</ele>
      </trkpt>
      <trkpt lat="36.146156284958124" lon="137.2888530883938">
        <ele>585.02</ele>
      </trkpt>
      <trkpt lat="36.14601396024227" lon="137.28912407532334">
        <ele>585.26</ele>
      </trkpt>
      <trkpt lat="36.1458485852927" lon="137.28944602422416">
        <ele>585.62</ele>
      </trkpt>
      <trkpt lat="36.14568346180022" lon="137.28976755402982">
        <ele>585.94</ele>
      </trkpt>
      <trkpt lat="36.14557567052543" lon="137.2900404687971">
        <ele>586.16</ele>
      </trkpt>
      <trkpt lat="36.14546804688871" lon="137.29031279683113">
        <ele>586.34</ele>
      </trkpt>
      <trkpt lat="36.145351622253656" lon="137.29055067524314">
        <ele>586.69</ele>
      </trkpt>
      <trkpt lat="36.1452354490757" lon="137.29078813456">
        <ele>586.89</ele>
      </trkpt>
      <trkpt lat="36.145173758268356" lon="137.29097681120038">
        <ele>587.19</ele>
      </trkpt>
      <trkpt lat="36.14511223509908" lon="137.29116498492658">
        <ele>587.55</ele>
      </trkpt>
      <trkpt lat="36.14504652097821" lon="137.29139305651188">
        <ele>587.84</ele>
      </trkpt>
      <trkpt lat="36.144970916211605" lon="137.29154015891254">
        <ele>588.06</ele>
      </trkpt>
      <trkpt lat="36.14489656873047" lon="137.29165012948215">
        <ele>588.25</ele>
      </trkpt>
      <trkpt lat="36.1446344666183" lon="137.29181558825076">
        <ele>588.45</ele>
      </trkpt>
      <trkpt lat="36.14443791098893" lon="137.2919375449419">
        <ele>588.6</ele>
      </trkpt>
      <trkpt lat="36.144241355359554" lon="137.29205950163305">
        <ele>588.74</ele>
      </trkpt>
      <trkpt lat="36.14404387772083" lon="137.29218204505742">
        <ele>588.94</ele>
      </trkpt>
      <trkpt lat="36.14382569678128" lon="137.29231188073754">
        <ele>589.21</ele>
      </trkpt>
      <trkpt lat="36.14369586110115" lon="137.29239377193153">
        <ele>589.43</ele>
      </trkpt>
      <trkpt lat="36.14359796047211" lon="137.29250902310014">
        <ele>589.64</ele>
      </trkpt>
      <trkpt lat="36.143506430089474" lon="137.29271287098527">
        <ele>589.78</ele>
      </trkpt>
      <trkpt lat="36.143452282994986" lon="137.29295921511948">
        <ele>589.96</ele>
      </trkpt>
      <trkpt lat="36.14339821971953" lon="137.29320463724434">
        <ele>590.15</ele>
      </trkpt>
      <trkpt lat="36.14333803765476" lon="137.29354142211378">
        <ele>590.43</ele>
      </trkpt>
      <trkpt lat="36.143277855589986" lon="137.2938782069832">
        <ele>590.72</ele>
      </trkpt>
      <trkpt lat="36.143217673525214" lon="137.29421499185264">
        <ele>590.92</ele>
      </trkpt>
      <trkpt lat="36.14315740764141" lon="137.29455177672207">
        <ele>591.17</ele>
      </trkpt>
      <trkpt lat="36.14309722557664" lon="137.2948885615915">
        <ele>591.41</ele>
      </trkpt>
      <trkpt lat="36.14303763024509" lon="137.29522165842354">
        <ele>591.67</ele>
      </trkpt>
      <trkpt lat="36.14296889863908" lon="137.29558752849698">
        <ele>591.95</ele>
      </trkpt>
      <trkpt lat="36.14290041849017" lon="137.2959520574659">
        <ele>592.28</ele>
      </trkpt>
      <trkpt lat="36.14285197108984" lon="137.2962519619614">
        <ele>592.58</ele>
      </trkpt>
      <trkpt lat="36.14280343987048" lon="137.2965519502759">
        <ele>592.88</ele>
      </trkpt>
      <trkpt lat="36.14275490865111" lon="137.29685185477138">
        <ele>593.17</ele>
      </trkpt>
      <trkpt lat="36.14270679652691" lon="137.29714957997203">
        <ele>593.46</ele>
      </trkpt>
      <trkpt lat="36.142643596976995" lon="137.29749768041074">
        <ele>593.77</ele>
      </trkpt>
      <trkpt lat="36.14258039742708" lon="137.29784578084946">
        <ele>594.11</ele>
      </trkpt>
      <trkpt lat="36.1425172816962" lon="137.2981939651072">
        <ele>594.48</ele>
      </trkpt>
      <trkpt lat="36.14245408214629" lon="137.29854206554592">
        <ele>594.87</ele>
      </trkpt>
      <trkpt lat="36.142391469329596" lon="137.29888706468046">
        <ele>595.34</ele>
      </trkpt>
      <trkpt lat="36.14232860505581" lon="137.29922820813954">
        <ele>595.88</ele>
      </trkpt>
      <trkpt lat="36.142265824601054" lon="137.29956935159862">
        <ele>596.35</ele>
      </trkpt>
      <trkpt lat="36.14220296032727" lon="137.29991041123867">
        <ele>596.9</ele>
      </trkpt>
      <trkpt lat="36.14214009605348" lon="137.30025155469775">
        <ele>597.48</ele>
      </trkpt>
      <trkpt lat="36.14207781851292" lon="137.3005896806717">
        <ele>598.02</ele>
      </trkpt>
      <trkpt lat="36.142058623954654" lon="137.30072379112244">
        <ele>598.55</ele>
      </trkpt>
      <trkpt lat="36.14216951653361" lon="137.3010439798236">
        <ele>599.03</ele>
      </trkpt>
      <trkpt lat="36.14228032529354" lon="137.30136416852474">
        <ele>599.61</ele>
      </trkpt>
      <trkpt lat="36.14239079877734" lon="137.30168309994042">
        <ele>600.23</ele>
      </trkpt>
      <trkpt lat="36.142474953085184" lon="137.3019632231444">
        <ele>600.87</ele>
      </trkpt>
      <trkpt lat="36.14252306520939" lon="137.30227913707495">
        <ele>601.53</ele>
      </trkpt>
      <trkpt lat="36.14251828752458" lon="137.30253847315907">
        <ele>602.21</ele>
      </trkpt>
      <trkpt lat="36.14248811267316" lon="137.3027533851564">
        <ele>602.88</ele>
      </trkpt>
      <trkpt lat="36.14245818927884" lon="137.30296754278243">
        <ele>603.59</ele>
      </trkpt>
      <trkpt lat="36.14248693920672" lon="137.30299134738743">
        <ele>604.25</ele>
      </trkpt>
      <trkpt lat="36.142730601131916" lon="137.30311078950763">
        <ele>604.93</ele>
      </trkpt>
      <trkpt lat="36.14297518506646" lon="137.30323065072298">
        <ele>605.84</ele>
      </trkpt>
      <trkpt lat="36.143059423193336" lon="137.3032420501113">
        <ele>606.63</ele>
      </trkpt>
      <trkpt lat="36.142969988286495" lon="137.30359735898674">
        <ele>607.19</ele>
      </trkpt>
      <trkpt lat="36.14288046956062" lon="137.30395258404315">
        <ele>607.75</ele>
      </trkpt>
      <trkpt lat="36.14279103465378" lon="137.30430780909956">
        <ele>608.32</ele>
      </trkpt>
      <trkpt lat="36.14270151592791" lon="137.304663117975">
        <ele>608.9</ele>
      </trkpt>
      <trkpt lat="36.14261199720204" lon="137.3050183430314">
        <ele>609.45</ele>
      </trkpt>
      <trkpt lat="36.1425225622952" lon="137.30537365190685">
        <ele>609.99</ele>
      </trkpt>
      <trkpt lat="36.14243404939771" lon="137.30572485364974">
        <ele>610.59</ele>
      </trkpt>
      <trkpt lat="36.14239071495831" lon="137.30592249892652">
        <ele>611.16</ele>
      </trkpt>
      <trkpt lat="36.142347464337945" lon="137.30611947365105">
        <ele>611.69</ele>
      </trkpt>
      <trkpt lat="36.142340172082186" lon="137.3063611239195">
        <ele>612.2</ele>
      </trkpt>
      <trkpt lat="36.14235391840339" lon="137.3065318632871">
        <ele>612.75</ele>
      </trkpt>
      <trkpt lat="36.14240010268986" lon="137.30682556517422">
        <ele>613.38</ele>
      </trkpt>
      <trkpt lat="36.14244603551924" lon="137.30711817741394">
        <ele>613.99</ele>
      </trkpt>
      <trkpt lat="36.142455423250794" lon="137.30719747021794">
        <ele>614.45</ele>
      </trkpt>
      <trkpt lat="36.14245818927884" lon="137.307448675856">
        <ele>614.95</ele>
      </trkpt>
      <trkpt lat="36.14241074770689" lon="137.3077338282019">
        <ele>615.43</ele>
      </trkpt>
      <trkpt lat="36.14235467277467" lon="137.30793859809637">
        <ele>615.85</ele>
      </trkpt>
      <trkpt lat="36.14223866723478" lon="137.30826524086297">
        <ele>616.17</ele>
      </trkpt>
      <trkpt lat="36.142122745513916" lon="137.3085919674486">
        <ele>616.4</ele>
      </trkpt>
      <trkpt lat="36.14200673997402" lon="137.30891869403422">
        <ele>616.59</ele>
      </trkpt>
      <trkpt lat="36.14189132116735" lon="137.30924366042018">
        <ele>616.65</ele>
      </trkpt>
      <trkpt lat="36.141763078048825" lon="137.30953803285956">
        <ele>616.76</ele>
      </trkpt>
      <trkpt lat="36.14165587350726" lon="137.3096946068108">
        <ele>616.89</ele>
      </trkpt>
      <trkpt lat="36.1415486689657" lon="137.30985109694302">
        <ele>617.02</ele>
      </trkpt>
      <trkpt lat="36.141372146084905" lon="137.31007715687156">
        <ele>617.18</ele>
      </trkpt>
      <trkpt lat="36.14119562320411" lon="137.3103032168001">
        <ele>617.32</ele>
      </trkpt>
      <trkpt lat="36.14101918414235" lon="137.31052936054766">
        <ele>617.36</ele>
      </trkpt>
      <trkpt lat="36.14084266126156" lon="137.3107554204762">
        <ele>617.13</ele>
      </trkpt>
      <trkpt lat="36.140666054561734" lon="137.3109816480428">
        <ele>616.87</ele>
      </trkpt>
      <trkpt lat="36.140484837815166" lon="137.3112202808261">
        <ele>616.65</ele>
      </trkpt>
      <trkpt lat="36.14023866131902" lon="137.31143737211823">
        <ele>616.48</ele>
      </trkpt>
      <trkpt lat="36.14005761221051" lon="137.31156636960804">
        <ele>616.33</ele>
      </trkpt>
      <trkpt lat="36.13987614400685" lon="137.31169561855495">
        <ele>616.2</ele>
      </trkpt>
      <trkpt lat="36.139669278636575" lon="137.31182453222573">
        <ele>616.11</ele>
      </trkpt>
      <trkpt lat="36.13946174271405" lon="137.31195386499166">
        <ele>615.97</ele>
      </trkpt>
      <trkpt lat="36.1393035762012" lon="137.31205788441002">
        <ele>615.78</ele>
      </trkpt>
      <trkpt lat="36.139144990593195" lon="137.31216215528548">
        <ele>615.59</ele>
      </trkpt>
      <trkpt lat="36.13899906165898" lon="137.3123295418918">
        <ele>615.41</ele>
      </trkpt>
      <trkpt lat="36.138956397771835" lon="137.31228176504374">
        <ele>615.19</ele>
      </trkpt>
      <trkpt lat="36.13897944800556" lon="137.31223373673856">
        <ele>614.99</ele>
      </trkpt>
      <trkpt lat="36.13894332200289" lon="137.31219769455492">
        <ele>614.78</ele>
      </trkpt>
      <trkpt lat="36.13886822015047" lon="137.31218302622437">
        <ele>614.57</ele>
      </trkpt>
      <trkpt lat="36.13856529816985" lon="137.31219492852688">
        <ele>614.35</ele>
      </trkpt>
      <trkpt lat="36.1382622923702" lon="137.31220683082938">
        <ele>614.15</ele>
      </trkpt>
      <trkpt lat="36.13795928657055" lon="137.31221873313189">
        <ele>613.93</ele>
      </trkpt>
      <trkpt lat="36.13765343092382" lon="137.31223071925342">
        <ele>613.79</ele>
      </trkpt>
      <trkpt lat="36.13739904016256" lon="137.3122404422611">
        <ele>613.71</ele>
      </trkpt>
      <trkpt lat="36.137144565582275" lon="137.31225008144975">
        <ele>613.68</ele>
      </trkpt>
      <trkpt lat="36.13689009100199" lon="137.3122597206384">
        <ele>613.65</ele>
      </trkpt>
      <trkpt lat="36.13663326948881" lon="137.31226944364607">
        <ele>613.61</ele>
      </trkpt>
      <trkpt lat="36.13643587566912" lon="137.31228436343372">
        <ele>613.63</ele>
      </trkpt>
      <trkpt lat="36.13634535111487" lon="137.31228612363338">
        <ele>613.66</ele>
      </trkpt>
      <trkpt lat="36.13628089427948" lon="137.312274556607">
        <ele>613.7</ele>
      </trkpt>
      <trkpt lat="36.136081404984" lon="137.31215553358197">
        <ele>613.8</ele>
      </trkpt>
      <trkpt lat="36.13588132895529" lon="137.3120361752808">
        <ele>613.9</ele>
      </trkpt>
      <trkpt lat="36.13577571697533" lon="137.31200273148715">
        <ele>613.99</ele>
      </trkpt>
      <trkpt lat="36.135738249868155" lon="137.31206903234124">
        <ele>614.11</ele>
      </trkpt>
      <trkpt lat="36.13565627485514" lon="137.31208378449082">
        <ele>614.26</ele>
      </trkpt>
      <trkpt lat="36.135632721707225" lon="137.3120350856334">
        <ele>614.45</ele>
      </trkpt>
      <trkpt lat="36.13561444915831" lon="137.31201488524675">
        <ele>614.66</ele>
      </trkpt>
      <trkpt lat="36.1355425324291" lon="137.31203282251954">
        <ele>614.9</ele>
      </trkpt>
      <trkpt lat="36.13552903756499" lon="137.31201597489417">
        <ele>615.16</ele>
      </trkpt>
      <trkpt lat="36.13532259128988" lon="137.31213927268982">
        <ele>615.45</ele>
      </trkpt>
      <trkpt lat="36.135137267410755" lon="137.31228620745242">
        <ele>615.75</ele>
      </trkpt>
      <trkpt lat="36.134951524436474" lon="137.31243347749114">
        <ele>616.07</ele>
      </trkpt>
      <trkpt lat="36.134713143110275" lon="137.31262567453086">
        <ele>616.47</ele>
      </trkpt>
      <trkpt lat="36.134474258869886" lon="137.31281829066575">
        <ele>616.9</ele>
      </trkpt>
      <trkpt lat="36.13424031995237" lon="137.31301308609545">
        <ele>617.37</ele>
      </trkpt>
      <trkpt lat="36.13400646485388" lon="137.3132079653442">
        <ele>617.84</ele>
      </trkpt>
      <trkpt lat="36.13377185538411" lon="137.31340334750712">
        <ele>618.33</ele>
      </trkpt>
      <trkpt lat="36.13367856480181" lon="137.31349429115653">
        <ele>618.85</ele>
      </trkpt>
      <trkpt lat="36.13358527421951" lon="137.31360409408808">
        <ele>619.42</ele>
      </trkpt>
      <trkpt lat="36.13346583209932" lon="137.31377399526536">
        <ele>619.97</ele>
      </trkpt>
      <trkpt lat="36.13335066474974" lon="137.31394389644265">
        <ele>620.5</ele>
      </trkpt>
      <trkpt lat="36.13329199142754" lon="137.31401572935283">
        <ele>621.08</ele>
      </trkpt>
      <trkpt lat="36.13322895951569" lon="137.31408504769206">
        <ele>621.67</ele>
      </trkpt>
      <trkpt lat="36.13315746188164" lon="137.31415118090808">
        <ele>622.29</ele>
      </trkpt>
      <trkpt lat="36.133051263168454" lon="137.31422536075115">
        <ele>622.94</ele>
      </trkpt>
      <trkpt lat="36.13279997371137" lon="137.31429484672844">
        <ele>623.69</ele>
      </trkpt>
      <trkpt lat="36.132592940703034" lon="137.3143312241882">
        <ele>624.43</ele>
      </trkpt>
      <trkpt lat="36.132419016212225" lon="137.31433549895883">
        <ele>625.1</ele>
      </trkpt>
      <trkpt lat="36.13231893628836" lon="137.31431127525866">
        <ele>625.75</ele>
      </trkpt>
      <trkpt lat="36.1322183534503" lon="137.31425545178354">
        <ele>626.44</ele>
      </trkpt>
      <trkpt lat="36.13215733319521" lon="137.31420163996518">
        <ele>627.12</ele>
      </trkpt>
      <trkpt lat="36.132107293233275" lon="137.3141210898757">
        <ele>627.82</ele>
      </trkpt>
      <trkpt lat="36.1319490429014" lon="137.31386996805668">
        <ele>628.76</ele>
      </trkpt>
      <trkpt lat="36.13188919611275" lon="137.31382319703698">
        <ele>629.44</ele>
      </trkpt>
      <trkpt lat="36.13183354027569" lon="137.31379528529942">
        <ele>630.11</ele>
      </trkpt>
      <trkpt lat="36.131735388189554" lon="137.31378086842597">
        <ele>630.8</ele>
      </trkpt>
      <trkpt lat="36.131602535024285" lon="137.31379536911845">
        <ele>631.43</ele>
      </trkpt>
      <trkpt lat="36.13151058554649" lon="137.31386669911444">
        <ele>631.95</ele>
      </trkpt>
      <trkpt lat="36.131431460380554" lon="137.31396342627704">
        <ele>632.43</ele>
      </trkpt>
      <trkpt lat="36.13132459111512" lon="137.31416727416217">
        <ele>632.9</ele>
      </trkpt>
      <trkpt lat="36.131217973306775" lon="137.3143708705902">
        <ele>633.45</ele>
      </trkpt>
      <trkpt lat="36.13110666163266" lon="137.31452233158052">
        <ele>633.98</ele>
      </trkpt>
      <trkpt lat="36.1309629958123" lon="137.31465929187834">
        <ele>634.47</ele>
      </trkpt>
      <trkpt lat="36.13081916235387" lon="137.31479641981423">
        <ele>634.98</ele>
      </trkpt>
      <trkpt lat="36.130681447684765" lon="137.31494377367198">
        <ele>635.46</ele>
      </trkpt>
      <trkpt lat="36.130543649196625" lon="137.3150912951678">
        <ele>635.95</ele>
      </trkpt>
      <trkpt lat="36.13034256733954" lon="137.31533939950168">
        <ele>636.34</ele>
      </trkpt>
      <trkpt lat="36.13024055957794" lon="137.31550863012671">
        <ele>636.69</ele>
      </trkpt>
      <trkpt lat="36.13019269891083" lon="137.31564173474908">
        <ele>637.08</ele>
      </trkpt>
      <trkpt lat="36.130175264552236" lon="137.31577584519982">
        <ele>637.43</ele>
      </trkpt>
      <trkpt lat="36.130182137712836" lon="137.3159734904766">
        <ele>637.71</ele>
      </trkpt>
      <trkpt lat="36.130232848227024" lon="137.3160746600479">
        <ele>638.02</ele>
      </trkpt>
      <trkpt lat="36.13026109524071" lon="137.31616342440248">
        <ele>638.41</ele>
      </trkpt>
      <trkpt lat="36.130288168787956" lon="137.3162723891437">
        <ele>638.81</ele>
      </trkpt>
      <trkpt lat="36.13028984516859" lon="137.31637582182884">
        <ele>639.23</ele>
      </trkpt>
      <trkpt lat="36.130279870703816" lon="137.31649325229228">
        <ele>639.68</ele>
      </trkpt>
      <trkpt lat="36.13027752377093" lon="137.31661478988826">
        <ele>640.15</ele>
      </trkpt>
      <trkpt lat="36.13028238527477" lon="137.31673113070428">
        <ele>640.59</ele>
      </trkpt>
      <trkpt lat="36.130296885967255" lon="137.31686767190695">
        <ele>641.04</ele>
      </trkpt>
      <trkpt lat="36.130302837118506" lon="137.31693699024618">
        <ele>641.5</ele>
      </trkpt>
      <trkpt lat="36.1303686350584" lon="137.31718752533197">
        <ele>641.92</ele>
      </trkpt>
      <trkpt lat="36.13043887540698" lon="137.31738441623747">
        <ele>642.38</ele>
      </trkpt>
      <trkpt lat="36.13052939996123" lon="137.31763595715165">
        <ele>642.96</ele>
      </trkpt>
      <trkpt lat="36.13061975687742" lon="137.31788682751358">
        <ele>643.62</ele>
      </trkpt>
      <trkpt lat="36.130695613101125" lon="137.31816477142274">
        <ele>644.33</ele>
      </trkpt>
      <trkpt lat="36.1307711340487" lon="137.3184418771416">
        <ele>644.98</ele>
      </trkpt>
      <trkpt lat="36.13079912960529" lon="137.3186078388244">
        <ele>645.61</ele>
      </trkpt>
      <trkpt lat="36.13081027753651" lon="137.3187421169132">
        <ele>646.29</ele>
      </trkpt>
      <trkpt lat="36.13079854287207" lon="137.31891134753823">
        <ele>647.01</ele>
      </trkpt>
      <trkpt lat="36.13079803995788" lon="137.31902986764908">
        <ele>647.77</ele>
      </trkpt>
      <trkpt lat="36.13081849180162" lon="137.31913145631552">
        <ele>648.47</ele>
      </trkpt>
      <trkpt lat="36.130848582834005" lon="137.31925584375858">
        <ele>649.15</ele>
      </trkpt>
      <trkpt lat="36.13094748929143" lon="137.31955734081566">
        <ele>649.73</ele>
      </trkpt>
      <trkpt lat="36.131007336080074" lon="137.31972942128778">
        <ele>650.41</ele>
      </trkpt>
      <trkpt lat="36.13103709183633" lon="137.31988607905805">
        <ele>651.24</ele>
      </trkpt>
      <trkpt lat="36.131083779037" lon="137.32016829773784">
        <ele>652.16</ele>
      </trkpt>
      <trkpt lat="36.13113038241863" lon="137.32044959440827">
        <ele>652.94</ele>
      </trkpt>
      <trkpt lat="36.13115209154785" lon="137.32058404013515">
        <ele>653.7</ele>
      </trkpt>
      <trkpt lat="36.1311474815011" lon="137.32065067626536">
        <ele>654.53</ele>
      </trkpt>
      <trkpt lat="36.131130969151855" lon="137.32072393409908">
        <ele>655.36</ele>
      </trkpt>
      <trkpt lat="36.1310959327966" lon="137.3207694478333">
        <ele>656.24</ele>
      </trkpt>
      <trkpt lat="36.130949165672064" lon="137.32084890827537">
        <ele>657.22</ele>
      </trkpt>
      <trkpt lat="36.13080189563334" lon="137.3209285363555">
        <ele>658.21</ele>
      </trkpt>
      <trkpt lat="36.13058723509312" lon="137.32102417387068">
        <ele>659.32</ele>
      </trkpt>
      <trkpt lat="36.130450777709484" lon="137.32109458185732">
        <ele>660.38</ele>
      </trkpt>
      <trkpt lat="36.13031163811684" lon="137.32111025601625">
        <ele>661.59</ele>
      </trkpt>
      <trkpt lat="36.130255395546556" lon="137.32112869620323">
        <ele>662.65</ele>
      </trkpt>
      <trkpt lat="36.13022144883871" lon="137.32119793072343">
        <ele>663.61</ele>
      </trkpt>
      <trkpt lat="36.1301701515913" lon="137.32125643640757">
        <ele>664.63</ele>
      </trkpt>
      <trkpt lat="36.1301199439913" lon="137.32130404561758">
        <ele>665.66</ele>
      </trkpt>
      <trkpt lat="36.12993981689215" lon="137.32143656350672">
        <ele>666.7</ele>
      </trkpt>
      <trkpt lat="36.12975927069783" lon="137.321569416672">
        <ele>667.48</ele>
      </trkpt>
      <trkpt lat="36.129585430026054" lon="137.32168106362224">
        <ele>668.11</ele>
      </trkpt>
      <trkpt lat="36.12941117025912" lon="137.32179296202958">
        <ele>669.19</ele>
      </trkpt>
      <trkpt lat="36.12923783250153" lon="137.32189572416246">
        <ele>670.31</ele>
      </trkpt>
      <trkpt lat="36.1290667578578" lon="137.32194492593408">
        <ele>671.57</ele>
      </trkpt>
      <trkpt lat="36.12899106927216" lon="137.3219727538526">
        <ele>672.55</ele>
      </trkpt>
      <trkpt lat="36.128945387899876" lon="137.32203209772706">
        <ele>673.45</ele>
      </trkpt>
      <trkpt lat="36.12890356220305" lon="137.32211407274008">
        <ele>674.29</ele>
      </trkpt>
      <trkpt lat="36.12886928021908" lon="137.32221473939717">
        <ele>675.08</ele>
      </trkpt>
      <trkpt lat="36.128845643252134" lon="137.32234717346728">
        <ele>675.87</ele>
      </trkpt>
      <trkpt lat="36.12883508205414" lon="137.32247826643288">
        <ele>676.61</ele>
      </trkpt>
      <trkpt lat="36.128825694322586" lon="137.322645066306">
        <ele>677.3</ele>
      </trkpt>
      <trkpt lat="36.1288043204695" lon="137.32277163304389">
        <ele>678.02</ele>
      </trkpt>
      <trkpt lat="36.12877448089421" lon="137.32282812707126">
        <ele>678.74</ele>
      </trkpt>
      <trkpt lat="36.12875117920339" lon="137.32285511679947">
        <ele>679.42</ele>
      </trkpt>
      <trkpt lat="36.1287004686892" lon="137.32287095859647">
        <ele>680.1</ele>
      </trkpt>
      <trkpt lat="36.12866601906717" lon="137.3228559549898">
        <ele>680.74</ele>
      </trkpt>
      <trkpt lat="36.12852235324681" lon="137.32257323339581">
        <ele>681.55</ele>
      </trkpt>
      <trkpt lat="36.128419591113925" lon="137.32243241742253">
        <ele>682.2</ele>
      </trkpt>
      <trkpt lat="36.128257317468524" lon="137.32230249792337">
        <ele>682.82</ele>
      </trkpt>
      <trkpt lat="36.128085320815444" lon="137.32218054123223">
        <ele>683.33</ele>
      </trkpt>
      <trkpt lat="36.12794978544116" lon="137.32203628867865">
        <ele>683.78</ele>
      </trkpt>
      <trkpt lat="36.127893291413784" lon="137.32191014103591">
        <ele>684.28</ele>
      </trkpt>
      <trkpt lat="36.12787459976971" lon="137.32183252461255">
        <ele>684.78</ele>
      </trkpt>
      <trkpt lat="36.12783528864384" lon="137.3217055387795">
        <ele>685.33</ele>
      </trkpt>
      <trkpt lat="36.127756582573056" lon="137.32156539335847">
        <ele>685.76</ele>
      </trkpt>
      <trkpt lat="36.12756287679076" lon="137.32132835313678">
        <ele>686.02</ele>
      </trkpt>
      <trkpt lat="36.127454582601786" lon="137.32120513916016">
        <ele>686.42</ele>
      </trkpt>
      <trkpt lat="36.12741678021848" lon="137.3211637325585">
        <ele>686.67</ele>
      </trkpt>
      <trkpt lat="36.12736187875271" lon="137.32114596292377">
        <ele>686.86</ele>
      </trkpt>
      <trkpt lat="36.12730043940246" lon="137.3211682587862">
        <ele>686.96</ele>
      </trkpt>
      <trkpt lat="36.127176051959395" lon="137.3212134372443">
        <ele>686.91</ele>
      </trkpt>
      <trkpt lat="36.12708292901516" lon="137.32123447582126">
        <ele>686.86</ele>
      </trkpt>
      <trkpt lat="36.12696474418044" lon="137.32122517190874">
        <ele>686.79</ele>
      </trkpt>
      <trkpt lat="36.12688067369163" lon="137.32120379805565">
        <ele>686.85</ele>
      </trkpt>
      <trkpt lat="36.126775899901986" lon="137.32116607949138">
        <ele>686.82</ele>
      </trkpt>
      <trkpt lat="36.12670809030533" lon="137.3211203981191">
        <ele>686.78</ele>
      </trkpt>
      <trkpt lat="36.12665209919214" lon="137.32104923576117">
        <ele>686.77</ele>
      </trkpt>
      <trkpt lat="36.126597449183464" lon="137.32093825936317">
        <ele>686.8</ele>
      </trkpt>
      <trkpt lat="36.126562245190144" lon="137.32079635374248">
        <ele>686.87</ele>
      </trkpt>
      <trkpt lat="36.12651363015175" lon="137.32057423330843">
        <ele>686.93</ele>
      </trkpt>
      <trkpt lat="36.12645411863923" lon="137.32044607400894">
        <ele>686.87</ele>
      </trkpt>
      <trkpt lat="36.126358984038234" lon="137.32028438709676">
        <ele>686.78</ele>
      </trkpt>
      <trkpt lat="36.12626493908465" lon="137.3201576527208">
        <ele>686.69</ele>
      </trkpt>
      <trkpt lat="36.12614289857447" lon="137.31999487616122">
        <ele>686.67</ele>
      </trkpt>
      <trkpt lat="36.12596402876079" lon="137.31981265358627">
        <ele>686.48</ele>
      </trkpt>
      <trkpt lat="36.12574735656381" lon="137.31966664083302">
        <ele>686.14</ele>
      </trkpt>
      <trkpt lat="36.125616347417235" lon="137.31953202746809">
        <ele>685.97</ele>
      </trkpt>
      <trkpt lat="36.12556337378919" lon="137.31944577768445">
        <ele>685.83</ele>
      </trkpt>
      <trkpt lat="36.125427251681685" lon="137.31924335472286">
        <ele>685.64</ele>
      </trkpt>
      <trkpt lat="36.125324657186866" lon="137.3191287741065">
        <ele>685.36</ele>
      </trkpt>
      <trkpt lat="36.12521133385599" lon="137.3190275207162">
        <ele>685.05</ele>
      </trkpt>
      <trkpt lat="36.12514989450574" lon="137.3189561907202">
        <ele>684.81</ele>
      </trkpt>
      <trkpt lat="36.12509817816317" lon="137.31886725872755">
        <ele>684.61</ele>
      </trkpt>
      <trkpt lat="36.12504059448838" lon="137.31875024735928">
        <ele>684.42</ele>
      </trkpt>
      <trkpt lat="36.12499323673546" lon="137.31866005808115">
        <ele>684.22</ele>
      </trkpt>
      <trkpt lat="36.124965576455" lon="137.31859375722706">
        <ele>684.0</ele>
      </trkpt>
      <trkpt lat="36.12491746433079" lon="137.31854623183608">
        <ele>683.7</ele>
      </trkpt>
      <trkpt lat="36.124856444075704" lon="137.3185182362795">
        <ele>683.33</ele>
      </trkpt>
      <trkpt lat="36.12476357258856" lon="137.31850155629218">
        <ele>682.89</ele>
      </trkpt>
      <trkpt lat="36.12465536221862" lon="137.31849694624543">
        <ele>682.41</ele>
      </trkpt>
      <trkpt lat="36.12450004555285" lon="137.31848789379">
        <ele>681.94</ele>
      </trkpt>
      <trkpt lat="36.12436316907406" lon="137.31848143972456">
        <ele>681.52</ele>
      </trkpt>
      <trkpt lat="36.12427029758692" lon="137.31844414025545">
        <ele>681.15</ele>
      </trkpt>
      <trkpt lat="36.124211540445685" lon="137.31840072199702">
        <ele>680.81</ele>
      </trkpt>
      <trkpt lat="36.12413006834686" lon="137.31832226738334">
        <ele>680.48</ele>
      </trkpt>
      <trkpt lat="36.12405085936189" lon="137.3182291444391">
        <ele>680.23</ele>
      </trkpt>
      <trkpt lat="36.12400467507541" lon="137.31819578446448">
        <ele>679.93</ele>
      </trkpt>
      <trkpt lat="36.12388422712684" lon="137.31814943253994">
        <ele>679.64</ele>
      </trkpt>
      <trkpt lat="36.123690688982606" lon="137.31809126213193">
        <ele>679.34</ele>
      </trkpt>
      <trkpt lat="36.123592955991626" lon="137.31807592324913">
        <ele>679.01</ele>
      </trkpt>
      <trkpt lat="36.12352028489113" lon="137.3180713970214">
        <ele>678.68</ele>
      </trkpt>
      <trkpt lat="36.12325902096927" lon="137.3181226104498">
        <ele>678.33</ele>
      </trkpt>
      <trkpt lat="36.12299658358097" lon="137.31817407533526">
        <ele>678.19</ele>
      </trkpt>
      <trkpt lat="36.1229017842561" lon="137.31822034344077">
        <ele>677.94</ele>
      </trkpt>
      <trkpt lat="36.12284327857196" lon="137.31825009919703">
        <ele>677.7</ele>
      </trkpt>
      <trkpt lat="36.1227603815496" lon="137.31835747137666">
        <ele>677.48</ele>
      </trkpt>
      <trkpt lat="36.122689386829734" lon="137.31848621740937">
        <ele>677.15</ele>
      </trkpt>
      <trkpt lat="36.12251278012991" lon="137.31876541860402">
        <ele>676.9</ele>
      </trkpt>
      <trkpt lat="36.122422674670815" lon="137.31890405528247">
        <ele>676.66</ele>
      </trkpt>
      <trkpt lat="36.122310776263475" lon="137.31903724372387">
        <ele>676.77</ele>
      </trkpt>
      <trkpt lat="36.12229015678167" lon="137.31919423677027">
        <ele>676.72</ele>
      </trkpt>
      <trkpt lat="36.12225369550288" lon="137.31956848874688">
        <ele>676.81</ele>
      </trkpt>
      <trkpt lat="36.12219334580004" lon="137.31992119923234">
        <ele>676.87</ele>
      </trkpt>
      <trkpt lat="36.1221385281533" lon="137.3201599996537">
        <ele>676.87</ele>
      </trkpt>
      <trkpt lat="36.122099719941616" lon="137.3202223610133">
        <ele>676.93</ele>
      </trkpt>
      <trkpt lat="36.12202377989888" lon="137.3202606663108">
        <ele>677.05</ele>
      </trkpt>
      <trkpt lat="36.12192143686116" lon="137.3202464170754">
        <ele>677.23</ele>
      </trkpt>
      <trkpt lat="36.12186779268086" lon="137.32022856362164">
        <ele>677.45</ele>
      </trkpt>
      <trkpt lat="36.12181297503412" lon="137.32023887336254">
        <ele>677.7</ele>
      </trkpt>
      <trkpt lat="36.12173745408654" lon="137.32028665021062">
        <ele>677.98</ele>
      </trkpt>
      <trkpt lat="36.121711721643806" lon="137.32033459469676">
        <ele>678.3</ele>
      </trkpt>
      <trkpt lat="36.121589597314596" lon="137.32052017003298">
        <ele>678.63</ele>
      </trkpt>
      <trkpt lat="36.1215047724545" lon="137.3206172324717">
        <ele>679.04</ele>
      </trkpt>
      <trkpt lat="36.12145674414933" lon="137.3206428810954">
        <ele>679.54</ele>
      </trkpt>
      <trkpt lat="36.121218195185065" lon="137.32059359550476">
        <ele>680.22</ele>
      </trkpt>
      <trkpt lat="36.121048880741" lon="137.32056643813848">
        <ele>680.92</ele>
      </trkpt>
      <trkpt lat="36.12083589658141" lon="137.32052385807037">
        <ele>681.62</ele>
      </trkpt>
      <trkpt lat="36.12067664042115" lon="137.32049074955285">
        <ele>682.37</ele>
      </trkpt>
      <trkpt lat="36.12057094462216" lon="137.3204758297652">
        <ele>683.16</ele>
      </trkpt>
      <trkpt lat="36.120387548580766" lon="137.32044976204634">
        <ele>684.03</ele>
      </trkpt>
      <trkpt lat="36.12027472816408" lon="137.3204414639622">
        <ele>684.94</ele>
      </trkpt>
      <trkpt lat="36.12007741816342" lon="137.32046535238624">
        <ele>685.9</ele>
      </trkpt>
      <trkpt lat="36.11993023194373" lon="137.32053894549608">
        <ele>686.91</ele>
      </trkpt>
      <trkpt lat="36.119782542809844" lon="137.32061279006302">
        <ele>688.04</ele>
      </trkpt>
      <trkpt lat="36.11955262720585" lon="137.32086475007236">
        <ele>689.37</ele>
      </trkpt>
      <trkpt lat="36.119416086003184" lon="137.32101344503462">
        <ele>690.85</ele>
      </trkpt>
      <trkpt lat="36.1193791218102" lon="137.32111469842494">
        <ele>692.16</ele>
      </trkpt>
      <trkpt lat="36.119373673573136" lon="137.3212292790413">
        <ele>693.36</ele>
      </trkpt>
      <trkpt lat="36.11945464275777" lon="137.3215979989618">
        <ele>694.2</ele>
      </trkpt>
      <trkpt lat="36.11949127167463" lon="137.32183654792607">
        <ele>695.4</ele>
      </trkpt>
      <trkpt lat="36.119500156491995" lon="137.3220271524042">
        <ele>696.8</ele>
      </trkpt>
      <trkpt lat="36.11947014927864" lon="137.32219495810568">
        <ele>698.26</ele>
      </trkpt>
      <trkpt lat="36.11944483593106" lon="137.32223954983056">
        <ele>699.79</ele>
      </trkpt>
      <trkpt lat="36.119410721585155" lon="137.32225195504725">
        <ele>701.36</ele>
      </trkpt>
      <trkpt lat="36.11929656006396" lon="137.3222262226045">
        <ele>702.94</ele>
      </trkpt>
      <trkpt lat="36.119152223691344" lon="137.32211222872138">
        <ele>704.68</ele>
      </trkpt>
      <trkpt lat="36.1190025229007" lon="137.3219927866012">
        <ele>706.47</ele>
      </trkpt>
      <trkpt lat="36.11882071942091" lon="137.3218960594386">
        <ele>708.3</ele>
      </trkpt>
      <trkpt lat="36.118552163243294" lon="137.32178868725896">
        <ele>710.14</ele>
      </trkpt>
      <trkpt lat="36.11848175525665" lon="137.3217454366386">
        <ele>711.9</ele>
      </trkpt>
      <trkpt lat="36.118292240425944" lon="137.32160579413176">
        <ele>713.67</ele>
      </trkpt>
      <trkpt lat="36.11816994845867" lon="137.32154292985797">
        <ele>715.4</ele>
      </trkpt>
      <trkpt lat="36.11806953325868" lon="137.32147872447968">
        <ele>717.17</ele>
      </trkpt>
      <trkpt lat="36.117984373122454" lon="137.3214111663401">
        <ele>718.94</ele>
      </trkpt>
      <trkpt lat="36.11792276613414" lon="137.3213053867221">
        <ele>720.82</ele>
      </trkpt>
      <trkpt lat="36.117844143882394" lon="137.32119818218052">
        <ele>722.68</ele>
      </trkpt>
      <trkpt lat="36.11769209615886" lon="137.32105367816985">
        <ele>724.53</ele>
      </trkpt>
      <trkpt lat="36.117539796978235" lon="137.32090909034014">
        <ele>726.36</ele>
      </trkpt>
      <trkpt lat="36.117400070652366" lon="137.32074581086636">
        <ele>728.22</ele>
      </trkpt>
      <trkpt lat="36.117260260507464" lon="137.32058244757354">
        <ele>729.99</ele>
      </trkpt>
      <trkpt lat="36.117076026275754" lon="137.32037264853716">
        <ele>731.79</ele>
      </trkpt>
      <trkpt lat="36.11690495163202" lon="137.3201198503375">
        <ele>733.54</ele>
      </trkpt>
      <trkpt lat="36.11676505766809" lon="137.31985565274954">
        <ele>735.1</ele>
      </trkpt>
      <trkpt lat="36.1167196277529" lon="137.3198113963008">
        <ele>736.48</ele>
      </trkpt>
      <trkpt lat="36.116656847298145" lon="137.31978055089712">
        <ele>737.75</ele>
      </trkpt>
      <trkpt lat="36.116571268066764" lon="137.31978725641966">
        <ele>738.87</ele>
      </trkpt>
      <trkpt lat="36.11642064526677" lon="137.31976177543402">
        <ele>739.93</ele>
      </trkpt>
      <trkpt lat="36.116337245330215" lon="137.31974023394287">
        <ele>741.01</ele>
      </trkpt>
      <trkpt lat="36.11627656035125" lon="137.31969052925706">
        <ele>742.07</ele>
      </trkpt>
      <trkpt lat="36.11619726754725" lon="137.31954728253186">
        <ele>743.31</ele>
      </trkpt>
      <trkpt lat="36.11615519039333" lon="137.31946857646108">
        <ele>744.38</ele>
      </trkpt>
      <trkpt lat="36.11609668470919" lon="137.31926104053855">
        <ele>745.61</ele>
      </trkpt>
      <trkpt lat="36.11604907549918" lon="137.31915609911084">
        <ele>746.58</ele>
      </trkpt>
      <trkpt lat="36.11601655371487" lon="137.31911402195692">
        <ele>747.38</ele>
      </trkpt>
      <trkpt lat="36.11596022732556" lon="137.31909792870283">
        <ele>748.03</ele>
      </trkpt>
      <trkpt lat="36.115869199857116" lon="137.319217287004">
        <ele>748.41</ele>
      </trkpt>
      <trkpt lat="36.11583022400737" lon="137.31928291730583">
        <ele>748.81</ele>
      </trkpt>
      <trkpt lat="36.11578588373959" lon="137.31929096393287">
        <ele>749.26</ele>
      </trkpt>
      <trkpt lat="36.11560265533626" lon="137.3191514890641">
        <ele>749.88</ele>
      </trkpt>
      <trkpt lat="36.11554842442274" lon="137.3191260918975">
        <ele>750.27</ele>
      </trkpt>
      <trkpt lat="36.11550358124077" lon="137.31914084404707">
        <ele>750.53</ele>
      </trkpt>
      <trkpt lat="36.11545857042074" lon="137.31920387595892">
        <ele>750.68</ele>
      </trkpt>
      <trkpt lat="36.115418588742614" lon="137.31927897781134">
        <ele>750.77</ele>
      </trkpt>
      <trkpt lat="36.11536326818168" lon="137.31932189315557">
        <ele>750.87</ele>
      </trkpt>
      <trkpt lat="36.11530367285013" lon="137.31931786984205">
        <ele>750.98</ele>
      </trkpt>
      <trkpt lat="36.115156235173345" lon="137.3192802350968">
        <ele>751.17</ele>
      </trkpt>
      <trkpt lat="36.1151016689837" lon="137.31925944797695">
        <ele>751.29</ele>
      </trkpt>
      <trkpt lat="36.115045845508575" lon="137.31926959007978">
        <ele>751.33</ele>
      </trkpt>
      <trkpt lat="36.114995470270514" lon="137.31929297558963">
        <ele>751.31</ele>
      </trkpt>
      <trkpt lat="36.1149428319186" lon="137.31934326700866">
        <ele>751.22</ele>
      </trkpt>
      <trkpt lat="36.114890864118934" lon="137.31946664862335">
        <ele>750.96</ele>
      </trkpt>
      <trkpt lat="36.114752227440476" lon="137.3197778686881">
        <ele>750.59</ele>
      </trkpt>
      <trkpt lat="36.1146785505116" lon="137.3198502883315">
        <ele>750.59</ele>
      </trkpt>
      <trkpt lat="36.11443589441478" lon="137.3200085386634">
        <ele>750.69</ele>
      </trkpt>
      <trkpt lat="36.1143022030592" lon="137.32012571766973">
        <ele>750.81</ele>
      </trkpt>
      <trkpt lat="36.114168260246515" lon="137.32024314813316">
        <ele>750.96</ele>
      </trkpt>
      <trkpt lat="36.11407949589193" lon="137.32041087001562">
        <ele>751.04</ele>
      </trkpt>
      <trkpt lat="36.11401981674135" lon="137.320570461452">
        <ele>751.17</ele>
      </trkpt>
      <trkpt lat="36.113973716273904" lon="137.32076592743397">
        <ele>751.39</ele>
      </trkpt>
      <trkpt lat="36.113927783444524" lon="137.32096072286367">
        <ele>751.65</ele>
      </trkpt>
      <trkpt lat="36.113983020186424" lon="137.32133883051574">
        <ele>751.78</ele>
      </trkpt>
      <trkpt lat="36.114003639668226" lon="137.32150118798018">
        <ele>751.98</ele>
      </trkpt>
      <trkpt lat="36.113968435674906" lon="137.32161308638752">
        <ele>752.26</ele>
      </trkpt>
      <trkpt lat="36.113898530602455" lon="137.32167402282357">
        <ele>752.59</ele>
      </trkpt>
      <trkpt lat="36.11379233188927" lon="137.32171568088233">
        <ele>753.0</ele>
      </trkpt>
      <trkpt lat="36.11369267106056" lon="137.3217197880149">
        <ele>753.51</ele>
      </trkpt>
      <trkpt lat="36.11338824033737" lon="137.32167284935713">
        <ele>754.15</ele>
      </trkpt>
      <trkpt lat="36.113328728824854" lon="137.32159498147666">
        <ele>754.81</ele>
      </trkpt>
      <trkpt lat="36.11327726393938" lon="137.32146288268268">
        <ele>755.57</ele>
      </trkpt>
      <trkpt lat="36.113188080489635" lon="137.3211621399969">
        <ele>756.42</ele>
      </trkpt>
      <trkpt lat="36.11308163031936" lon="137.32090707868338">
        <ele>757.24</ele>
      </trkpt>
      <trkpt lat="36.112997559830546" lon="137.32083247974515">
        <ele>758.02</ele>
      </trkpt>
      <trkpt lat="36.112893959507346" lon="137.32079417444766">
        <ele>758.84</ele>
      </trkpt>
      <trkpt lat="36.11273495480418" lon="137.3208035621792">
        <ele>759.69</ele>
      </trkpt>
      <trkpt lat="36.11257519572973" lon="137.32081294991076">
        <ele>760.63</ele>
      </trkpt>
      <trkpt lat="36.112353997305036" lon="137.3207916598767">
        <ele>761.75</ele>
      </trkpt>
      <trkpt lat="36.112249894067645" lon="137.32079442590475">
        <ele>762.89</ele>
      </trkpt>
      <trkpt lat="36.1121554300189" lon="137.32083197683096">
        <ele>764.07</ele>
      </trkpt>
      <trkpt lat="36.11205568537116" lon="137.32095267623663">
        <ele>765.21</ele>
      </trkpt>
      <trkpt lat="36.11192459240556" lon="137.32104789465666">
        <ele>766.38</ele>
      </trkpt>
      <trkpt lat="36.11183348111808" lon="137.3210572823882">
        <ele>767.69</ele>
      </trkpt>
      <trkpt lat="36.11176843754947" lon="137.3209848627448">
        <ele>769.11</ele>
      </trkpt>
      <trkpt lat="36.11171311698854" lon="137.32081588357687">
        <ele>770.7</ele>
      </trkpt>
      <trkpt lat="36.111749494448304" lon="137.3205379396677">
        <ele>772.45</ele>
      </trkpt>
      <trkpt lat="36.11173314973712" lon="137.32036979869008">
        <ele>774.11</ele>
      </trkpt>
      <trkpt lat="36.11164966598153" lon="137.32015069574118">
        <ele>775.82</ele>
      </trkpt>
      <trkpt lat="36.11163684166968" lon="137.32001683674753">
        <ele>777.55</ele>
      </trkpt>
      <trkpt lat="36.11167397350073" lon="137.31972196139395">
        <ele>779.64</ele>
      </trkpt>
      <trkpt lat="36.111661149188876" lon="137.3195592686534">
        <ele>781.52</ele>
      </trkpt>
      <trkpt lat="36.11162116751075" lon="137.31944929808378">
        <ele>783.37</ele>
      </trkpt>
      <trkpt lat="36.111549669876695" lon="137.31938081793487">
        <ele>785.12</ele>
      </trkpt>
      <trkpt lat="36.11139602959156" lon="137.31928979046643">
        <ele>786.77</ele>
      </trkpt>
      <trkpt lat="36.11124197021127" lon="137.31919842772186">
        <ele>788.46</ele>
      </trkpt>
      <trkpt lat="36.111185643821955" lon="137.31908049434423">
        <ele>790.44</ele>
      </trkpt>
      <trkpt lat="36.11111733131111" lon="137.31884244829416">
        <ele>792.6</ele>
      </trkpt>
      <trkpt lat="36.11108489334583" lon="137.31861772947013">
        <ele>794.77</ele>
      </trkpt>
      <trkpt lat="36.11104524694383" lon="137.31839518994093">
        <ele>796.82</ele>
      </trkpt>
      <trkpt lat="36.11098079010844" lon="137.31821548193693">
        <ele>798.78</ele>
      </trkpt>
      <trkpt lat="36.11097425222397" lon="137.3181041702628">
        <ele>800.77</ele>
      </trkpt>
      <trkpt lat="36.11097978428006" lon="137.31800224632025">
        <ele>802.76</ele>
      </trkpt>
      <trkpt lat="36.11103066243231" lon="137.3177755996585">
        <ele>804.89</ele>
      </trkpt>
      <trkpt lat="36.11102856695652" lon="137.3176588397473">
        <ele>806.9</ele>
      </trkpt>
      <trkpt lat="36.11100467853248" lon="137.31755029410124">
        <ele>808.88</ele>
      </trkpt>
      <trkpt lat="36.110952626913786" lon="137.3174510523677">
        <ele>810.84</ele>
      </trkpt>
      <trkpt lat="36.110893031582236" lon="137.31734368018806">
        <ele>812.77</ele>
      </trkpt>
      <trkpt lat="36.11079982481897" lon="137.31733839958906">
        <ele>814.58</ele>
      </trkpt>
      <trkpt lat="36.11061575822532" lon="137.31756906956434">
        <ele>816.36</ele>
      </trkpt>
      <trkpt lat="36.11047804355621" lon="137.3177996557206">
        <ele>818.03</ele>
      </trkpt>
      <trkpt lat="36.11031183041632" lon="137.31798129156232">
        <ele>819.75</ele>
      </trkpt>
      <trkpt lat="36.11014544963837" lon="137.31816317886114">
        <ele>821.49</ele>
      </trkpt>
      <trkpt lat="36.11004243604839" lon="137.3182074353099">
        <ele>823.46</ele>
      </trkpt>
      <trkpt lat="36.10989625565708" lon="137.31822076253593">
        <ele>825.56</ele>
      </trkpt>
      <trkpt lat="36.109704142436385" lon="137.3182164877653">
        <ele>827.6</ele>
      </trkpt>
      <trkpt lat="36.109511191025376" lon="137.31821212917566">
        <ele>829.61</ele>
      </trkpt>
      <trkpt lat="36.10938923433423" lon="137.31816586107016">
        <ele>831.65</ele>
      </trkpt>
      <trkpt lat="36.10912964679301" lon="137.31804985553026">
        <ele>833.71</ele>
      </trkpt>
      <trkpt lat="36.108852876350284" lon="137.31795924715698">
        <ele>835.75</ele>
      </trkpt>
      <trkpt lat="36.10854785889387" lon="137.31787014752626">
        <ele>837.79</ele>
      </trkpt>
      <trkpt lat="36.10831031575799" lon="137.31784994713962">
        <ele>839.79</ele>
      </trkpt>
      <trkpt lat="36.10807285644114" lon="137.31782974675298">
        <ele>841.84</ele>
      </trkpt>
      <trkpt lat="36.107833636924624" lon="137.3178094625473">
        <ele>843.78</ele>
      </trkpt>
      <trkpt lat="36.10766775906086" lon="137.31776302680373">
        <ele>845.65</ele>
      </trkpt>
      <trkpt lat="36.10748453065753" lon="137.3176978994161">
        <ele>847.46</ele>
      </trkpt>
      <trkpt lat="36.107283532619476" lon="137.31766562908888">
        <ele>849.28</ele>
      </trkpt>
      <trkpt lat="36.10715612769127" lon="137.31759312562644">
        <ele>851.14</ele>
      </trkpt>
      <trkpt lat="36.10702293924987" lon="137.31735315173864">
        <ele>853.06</ele>
      </trkpt>
      <trkpt lat="36.106974156573415" lon="137.31728475540876">
        <ele>854.79</ele>
      </trkpt>
      <trkpt lat="36.10677751712501" lon="137.3172304406762">
        <ele>856.47</ele>
      </trkpt>
      <trkpt lat="36.106610130518675" lon="137.31721225194633">
        <ele>858.04</ele>
      </trkpt>
      <trkpt lat="36.10644676722586" lon="137.31712591834366">
        <ele>859.64</ele>
      </trkpt>
      <trkpt lat="36.106282817199826" lon="137.31703924946487">
        <ele>861.18</ele>
      </trkpt>
      <trkpt lat="36.10617217607796" lon="137.31712005101144">
        <ele>862.58</ele>
      </trkpt>
      <trkpt lat="36.10609548166394" lon="137.3172346316278">
        <ele>863.94</ele>
      </trkpt>
      <trkpt lat="36.10604125075042" lon="137.3172605317086">
        <ele>865.21</ele>
      </trkpt>
      <trkpt lat="36.105998922139406" lon="137.31723479926586">
        <ele>866.41</ele>
      </trkpt>
      <trkpt lat="36.10596539452672" lon="137.31719288975">
        <ele>867.53</ele>
      </trkpt>
      <trkpt lat="36.105938237160444" lon="137.31711736880243">
        <ele>868.57</ele>
      </trkpt>
      <trkpt lat="36.1059285979718" lon="137.31704193167388">
        <ele>869.49</ele>
      </trkpt>
      <trkpt lat="36.105932872742414" lon="137.31694403104484">
        <ele>870.31</ele>
      </trkpt>
      <trkpt lat="36.10598056577146" lon="137.31681268662214">
        <ele>871.04</ele>
      </trkpt>
      <trkpt lat="36.10604996792972" lon="137.31672283262014">
        <ele>871.73</ele>
      </trkpt>
      <trkpt lat="36.106132278218865" lon="137.3166785761714">
        <ele>872.32</ele>
      </trkpt>
      <trkpt lat="36.10631542280316" lon="137.31657254509628">
        <ele>872.88</ele>
      </trkpt>
      <trkpt lat="36.10634794458747" lon="137.31651294976473">
        <ele>873.34</ele>
      </trkpt>
      <trkpt lat="36.10635448247194" lon="137.31645058840513">
        <ele>873.7</ele>
      </trkpt>
      <trkpt lat="36.10632849857211" lon="137.31635662727058">
        <ele>873.99</ele>
      </trkpt>
      <trkpt lat="36.106202183291316" lon="137.31629434973001">
        <ele>874.15</ele>
      </trkpt>
      <trkpt lat="36.10602607950568" lon="137.31630977243185">
        <ele>874.2</ele>
      </trkpt>
      <trkpt lat="36.1058559268713" lon="137.31639082543552">
        <ele>874.23</ele>
      </trkpt>
      <trkpt lat="36.10575735569" lon="137.3164774943143">
        <ele>874.16</ele>
      </trkpt>
      <trkpt lat="36.10574830323458" lon="137.31650004163384">
        <ele>873.96</ele>
      </trkpt>
      <trkpt lat="36.10566741786897" lon="137.3167033866048">
        <ele>873.68</ele>
      </trkpt>
      <trkpt lat="36.105630369856954" lon="137.31689231470227">
        <ele>873.31</ele>
      </trkpt>
      <trkpt lat="36.105629447847605" lon="137.3168971762061">
        <ele>872.87</ele>
      </trkpt>
      <trkpt lat="36.10552274622023" lon="137.3170694243163">
        <ele>872.44</ele>
      </trkpt>
      <trkpt lat="36.10540732741356" lon="137.31720697134733">
        <ele>871.93</ele>
      </trkpt>
      <trkpt lat="36.10526718199253" lon="137.3173281736672">
        <ele>871.27</ele>
      </trkpt>
      <trkpt lat="36.10512678511441" lon="137.31744962744415">
        <ele>870.46</ele>
      </trkpt>
      <trkpt lat="36.10482771880925" lon="137.31752213090658">
        <ele>869.51</ele>
      </trkpt>
      <trkpt lat="36.10470634885132" lon="137.31752883642912">
        <ele>868.61</ele>
      </trkpt>
      <trkpt lat="36.1045849788934" lon="137.31751148588955">
        <ele>867.69</ele>
      </trkpt>
      <trkpt lat="36.10434223897755" lon="137.3174296785146">
        <ele>866.71</ele>
      </trkpt>
      <trkpt lat="36.104120118543506" lon="137.3173799738288">
        <ele>865.73</ele>
      </trkpt>
      <trkpt lat="36.10389422625303" lon="137.3173437640071">
        <ele>864.7</ele>
      </trkpt>
      <trkpt lat="36.10369658097625" lon="137.31733303517103">
        <ele>863.63</ele>
      </trkpt>
      <trkpt lat="36.10349826514721" lon="137.31734108179808">
        <ele>862.53</ele>
      </trkpt>
      <trkpt lat="36.10323054715991" lon="137.31722163967788">
        <ele>861.46</ele>
      </trkpt>
      <trkpt lat="36.10303667373955" lon="137.31715592555702">
        <ele>860.43</ele>
      </trkpt>
      <trkpt lat="36.10289577394724" lon="137.31712373904884">
        <ele>859.41</ele>
      </trkpt>
      <trkpt lat="36.102709444239736" lon="137.31704075820744">
        <ele>858.39</ele>
      </trkpt>
      <trkpt lat="36.10252236016095" lon="137.31695744208992">
        <ele>857.4</ele>
      </trkpt>
      <trkpt lat="36.10237936489284" lon="137.31695811264217">
        <ele>856.43</ele>
      </trkpt>
      <trkpt lat="36.10237902961671" lon="137.31695811264217">
        <ele>855.6</ele>
      </trkpt>
      <trkpt lat="36.10237902961671" lon="137.3169581964612">
        <ele>853.85</ele>
      </trkpt>
      <trkpt lat="36.102257492020726" lon="137.31701117008924">
        <ele>853.04</ele>
      </trkpt>
      <trkpt lat="36.10210066661239" lon="137.31709448620677">
        <ele>852.26</ele>
      </trkpt>
      <trkpt lat="36.101943254470825" lon="137.31717813760042">
        <ele>851.55</ele>
      </trkpt>
      <trkpt lat="36.10180797055364" lon="137.3172816541046">
        <ele>850.87</ele>
      </trkpt>
      <trkpt lat="36.10167235136032" lon="137.31738533824682">
        <ele>850.23</ele>
      </trkpt>
      <trkpt lat="36.10144319012761" lon="137.31758256442845">
        <ele>849.58</ele>
      </trkpt>
      <trkpt lat="36.1012573633343" lon="137.317774342373">
        <ele>849.05</ele>
      </trkpt>
      <trkpt lat="36.10115493647754" lon="137.3178741708398">
        <ele>848.63</ele>
      </trkpt>
      <trkpt lat="36.101120822131634" lon="137.31782245449722">
        <ele>848.25</ele>
      </trkpt>
      <trkpt lat="36.10117144882679" lon="137.31778046116233">
        <ele>847.91</ele>
      </trkpt>
      <trkpt lat="36.10135358758271" lon="137.31761014088988">
        <ele>847.64</ele>
      </trkpt>
      <trkpt lat="36.10153597779572" lon="137.31743956916034">
        <ele>847.49</ele>
      </trkpt>
      <trkpt lat="36.1017304379493" lon="137.31729070656002">
        <ele>847.39</ele>
      </trkpt>
      <trkpt lat="36.10192531719804" lon="137.3171415925026">
        <ele>847.29</ele>
      </trkpt>
      <trkpt lat="36.102170487865806" lon="137.31700873933733">
        <ele>847.22</ele>
      </trkpt>
      <trkpt lat="36.10237743705511" lon="137.31691687367857">
        <ele>847.2</ele>
      </trkpt>
      <trkpt lat="36.10251942649484" lon="137.31689424254">
        <ele>847.2</ele>
      </trkpt>
      <trkpt lat="36.10255479812622" lon="137.3168474715203">
        <ele>847.2</ele>
      </trkpt>
      <trkpt lat="36.1025766748935" lon="137.3166685178876">
        <ele>847.25</ele>
      </trkpt>
      <trkpt lat="36.10258547589183" lon="137.31659249402583">
        <ele>847.29</ele>
      </trkpt>
      <trkpt lat="36.10251062549651" lon="137.31636526063085">
        <ele>847.3</ele>
      </trkpt>
      <trkpt lat="36.10243602655828" lon="137.31613869778812">
        <ele>847.32</ele>
      </trkpt>
      <trkpt lat="36.10242638736963" lon="137.31603249907494">
        <ele>847.38</ele>
      </trkpt>
      <trkpt lat="36.102443151175976" lon="137.3158801998943">
        <ele>847.44</ele>
      </trkpt>
      <trkpt lat="36.102520851418376" lon="137.3157342709601">
        <ele>847.52</ele>
      </trkpt>
      <trkpt lat="36.10252948477864" lon="137.31560762040317">
        <ele>847.59</ele>
      </trkpt>
      <trkpt lat="36.10246863216162" lon="137.3153404891491">
        <ele>847.64</ele>
      </trkpt>
      <trkpt lat="36.10242093913257" lon="137.31511845253408">
        <ele>847.71</ele>
      </trkpt>
      <trkpt lat="36.10239923000336" lon="137.31502616778016">
        <ele>847.76</ele>
      </trkpt>
      <trkpt lat="36.10234072431922" lon="137.3149773851037">
        <ele>847.78</ele>
      </trkpt>
      <trkpt lat="36.102108880877495" lon="137.31497679837048">
        <ele>847.74</ele>
      </trkpt>
      <trkpt lat="36.10194752924144" lon="137.31484193354845">
        <ele>847.75</ele>
      </trkpt>
      <trkpt lat="36.101853819563985" lon="137.31474763713777">
        <ele>847.71</ele>
      </trkpt>
      <trkpt lat="36.101761450991035" lon="137.31449131853878">
        <ele>847.64</ele>
      </trkpt>
      <trkpt lat="36.10169364139438" lon="137.31433365494013">
        <ele>847.51</ele>
      </trkpt>
      <trkpt lat="36.10161208547652" lon="137.31429509818554">
        <ele>847.31</ele>
      </trkpt>
      <trkpt lat="36.10153874382377" lon="137.31429459527135">
        <ele>847.07</ele>
      </trkpt>
      <trkpt lat="36.101486859843135" lon="137.31427288614213">
        <ele>846.8</ele>
      </trkpt>
      <trkpt lat="36.10141326673329" lon="137.3141359258443">
        <ele>846.49</ele>
      </trkpt>
      <trkpt lat="36.10129348933697" lon="137.31389268301427">
        <ele>846.12</ele>
      </trkpt>
      <trkpt lat="36.10117387957871" lon="137.31364977546036">
        <ele>845.72</ele>
      </trkpt>
      <trkpt lat="36.10103448852897" lon="137.31331508606672">
        <ele>845.28</ele>
      </trkpt>
      <trkpt lat="36.10089534893632" lon="137.31298115104437">
        <ele>844.74</ele>
      </trkpt>
      <trkpt lat="36.10084882937372" lon="137.3127605393529">
        <ele>844.19</ele>
      </trkpt>
      <trkpt lat="36.100877579301596" lon="137.3124597966671">
        <ele>843.62</ele>
      </trkpt>
      <trkpt lat="36.100894091650844" lon="137.312274556607">
        <ele>842.98</ele>
      </trkpt>
      <trkpt lat="36.100867269560695" lon="137.31218587607145">
        <ele>842.3</ele>
      </trkpt>
      <trkpt lat="36.10082888044417" lon="137.31211974285543">
        <ele>841.57</ele>
      </trkpt>
      <trkpt lat="36.10058085992932" lon="137.31195973232388">
        <ele>840.74</ele>
      </trkpt>
      <trkpt lat="36.100306855514646" lon="137.31183727271855">
        <ele>839.82</ele>
      </trkpt>
      <trkpt lat="36.10006537288427" lon="137.31174708344042">
        <ele>838.85</ele>
      </trkpt>
      <trkpt lat="36.099836295470595" lon="137.31156243011355">
        <ele>837.84</ele>
      </trkpt>
      <trkpt lat="36.09964795410633" lon="137.31129303574562">
        <ele>836.82</ele>
      </trkpt>
      <trkpt lat="36.09945978038013" lon="137.31102372519672">
        <ele>835.82</ele>
      </trkpt>
      <trkpt lat="36.099343271926045" lon="137.31089606881142">
        <ele>834.76</ele>
      </trkpt>
      <trkpt lat="36.099246041849256" lon="137.31086161918938">
        <ele>833.64</ele>
      </trkpt>
      <trkpt lat="36.09904143959284" lon="137.3108954820782">
        <ele>832.41</ele>
      </trkpt>
      <trkpt lat="36.098926020786166" lon="137.31086949817836">
        <ele>831.18</ele>
      </trkpt>
      <trkpt lat="36.0988380946219" lon="137.31080277822912">
        <ele>829.94</ele>
      </trkpt>
      <trkpt lat="36.098794089630246" lon="137.310678223148">
        <ele>828.73</ele>
      </trkpt>
      <trkpt lat="36.09878688119352" lon="137.31030698865652">
        <ele>827.58</ele>
      </trkpt>
      <trkpt lat="36.09876936301589" lon="137.31021428480744">
        <ele>826.31</ele>
      </trkpt>
      <trkpt lat="36.09867456369102" lon="137.30989795178175">
        <ele>824.92</ele>
      </trkpt>
      <trkpt lat="36.09857976436615" lon="137.30958161875606">
        <ele>823.51</ele>
      </trkpt>
      <trkpt lat="36.09848538413644" lon="137.30926662683487">
        <ele>822.05</ele>
      </trkpt>
      <trkpt lat="36.09837172552943" lon="137.3089593462646">
        <ele>820.67</ele>
      </trkpt>
      <trkpt lat="36.09825815074146" lon="137.30865206569433">
        <ele>819.28</ele>
      </trkpt>
      <trkpt lat="36.09814499504864" lon="137.3083459585905">
        <ele>817.79</ele>
      </trkpt>
      <trkpt lat="36.09804508276284" lon="137.3080940824002">
        <ele>816.26</ele>
      </trkpt>
      <trkpt lat="36.097945338115096" lon="137.30784287676215">
        <ele>814.74</ele>
      </trkpt>
      <trkpt lat="36.097904266789556" lon="137.30778923258185">
        <ele>813.24</ele>
      </trkpt>
      <trkpt lat="36.09780225902796" lon="137.3076556250453">
        <ele>811.66</ele>
      </trkpt>
      <trkpt lat="36.09774584881961" lon="137.30753794312477">
        <ele>810.1</ele>
      </trkpt>
      <trkpt lat="36.0976427514106" lon="137.30722647160292">
        <ele>808.49</ele>
      </trkpt>
      <trkpt lat="36.09753998927772" lon="137.30691583827138">
        <ele>806.83</ele>
      </trkpt>
      <trkpt lat="36.097506377846" lon="137.30666513554752">
        <ele>805.18</ele>
      </trkpt>
      <trkpt lat="36.0974944755435" lon="137.3063849285245">
        <ele>803.59</ele>
      </trkpt>
      <trkpt lat="36.09743186272681" lon="137.30620773509145">
        <ele>802.01</ele>
      </trkpt>
      <trkpt lat="36.09735298901796" lon="137.3060575313866">
        <ele>800.43</ele>
      </trkpt>
      <trkpt lat="36.09725173562765" lon="137.30591336265206">
        <ele>798.87</ele>
      </trkpt>
      <trkpt lat="36.09718803316355" lon="137.30582644231617">
        <ele>797.27</ele>
      </trkpt>
      <trkpt lat="36.09714939258993" lon="137.30573021806777">
        <ele>795.68</ele>
      </trkpt>
      <trkpt lat="36.09705870039761" lon="137.30546250008047">
        <ele>793.98</ele>
      </trkpt>
      <trkpt lat="36.096968008205295" lon="137.30519478209317">
        <ele>792.19</ele>
      </trkpt>
      <trkpt lat="36.096877651289105" lon="137.30492815375328">
        <ele>790.47</ele>
      </trkpt>
      <trkpt lat="36.0967883002013" lon="137.30470997281373">
        <ele>788.76</ele>
      </trkpt>
      <trkpt lat="36.09669903293252" lon="137.30449229478836">
        <ele>787.07</ele>
      </trkpt>
      <trkpt lat="36.096592331305146" lon="137.30412944220006">
        <ele>785.4</ele>
      </trkpt>
      <trkpt lat="36.096478924155235" lon="137.30387220159173">
        <ele>783.69</ele>
      </trkpt>
      <trkpt lat="36.09636568464339" lon="137.3036154638976">
        <ele>781.91</ele>
      </trkpt>
      <trkpt lat="36.0961907543242" lon="137.303431564942">
        <ele>780.06</ele>
      </trkpt>
      <trkpt lat="36.09601582400501" lon="137.30324766598642">
        <ele>778.23</ele>
      </trkpt>
      <trkpt lat="36.09584055840969" lon="137.3030634317547">
        <ele>776.39</ele>
      </trkpt>
      <trkpt lat="36.095743998885155" lon="137.30291398242116">
        <ele>774.63</ele>
      </trkpt>
      <trkpt lat="36.09567342326045" lon="137.30277257971466">
        <ele>772.93</ele>
      </trkpt>
      <trkpt lat="36.09558658674359" lon="137.30246027000248">
        <ele>771.3</ele>
      </trkpt>
      <trkpt lat="36.09556152485311" lon="137.3024301789701">
        <ele>769.6</ele>
      </trkpt>
      <trkpt lat="36.09551701694727" lon="137.30239992029965">
        <ele>767.86</ele>
      </trkpt>
      <trkpt lat="36.09545633196831" lon="137.3024047818035">
        <ele>766.11</ele>
      </trkpt>
      <trkpt lat="36.095251897349954" lon="137.30249010957778">
        <ele>764.29</ele>
      </trkpt>
      <trkpt lat="36.09504662454128" lon="137.30257585644722">
        <ele>762.64</ele>
      </trkpt>
      <trkpt lat="36.095007145777345" lon="137.3024925403297">
        <ele>760.92</ele>
      </trkpt>
      <trkpt lat="36.094930954277515" lon="137.3023382294923">
        <ele>759.17</ele>
      </trkpt>
      <trkpt lat="36.09484403394163" lon="137.3023067973554">
        <ele>757.5</ele>
      </trkpt>
      <trkpt lat="36.09481578692794" lon="137.30226547457278">
        <ele>755.8</ele>
      </trkpt>
      <trkpt lat="36.094759879633784" lon="137.30218718759716">
        <ele>754.11</ele>
      </trkpt>
      <trkpt lat="36.094675892964005" lon="137.30195065028965">
        <ele>752.37</ele>
      </trkpt>
      <trkpt lat="36.0944792535156" lon="137.30177647434175">
        <ele>750.68</ele>
      </trkpt>
      <trkpt lat="36.0942826140672" lon="137.3016022145748">
        <ele>748.95</ele>
      </trkpt>
      <trkpt lat="36.0940854717046" lon="137.30142753571272">
        <ele>747.14</ele>
      </trkpt>
      <trkpt lat="36.09393275342882" lon="137.30127213522792">
        <ele>745.37</ele>
      </trkpt>
      <trkpt lat="36.09377986751497" lon="137.30111648328602">
        <ele>743.62</ele>
      </trkpt>
      <trkpt lat="36.09347753226757" lon="137.30100919492543">
        <ele>741.91</ele>
      </trkpt>
      <trkpt lat="36.0931945592165" lon="137.30095027014613">
        <ele>740.12</ele>
      </trkpt>
      <trkpt lat="36.09291032887995" lon="137.30089117772877">
        <ele>738.35</ele>
      </trkpt>
      <trkpt lat="36.09266138635576" lon="137.3009018227458">
        <ele>736.7</ele>
      </trkpt>
      <trkpt lat="36.09251202084124" lon="137.3009930178523">
        <ele>735.12</ele>
      </trkpt>
      <trkpt lat="36.09227682463825" lon="137.3010963667184">
        <ele>733.48</ele>
      </trkpt>
      <trkpt lat="36.092125698924065" lon="137.30116090737283">
        <ele>731.91</ele>
      </trkpt>
      <trkpt lat="36.09197398647666" lon="137.30122578330338">
        <ele>730.44</ele>
      </trkpt>
      <trkpt lat="36.09176812693477" lon="137.30128613300622">
        <ele>729.02</ele>
      </trkpt>
      <trkpt lat="36.091561345383525" lon="137.30134673416615">
        <ele>727.61</ele>
      </trkpt>
      <trkpt lat="36.09135925769806" lon="137.30141253210604">
        <ele>726.27</ele>
      </trkpt>
      <trkpt lat="36.091156331822276" lon="137.30147858150303">
        <ele>724.97</ele>
      </trkpt>
      <trkpt lat="36.09110478311777" lon="137.30124212801456">
        <ele>723.77</ele>
      </trkpt>
      <trkpt lat="36.09105348587036" lon="137.30100642889738">
        <ele>722.59</ele>
      </trkpt>
      <trkpt lat="36.09099053777754" lon="137.3009501863271">
        <ele>721.45</ele>
      </trkpt>
      <trkpt lat="36.090780319646" lon="137.3009018227458">
        <ele>720.32</ele>
      </trkpt>
      <trkpt lat="36.090632965788245" lon="137.30092068202794">
        <ele>719.27</ele>
      </trkpt>
      <trkpt lat="36.09035762026906" lon="137.30099578388035">
        <ele>718.29</ele>
      </trkpt>
      <trkpt lat="36.090080263093114" lon="137.3010574746877">
        <ele>717.34</ele>
      </trkpt>
      <trkpt lat="36.08991983346641" lon="137.3011378571391">
        <ele>716.43</ele>
      </trkpt>
      <trkpt lat="36.089891670271754" lon="137.30109494179487">
        <ele>715.61</ele>
      </trkpt>
      <trkpt lat="36.08984003774822" lon="137.30084306560457">
        <ele>714.84</ele>
      </trkpt>
      <trkpt lat="36.089788656681776" lon="137.30059202760458">
        <ele>714.08</ele>
      </trkpt>
      <trkpt lat="36.08974624425173" lon="137.30041273869574">
        <ele>713.36</ele>
      </trkpt>
      <trkpt lat="36.08970617875457" lon="137.30022221803665">
        <ele>712.7</ele>
      </trkpt>
      <trkpt lat="36.08967256732285" lon="137.29999833740294">
        <ele>712.11</ele>
      </trkpt>
      <trkpt lat="36.08960257843137" lon="137.29980429634452">
        <ele>711.58</ele>
      </trkpt>
      <trkpt lat="36.08953275717795" lon="137.2996107582003">
        <ele>711.09</ele>
      </trkpt>
      <trkpt lat="36.08946008607745" lon="137.2994120232761">
        <ele>710.62</ele>
      </trkpt>
      <trkpt lat="36.08938758261502" lon="137.29921379126608">
        <ele>710.18</ele>
      </trkpt>
      <trkpt lat="36.08929228037596" lon="137.29899787344038">
        <ele>709.76</ele>
      </trkpt>
      <trkpt lat="36.089172922074795" lon="137.2986966278404">
        <ele>709.4</ele>
      </trkpt>
      <trkpt lat="36.0890534799546" lon="137.29839546605945">
        <ele>709.05</ele>
      </trkpt>
      <trkpt lat="36.088934540748596" lon="137.29809522628784">
        <ele>708.69</ele>
      </trkpt>
      <trkpt lat="36.088824989274144" lon="137.29782004840672">
        <ele>708.36</ele>
      </trkpt>
      <trkpt lat="36.08871568925679" lon="137.29754545725882">
        <ele>708.05</ele>
      </trkpt>
      <trkpt lat="36.088638324290514" lon="137.29735082946718">
        <ele>707.76</ele>
      </trkpt>
      <trkpt lat="36.088561126962304" lon="137.2971566207707">
        <ele>707.5</ele>
      </trkpt>
      <trkpt lat="36.08850379474461" lon="137.29702116921544">
        <ele>707.21</ele>
      </trkpt>
      <trkpt lat="36.08845492824912" lon="137.29696886613965">
        <ele>706.91</ele>
      </trkpt>
      <trkpt lat="36.08838125132024" lon="137.2969232685864">
        <ele>706.6</ele>
      </trkpt>
      <trkpt lat="36.08830103650689" lon="137.2968923393637">
        <ele>706.28</ele>
      </trkpt>
      <trkpt lat="36.08821218833327" lon="137.29687498882413">
        <ele>705.96</ele>
      </trkpt>
      <trkpt lat="36.08801571652293" lon="137.29684305377305">
        <ele>705.57</ele>
      </trkpt>
      <trkpt lat="36.08779409900308" lon="137.29679762385786">
        <ele>705.15</ele>
      </trkpt>
      <trkpt lat="36.08776199631393" lon="137.29681656695902">
        <ele>704.86</ele>
      </trkpt>
      <trkpt lat="36.087724696844816" lon="137.29683433659375">
        <ele>704.58</ele>
      </trkpt>
      <trkpt lat="36.087689995765686" lon="137.29673107154667">
        <ele>704.31</ele>
      </trkpt>
      <trkpt lat="36.08763149008155" lon="137.29661439545453">
        <ele>704.04</ele>
      </trkpt>
      <trkpt lat="36.08757088892162" lon="137.29650576598942">
        <ele>703.79</ele>
      </trkpt>
      <trkpt lat="36.08754473738372" lon="137.29645748622715">
        <ele>703.55</ele>
      </trkpt>
      <trkpt lat="36.087505761533976" lon="137.29643192142248">
        <ele>703.32</ele>
      </trkpt>
      <trkpt lat="36.08744725584984" lon="137.29641046375036">
        <ele>703.09</ele>
      </trkpt>
      <trkpt lat="36.08741255477071" lon="137.2964171692729">
        <ele>702.87</ele>
      </trkpt>
      <trkpt lat="36.08739956282079" lon="137.2963595855981">
        <ele>702.67</ele>
      </trkpt>
      <trkpt lat="36.087356144562364" lon="137.29601752012968">
        <ele>702.51</ele>
      </trkpt>
      <trkpt lat="36.08728615567088" lon="137.2957865986973">
        <ele>702.35</ele>
      </trkpt>
      <trkpt lat="36.08721633441746" lon="137.29555626399815">
        <ele>702.21</ele>
      </trkpt>
      <trkpt lat="36.08712966553867" lon="137.2952450439334">
        <ele>702.07</ele>
      </trkpt>
      <trkpt lat="36.08712966553867" lon="137.29506265372038">
        <ele>701.93</ele>
      </trkpt>
      <trkpt lat="36.08710586093366" lon="137.2949392721057">
        <ele>701.78</ele>
      </trkpt>
      <trkpt lat="36.08706898055971" lon="137.29485888965428">
        <ele>701.61</ele>
      </trkpt>
      <trkpt lat="36.087033273652196" lon="137.2948454786092">
        <ele>701.44</ele>
      </trkpt>
      <trkpt lat="36.08685222454369" lon="137.29489107616246">
        <ele>701.25</ele>
      </trkpt>
      <trkpt lat="36.08679153956473" lon="137.29484816081822">
        <ele>701.09</ele>
      </trkpt>
      <trkpt lat="36.086685340851545" lon="137.2946483362466">
        <ele>700.9</ele>
      </trkpt>
      <trkpt lat="36.08659758232534" lon="137.2944672871381">
        <ele>700.79</ele>
      </trkpt>
      <trkpt lat="36.08642525039613" lon="137.29416143149137">
        <ele>700.68</ele>
      </trkpt>
      <trkpt lat="36.08629516325891" lon="137.2938879299909">
        <ele>700.6</ele>
      </trkpt>
      <trkpt lat="36.0861748829484" lon="137.29357545264065">
        <ele>700.49</ele>
      </trkpt>
      <trkpt lat="36.08603289350867" lon="137.2932602930814">
        <ele>700.38</ele>
      </trkpt>
      <trkpt lat="36.08584765344858" lon="137.29295309633017">
        <ele>700.26</ele>
      </trkpt>
      <trkpt lat="36.085810186341405" lon="137.29292694479227">
        <ele>700.14</ele>
      </trkpt>
      <trkpt lat="36.085755452513695" lon="137.29292627424002">
        <ele>700.0</ele>
      </trkpt>
      <trkpt lat="36.08560374006629" lon="137.29305376298726">
        <ele>699.83</ele>
      </trkpt>
      <trkpt lat="36.085522435605526" lon="137.29314093478024">
        <ele>699.72</ele>
      </trkpt>
      <trkpt lat="36.08531003817916" lon="137.29341720230877">
        <ele>699.59</ele>
      </trkpt>
      <trkpt lat="36.08509755693376" lon="137.2936934698373">
        <ele>699.47</ele>
      </trkpt>
      <trkpt lat="36.08501088805497" lon="137.29380746372044">
        <ele>699.38</ele>
      </trkpt>
      <trkpt lat="36.084980545565486" lon="137.29387586005032">
        <ele>699.3</ele>
      </trkpt>
      <trkpt lat="36.08498213812709" lon="137.2939408197999">
        <ele>699.24</ele>
      </trkpt>
      <trkpt lat="36.08499898575246" lon="137.29398977011442">
        <ele>699.18</ele>
      </trkpt>
      <trkpt lat="36.08517777174711" lon="137.29419487528503">
        <ele>699.17</ele>
      </trkpt>
      <trkpt lat="36.08535664156079" lon="137.2944001480937">
        <ele>699.16</ele>
      </trkpt>
      <trkpt lat="36.08556568622589" lon="137.29462536983192">
        <ele>699.12</ele>
      </trkpt>
      <trkpt lat="36.085774982348084" lon="137.2948507592082">
        <ele>699.1</ele>
      </trkpt>
      <trkpt lat="36.085924599319696" lon="137.2949768230319">
        <ele>699.09</ele>
      </trkpt>
      <trkpt lat="36.086058961227536" lon="137.29513507336378">
        <ele>699.11</ele>
      </trkpt>
      <trkpt lat="36.08617261983454" lon="137.29527723044157">
        <ele>699.14</ele>
      </trkpt>
      <trkpt lat="36.08630161732435" lon="137.2954274341464">
        <ele>699.18</ele>
      </trkpt>
      <trkpt lat="36.08645006082952" lon="137.2955897077918">
        <ele>699.23</ele>
      </trkpt>
      <trkpt lat="36.08659867197275" lon="137.29575206525624">
        <ele>699.28</ele>
      </trkpt>
      <trkpt lat="36.086695063859224" lon="137.29584585875273">
        <ele>699.34</ele>
      </trkpt>
      <trkpt lat="36.086784498766065" lon="137.2959692403674">
        <ele>699.41</ele>
      </trkpt>
      <trkpt lat="36.086848955601454" lon="137.2960939630866">
        <ele>699.49</ele>
      </trkpt>
      <trkpt lat="36.08693679794669" lon="137.2963286563754">
        <ele>699.59</ele>
      </trkpt>
      <trkpt lat="36.08702866360545" lon="137.29668061248958">
        <ele>699.69</ele>
      </trkpt>
      <trkpt lat="36.08712061308324" lon="137.29703248478472">
        <ele>699.83</ele>
      </trkpt>
      <trkpt lat="36.087212059646845" lon="137.29738276451826">
        <ele>699.97</ele>
      </trkpt>
      <trkpt lat="36.087271738797426" lon="137.2976138535887">
        <ele>700.09</ele>
      </trkpt>
      <trkpt lat="36.087331250309944" lon="137.29784418828785">
        <ele>700.22</ele>
      </trkpt>
      <trkpt lat="36.08737902715802" lon="137.2980335354805">
        <ele>700.36</ele>
      </trkpt>
      <trkpt lat="36.087426636368036" lon="137.29822237975895">
        <ele>700.51</ele>
      </trkpt>
      <trkpt lat="36.08750467188656" lon="137.29838599450886">
        <ele>700.69</ele>
      </trkpt>
      <trkpt lat="36.08754809014499" lon="137.2985710669309">
        <ele>700.85</ele>
      </trkpt>
      <trkpt lat="36.08759578317404" lon="137.29887147434056">
        <ele>700.99</ele>
      </trkpt>
      <trkpt lat="36.087665017694235" lon="137.299128966406">
        <ele>701.12</ele>
      </trkpt>
      <trkpt lat="36.08776291832328" lon="137.29948176071048">
        <ele>701.19</ele>
      </trkpt>
      <trkpt lat="36.08786073513329" lon="137.29983447119594">
        <ele>701.29</ele>
      </trkpt>
      <trkpt lat="36.087958635762334" lon="137.30018726550043">
        <ele>701.41</ele>
      </trkpt>
      <trkpt lat="36.088055865839124" lon="137.3005378805101">
        <ele>701.66</ele>
      </trkpt>
      <trkpt lat="36.088139433413744" lon="137.3008246254176">
        <ele>701.83</ele>
      </trkpt>
      <trkpt lat="36.08822274953127" lon="137.30111053213477">
        <ele>702.0</ele>
      </trkpt>
      <trkpt lat="36.088308496400714" lon="137.3013925831765">
        <ele>702.16</ele>
      </trkpt>
      <trkpt lat="36.088393991813064" lon="137.3016737960279">
        <ele>702.32</ele>
      </trkpt>
      <trkpt lat="36.08850538730621" lon="137.3020139336586">
        <ele>702.5</ele>
      </trkpt>
      <trkpt lat="36.08861678279936" lon="137.30235415510833">
        <ele>702.69</ele>
      </trkpt>
      <trkpt lat="36.088727759197354" lon="137.30269295163453">
        <ele>702.87</ele>
      </trkpt>
      <trkpt lat="36.08884770423174" lon="137.3030364420265">
        <ele>703.08</ele>
      </trkpt>
      <trkpt lat="36.088967230170965" lon="137.30337892659009">
        <ele>703.26</ele>
      </trkpt>
      <trkpt lat="36.089036632329226" lon="137.303584869951">
        <ele>703.41</ele>
      </trkpt>
      <trkpt lat="36.08910142444074" lon="137.30381327681243">
        <ele>703.53</ele>
      </trkpt>
      <trkpt lat="36.08916596509516" lon="137.30404092930257">
        <ele>703.65</ele>
      </trkpt>
      <trkpt lat="36.089215418323874" lon="137.3044189531356">
        <ele>703.78</ele>
      </trkpt>
      <trkpt lat="36.089220866560936" lon="137.3046467732638">
        <ele>703.97</ele>
      </trkpt>
      <trkpt lat="36.089226230978966" lon="137.30487367138267">
        <ele>704.19</ele>
      </trkpt>
      <trkpt lat="36.08923167921603" lon="137.30511515401304">
        <ele>704.41</ele>
      </trkpt>
      <trkpt lat="36.08923712745309" lon="137.3053557984531">
        <ele>704.59</ele>
      </trkpt>
      <trkpt lat="36.089260932058096" lon="137.30566358193755">
        <ele>704.75</ele>
      </trkpt>
      <trkpt lat="36.0892815515399" lon="137.30591034516692">
        <ele>704.93</ele>
      </trkpt>
      <trkpt lat="36.089345421642065" lon="137.30622416362166">
        <ele>705.12</ele>
      </trkpt>
      <trkpt lat="36.089358581230044" lon="137.30651384219527">
        <ele>705.3</ele>
      </trkpt>
      <trkpt lat="36.0894142370671" lon="137.30678793042898">
        <ele>705.5</ele>
      </trkpt>
      <trkpt lat="36.089469976723194" lon="137.30706193484366">
        <ele>705.7</ele>
      </trkpt>
      <trkpt lat="36.08952538110316" lon="137.30733459815383">
        <ele>705.87</ele>
      </trkpt>
      <trkpt lat="36.08959587290883" lon="137.30768328532577">
        <ele>706.0</ele>
      </trkpt>
      <trkpt lat="36.08966418541968" lon="137.30804127641022">
        <ele>706.2</ele>
      </trkpt>
      <trkpt lat="36.089710872620344" lon="137.30834160000086">
        <ele>706.43</ele>
      </trkpt>
      <trkpt lat="36.089757392182946" lon="137.30864075012505">
        <ele>706.62</ele>
      </trkpt>
      <trkpt lat="36.089800810441375" lon="137.30896999128163">
        <ele>706.77</ele>
      </trkpt>
      <trkpt lat="36.08984406106174" lon="137.30929797515273">
        <ele>706.99</ele>
      </trkpt>
      <trkpt lat="36.089890748262405" lon="137.30960768647492">
        <ele>707.24</ele>
      </trkpt>
      <trkpt lat="36.08993743546307" lon="137.30991731397808">
        <ele>707.48</ele>
      </trkpt>
      <trkpt lat="36.089984122663736" lon="137.31022702530026">
        <ele>707.67</ele>
      </trkpt>
      <trkpt lat="36.090030474588275" lon="137.3105344735086">
        <ele>707.87</ele>
      </trkpt>
      <trkpt lat="36.09008185565472" lon="137.31083001941442">
        <ele>708.03</ele>
      </trkpt>
      <trkpt lat="36.09013323672116" lon="137.31112556532025">
        <ele>708.2</ele>
      </trkpt>
      <trkpt lat="36.090184366330504" lon="137.31141951866448">
        <ele>708.36</ele>
      </trkpt>
      <trkpt lat="36.09024077653885" lon="137.31173392385244">
        <ele>708.52</ele>
      </trkpt>
      <trkpt lat="36.090297270566225" lon="137.3120483290404">
        <ele>708.68</ele>
      </trkpt>
      <trkpt lat="36.09035368077457" lon="137.31236273422837">
        <ele>708.84</ele>
      </trkpt>
      <trkpt lat="36.09040975570679" lon="137.31267487630248">
        <ele>709.05</ele>
      </trkpt>
      <trkpt lat="36.090457532554865" lon="137.31296371668577">
        <ele>709.26</ele>
      </trkpt>
      <trkpt lat="36.09050505794585" lon="137.31325146742165">
        <ele>709.49</ele>
      </trkpt>
      <trkpt lat="36.09056574292481" lon="137.31346076354384">
        <ele>709.7</ele>
      </trkpt>
      <trkpt lat="36.09058619476855" lon="137.31367483735085">
        <ele>709.9</ele>
      </trkpt>
      <trkpt lat="36.090551409870386" lon="137.3138911742717">
        <ele>710.1</ele>
      </trkpt>
      <trkpt lat="36.09051687642932" lon="137.31410667300224">
        <ele>710.32</ele>
      </trkpt>
      <trkpt lat="36.090445294976234" lon="137.31434807181358">
        <ele>710.4</ele>
      </trkpt>
      <trkpt lat="36.09039332717657" lon="137.31451663188636">
        <ele>710.44</ele>
      </trkpt>
      <trkpt lat="36.09025008045137" lon="137.31483346782625">
        <ele>710.34</ele>
      </trkpt>
      <trkpt lat="36.090107169002295" lon="137.31514963321388">
        <ele>710.4</ele>
      </trkpt>
      <trkpt lat="36.089968364685774" lon="137.315424811095">
        <ele>710.6</ele>
      </trkpt>
      <trkpt lat="36.08982972800732" lon="137.31569956988096">
        <ele>710.84</ele>
      </trkpt>
      <trkpt lat="36.08970835804939" lon="137.31598656624556">
        <ele>711.03</ele>
      </trkpt>
      <trkpt lat="36.08962604776025" lon="137.3162306472659">
        <ele>711.19</ele>
      </trkpt>
      <trkpt lat="36.08957617543638" lon="137.3164827749133">
        <ele>711.36</ele>
      </trkpt>
      <trkpt lat="36.08955128118396" lon="137.31668528169394">
        <ele>711.54</ele>
      </trkpt>
      <trkpt lat="36.0895577352494" lon="137.31689575128257">
        <ele>711.72</ele>
      </trkpt>
      <trkpt lat="36.08957617543638" lon="137.31708752922714">
        <ele>711.84</ele>
      </trkpt>
      <trkpt lat="36.089609786868095" lon="137.31725055724382">
        <ele>711.99</ele>
      </trkpt>
      <trkpt lat="36.08964658342302" lon="137.31739472597837">
        <ele>712.15</ele>
      </trkpt>
      <trkpt lat="36.089753452688456" lon="137.31767736375332">
        <ele>712.29</ele>
      </trkpt>
      <trkpt lat="36.08986015431583" lon="137.317959330976">
        <ele>712.37</ele>
      </trkpt>
      <trkpt lat="36.08998781070113" lon="137.31830223463476">
        <ele>712.47</ele>
      </trkpt>
      <trkpt lat="36.090115467086434" lon="137.31864505447447">
        <ele>712.57</ele>
      </trkpt>
      <trkpt lat="36.09024262055755" lon="137.3189866170287">
        <ele>712.65</ele>
      </trkpt>
      <trkpt lat="36.09033741988242" lon="137.31921527534723">
        <ele>712.73</ele>
      </trkpt>
      <trkpt lat="36.090440936386585" lon="137.31941702775657">
        <ele>712.82</ele>
      </trkpt>
      <trkpt lat="36.090549398213625" lon="137.3195807263255">
        <ele>712.87</ele>
      </trkpt>
      <trkpt lat="36.09070756472647" lon="137.31980066746473">
        <ele>712.93</ele>
      </trkpt>
      <trkpt lat="36.09085064381361" lon="137.3199951276183">
        <ele>713.0</ele>
      </trkpt>
      <trkpt lat="36.090897833928466" lon="137.32009705156088">
        <ele>713.08</ele>
      </trkpt>
      <trkpt lat="36.090962290763855" lon="137.32026594690979">
        <ele>713.15</ele>
      </trkpt>
      <trkpt lat="36.09103764407337" lon="137.32043710537255">
        <ele>713.21</ele>
      </trkpt>
      <trkpt lat="36.091112829744816" lon="137.32060792855918">
        <ele>713.25</ele>
      </trkpt>
      <trkpt lat="36.09122556634247" lon="137.32086416333914">
        <ele>713.27</ele>
      </trkpt>
      <trkpt lat="36.091305864974856" lon="137.32108276337385">
        <ele>713.29</ele>
      </trkpt>
      <trkpt lat="36.09136168844998" lon="137.3212792351842">
        <ele>713.34</ele>
      </trkpt>
      <trkpt lat="36.09139798209071" lon="137.32144896872342">
        <ele>713.4</ele>
      </trkpt>
      <trkpt lat="36.09144232235849" lon="137.32173588126898">
        <ele>713.47</ele>
      </trkpt>
      <trkpt lat="36.09146629460156" lon="137.32199052348733">
        <ele>713.52</ele>
      </trkpt>
      <trkpt lat="36.09149009920657" lon="137.3222441598773">
        <ele>713.58</ele>
      </trkpt>
      <trkpt lat="36.09150200150907" lon="137.32244641520083">
        <ele>713.65</ele>
      </trkpt>
      <trkpt lat="36.09151381999254" lon="137.32264783233404">
        <ele>713.74</ele>
      </trkpt>
      <trkpt lat="36.0915089584887" lon="137.3229508381337">
        <ele>713.84</ele>
      </trkpt>
      <trkpt lat="36.091504180803895" lon="137.3232526704669">
        <ele>713.9</ele>
      </trkpt>
      <trkpt lat="36.09148892574012" lon="137.3234757129103">
        <ele>713.98</ele>
      </trkpt>
      <trkpt lat="36.09147375449538" lon="137.32369783334434">
        <ele>714.03</ele>
      </trkpt>
      <trkpt lat="36.091436287388206" lon="137.32400964014232">
        <ele>714.03</ele>
      </trkpt>
      <trkpt lat="36.09139898791909" lon="137.32432018965483">
        <ele>713.99</ele>
      </trkpt>
      <trkpt lat="36.09140762127936" lon="137.3244408890605">
        <ele>714.02</ele>
      </trkpt>
      <trkpt lat="36.09136864542961" lon="137.3248029872775">
        <ele>714.09</ele>
      </trkpt>
      <trkpt lat="36.09131223522127" lon="137.32492494396865">
        <ele>714.21</ele>
      </trkpt>
      <trkpt lat="36.09125632792711" lon="137.3252884671092">
        <ele>714.41</ele>
      </trkpt>
      <trkpt lat="36.091200672090054" lon="137.3256505653262">
        <ele>714.55</ele>
      </trkpt>
      <trkpt lat="36.09116597101092" lon="137.32588106766343">
        <ele>714.66</ele>
      </trkpt>
      <trkpt lat="36.09115515835583" lon="137.32607158832252">
        <ele>714.74</ele>
      </trkpt>
      <trkpt lat="36.09115515835583" lon="137.32622648589313">
        <ele>714.83</ele>
      </trkpt>
      <trkpt lat="36.09116387553513" lon="137.3263088800013">
        <ele>714.94</ele>
      </trkpt>
      <trkpt lat="36.091215843334794" lon="137.32637325301766">
        <ele>715.03</ele>
      </trkpt>
      <trkpt lat="36.09122238121927" lon="137.3265342693776">
        <ele>715.18</ele>
      </trkpt>
      <trkpt lat="36.09119572676718" lon="137.326569724828">
        <ele>715.36</ele>
      </trkpt>
      <trkpt lat="36.09118432737887" lon="137.3266307450831">
        <ele>715.53</ele>
      </trkpt>
      <trkpt lat="36.09117133542895" lon="137.3266508616507">
        <ele>715.73</ele>
      </trkpt>
      <trkpt lat="36.09118876978755" lon="137.32678765431046">
        <ele>715.97</ele>
      </trkpt>
      <trkpt lat="36.09120285138488" lon="137.32689485885203">
        <ele>716.19</ele>
      </trkpt>
      <trkpt lat="36.09122598543763" lon="137.32710951939225">
        <ele>716.45</ele>
      </trkpt>
      <trkpt lat="36.09124895185232" lon="137.32732334174216">
        <ele>716.69</ele>
      </trkpt>
      <trkpt lat="36.091255992650986" lon="137.3274407722056">
        <ele>716.94</ele>
      </trkpt>
      <trkpt lat="36.09123973175883" lon="137.32768669724464">
        <ele>717.22</ele>
      </trkpt>
      <trkpt lat="36.09122355468571" lon="137.32793161645532">
        <ele>717.57</ele>
      </trkpt>
      <trkpt lat="36.091199247166514" lon="137.32828550040722">
        <ele>717.93</ele>
      </trkpt>
      <trkpt lat="36.09117502346635" lon="137.3286393005401">
        <ele>718.22</ele>
      </trkpt>
      <trkpt lat="36.091150883585215" lon="137.3289910890162">
        <ele>718.54</ele>
      </trkpt>
      <trkpt lat="36.091131353750825" lon="137.3292995430529">
        <ele>718.91</ele>
      </trkpt>
      <trkpt lat="36.09107963740826" lon="137.32929786667228">
        <ele>719.28</ele>
      </trkpt>
      <trkpt lat="36.0907684173435" lon="137.32926350086927">
        <ele>719.65</ele>
      </trkpt>
      <trkpt lat="36.09045568853617" lon="137.32922905124724">
        <ele>720.0</ele>
      </trkpt>
      <trkpt lat="36.090269861742854" lon="137.32920583337545">
        <ele>720.38</ele>
      </trkpt>
      <trkpt lat="36.090083196759224" lon="137.3291824478656">
        <ele>720.8</ele>
      </trkpt>
      <trkpt lat="36.08977239578962" lon="137.3291372694075">
        <ele>721.32</ele>
      </trkpt>
      <trkpt lat="36.089753955602646" lon="137.3291707970202">
        <ele>721.73</ele>
      </trkpt>
      <trkpt lat="36.08972788788378" lon="137.32951336540282">
        <ele>722.12</ele>
      </trkpt>
      <trkpt lat="36.08970182016492" lon="137.32985467649996">
        <ele>722.48</ele>
      </trkpt>
      <trkpt lat="36.089682625606656" lon="137.3300519026816">
        <ele>722.85</ele>
      </trkpt>
      <trkpt lat="36.08966343104839" lon="137.33024837449193">
        <ele>723.22</ele>
      </trkpt>
      <trkpt lat="36.08964851126075" lon="137.3304623644799">
        <ele>723.6</ele>
      </trkpt>
      <trkpt lat="36.089633675292134" lon="137.33067543245852">
        <ele>724.03</ele>
      </trkpt>
      <trkpt lat="36.08961305581033" lon="137.33090006746352">
        <ele>724.48</ele>
      </trkpt>
      <trkpt lat="36.08956754207611" lon="137.33115286566317">
        <ele>724.92</ele>
      </trkpt>
      <trkpt lat="36.08951775357127" lon="137.33135545626283">
        <ele>725.31</ele>
      </trkpt>
      <trkpt lat="36.08946243301034" lon="137.3315538559109">
        <ele>725.66</ele>
      </trkpt>
      <trkpt lat="36.08937928453088" lon="137.3318022955209">
        <ele>726.0</ele>
      </trkpt>
      <trkpt lat="36.089296052232385" lon="137.33205081894994">
        <ele>726.36</ele>
      </trkpt>
      <trkpt lat="36.08921315521002" lon="137.33229825273156">
        <ele>726.7</ele>
      </trkpt>
      <trkpt lat="36.08912145718932" lon="137.33256680890918">
        <ele>727.02</ele>
      </trkpt>
      <trkpt lat="36.08903009444475" lon="137.33283452689648">
        <ele>727.39</ele>
      </trkpt>
      <trkpt lat="36.08894652687013" lon="137.3330840561539">
        <ele>727.75</ele>
      </trkpt>
      <trkpt lat="36.088908640667796" lon="137.3332034982741">
        <ele>728.08</ele>
      </trkpt>
      <trkpt lat="36.088874442502856" lon="137.3333475831896">
        <ele>728.39</ele>
      </trkpt>
      <trkpt lat="36.08885985799134" lon="137.33347431756556">
        <ele>728.66</ele>
      </trkpt>
      <trkpt lat="36.08885558322072" lon="137.3335708770901">
        <ele>728.92</ele>
      </trkpt>
      <trkpt lat="36.088853320106864" lon="137.33382032252848">
        <ele>729.13</ele>
      </trkpt>
      <trkpt lat="36.088872849941254" lon="137.33402827754617">
        <ele>729.33</ele>
      </trkpt>
      <trkpt lat="36.08890537172556" lon="137.33420656062663">
        <ele>729.53</ele>
      </trkpt>
      <trkpt lat="36.088919788599014" lon="137.33425769023597">
        <ele>729.72</ele>
      </trkpt>
      <trkpt lat="36.08892733231187" lon="137.3342844285071">
        <ele>729.91</ele>
      </trkpt>
      <trkpt lat="36.089029340073466" lon="137.33464216813445">
        <ele>730.09</ele>
      </trkpt>
      <trkpt lat="36.08914224430919" lon="137.33498649671674">
        <ele>730.35</ele>
      </trkpt>
      <trkpt lat="36.08925514854491" lon="137.3353481758386">
        <ele>730.53</ele>
      </trkpt>
      <trkpt lat="36.08936805278063" lon="137.33570985496044">
        <ele>730.64</ele>
      </trkpt>
      <trkpt lat="36.08948045410216" lon="137.33607002533972">
        <ele>730.78</ele>
      </trkpt>
      <trkpt lat="36.089557902887464" lon="137.33631268143654">
        <ele>730.91</ele>
      </trkpt>
      <trkpt lat="36.08963526785374" lon="137.33655533753335">
        <ele>731.02</ele>
      </trkpt>
      <trkpt lat="36.089712381362915" lon="137.3367969878018">
        <ele>731.17</ele>
      </trkpt>
      <trkpt lat="36.089811623096466" lon="137.33710720203817">
        <ele>731.33</ele>
      </trkpt>
      <trkpt lat="36.089910697191954" lon="137.33741657808423">
        <ele>731.42</ele>
      </trkpt>
      <trkpt lat="36.08993349596858" lon="137.33742194250226">
        <ele>731.49</ele>
      </trkpt>
      <trkpt lat="36.08997247181833" lon="137.33752386644483">
        <ele>731.55</ele>
      </trkpt>
      <trkpt lat="36.09006995335221" lon="137.33786174096167">
        <ele>731.54</ele>
      </trkpt>
      <trkpt lat="36.09008738771081" lon="137.33800934627652">
        <ele>731.6</ele>
      </trkpt>
      <trkpt lat="36.09015234746039" lon="137.33823993243277">
        <ele>731.66</ele>
      </trkpt>
      <trkpt lat="36.09018914401531" lon="137.33843313530087">
        <ele>731.73</ele>
      </trkpt>
      <trkpt lat="36.0902086738497" lon="137.33860747888684">
        <ele>731.8</ele>
      </trkpt>
      <trkpt lat="36.090217391029" lon="137.33888106420636">
        <ele>731.86</ele>
      </trkpt>
      <trkpt lat="36.09020213596523" lon="137.3391197808087">
        <ele>731.99</ele>
      </trkpt>
      <trkpt lat="36.09016316011548" lon="137.3394147399813">
        <ele>732.09</ele>
      </trkpt>
      <trkpt lat="36.09011429361999" lon="137.33966468833387">
        <ele>732.23</ele>
      </trkpt>
      <trkpt lat="36.090065678581595" lon="137.33991363085806">
        <ele>732.37</ele>
      </trkpt>
      <trkpt lat="36.09000499360263" lon="137.34022753313184">
        <ele>732.5</ele>
      </trkpt>
      <trkpt lat="36.08993559144437" lon="137.3404903896153">
        <ele>732.62</ele>
      </trkpt>
      <trkpt lat="36.08981413766742" lon="137.34080957248807">
        <ele>732.79</ele>
      </trkpt>
      <trkpt lat="36.08972646296024" lon="137.3409973271191">
        <ele>732.99</ele>
      </trkpt>
      <trkpt lat="36.089666867628694" lon="137.34111266210675">
        <ele>733.17</ele>
      </trkpt>
      <trkpt lat="36.0895215254277" lon="137.34138624742627">
        <ele>733.4</ele>
      </trkpt>
      <trkpt lat="36.08941214159131" lon="137.3415578249842">
        <ele>733.65</ele>
      </trkpt>
      <trkpt lat="36.08930267393589" lon="137.34169461764395">
        <ele>733.91</ele>
      </trkpt>
      <trkpt lat="36.08916931785643" lon="137.34193081967533">
        <ele>734.24</ele>
      </trkpt>
      <trkpt lat="36.089036045596" lon="137.3421667702496">
        <ele>734.48</ele>
      </trkpt>
      <trkpt lat="36.08893630094826" lon="137.34235058538616">
        <ele>734.77</ele>
      </trkpt>
      <trkpt lat="36.08883664011955" lon="137.34253423288465">
        <ele>735.07</ele>
      </trkpt>
      <trkpt lat="36.08871744945645" lon="137.3427219875157">
        <ele>735.36</ele>
      </trkpt>
      <trkpt lat="36.08863513916731" lon="137.34290705993772">
        <ele>735.71</ele>
      </trkpt>
      <trkpt lat="36.08855701982975" lon="137.34303974546492">
        <ele>736.03</ele>
      </trkpt>
      <trkpt lat="36.0885148588568" lon="137.34310554340482">
        <ele>736.38</ele>
      </trkpt>
      <trkpt lat="36.088399942964315" lon="137.34334694221616">
        <ele>736.8</ele>
      </trkpt>
      <trkpt lat="36.088326182216406" lon="137.34354274347425">
        <ele>737.25</ele>
      </trkpt>
      <trkpt lat="36.088270861655474" lon="137.34373074956238">
        <ele>737.7</ele>
      </trkpt>
      <trkpt lat="36.08821562491357" lon="137.34391825273633">
        <ele>738.15</ele>
      </trkpt>
      <trkpt lat="36.088186372071505" lon="137.34416233375669">
        <ele>738.53</ele>
      </trkpt>
      <trkpt lat="36.088171200826764" lon="137.34436727128923">
        <ele>738.89</ele>
      </trkpt>
      <trkpt lat="36.088156029582024" lon="137.34457137063146">
        <ele>739.22</ele>
      </trkpt>
      <trkpt lat="36.088156616315246" lon="137.34490597620606">
        <ele>739.57</ele>
      </trkpt>
      <trkpt lat="36.088157119229436" lon="137.34523924067616">
        <ele>740.01</ele>
      </trkpt>
      <trkpt lat="36.08815552666783" lon="137.34553017653525">
        <ele>740.38</ele>
      </trkpt>
      <trkpt lat="36.0881538502872" lon="137.3458199389279">
        <ele>740.74</ele>
      </trkpt>
      <trkpt lat="36.08816030435264" lon="137.34615873545408">
        <ele>741.02</ele>
      </trkpt>
      <trkpt lat="36.08816667459905" lon="137.34649619087577">
        <ele>741.3</ele>
      </trkpt>
      <trkpt lat="36.088181929662824" lon="137.34674002043903">
        <ele>741.58</ele>
      </trkpt>
      <trkpt lat="36.08820581808686" lon="137.34697454608977">
        <ele>741.86</ele>
      </trkpt>
      <trkpt lat="36.08827312476933" lon="137.34733547084033">
        <ele>742.21</ele>
      </trkpt>
      <trkpt lat="36.0883142799139" lon="137.3475150950253">
        <ele>742.48</ele>
      </trkpt>
      <trkpt lat="36.08839315362275" lon="137.3477711621672">
        <ele>742.71</ele>
      </trkpt>
      <trkpt lat="36.08847202733159" lon="137.34802722930908">
        <ele>742.87</ele>
      </trkpt>
      <trkpt lat="36.08855056576431" lon="137.34828212298453">
        <ele>743.08</ele>
      </trkpt>
      <trkpt lat="36.08860035426915" lon="137.34847666695714">
        <ele>743.3</ele>
      </trkpt>
      <trkpt lat="36.08864159323275" lon="137.34869526699185">
        <ele>743.48</ele>
      </trkpt>
      <trkpt lat="36.08866263180971" lon="137.34887363389134">
        <ele>743.69</ele>
      </trkpt>
      <trkpt lat="36.088673025369644" lon="137.349084187299">
        <ele>743.82</ele>
      </trkpt>
      <trkpt lat="36.08866548165679" lon="137.34933480620384">
        <ele>743.93</ele>
      </trkpt>
      <trkpt lat="36.088657854124904" lon="137.3495844192803">
        <ele>744.02</ele>
      </trkpt>
      <trkpt lat="36.08864561654627" lon="137.34978835098445">
        <ele>744.11</ele>
      </trkpt>
      <trkpt lat="36.088633462786674" lon="137.3499914444983">
        <ele>744.2</ele>
      </trkpt>
      <trkpt lat="36.08861669898033" lon="137.3503098729998">
        <ele>744.31</ele>
      </trkpt>
      <trkpt lat="36.08852667734027" lon="137.35031138174236">
        <ele>744.39</ele>
      </trkpt>
      <trkpt lat="36.088509326800704" lon="137.350429398939">
        <ele>744.48</ele>
      </trkpt>
      <trkpt lat="36.08830782584846" lon="137.35044674947858">
        <ele>744.54</ele>
      </trkpt>
      <trkpt lat="36.08824051916599" lon="137.35049502924085">
        <ele>744.62</ele>
      </trkpt>
      <trkpt lat="36.08822853304446" lon="137.3507372662425">
        <ele>744.68</ele>
      </trkpt>
      <trkpt lat="36.08821654692292" lon="137.35097849741578">
        <ele>744.73</ele>
      </trkpt>
      <trkpt lat="36.0880761500448" lon="137.35098788514733">
        <ele>744.79</ele>
      </trkpt>
      <trkpt lat="36.08806123025715" lon="137.35115074552596">
        <ele>744.8</ele>
      </trkpt>
      <trkpt lat="36.08802895992994" lon="137.35145316459239">
        <ele>744.86</ele>
      </trkpt>
      <trkpt lat="36.08799216337502" lon="137.35163019038737">
        <ele>744.86</ele>
      </trkpt>
      <trkpt lat="36.08797263354063" lon="137.35167578794062">
        <ele>744.9</ele>
      </trkpt>
      <trkpt lat="36.087970454245806" lon="137.35182062722743">
        <ele>744.95</ele>
      </trkpt>
      <trkpt lat="36.087906416505575" lon="137.3518514726311">
        <ele>745.04</ele>
      </trkpt>
      <trkpt lat="36.087949834764004" lon="137.3520137462765">
        <ele>745.05</ele>
      </trkpt>
      <trkpt lat="36.08797372318804" lon="137.35215598717332">
        <ele>745.1</ele>
      </trkpt>
      <trkpt lat="36.087984535843134" lon="137.3524831328541">
        <ele>745.26</ele>
      </trkpt>
      <trkpt lat="36.08799325302243" lon="137.35256628133357">
        <ele>745.3</ele>
      </trkpt>
      <trkpt lat="36.088100457563996" lon="137.35279158689082">
        <ele>745.29</ele>
      </trkpt>
      <trkpt lat="36.08811344951391" lon="137.35285461880267">
        <ele>745.31</ele>
      </trkpt>
      <trkpt lat="36.0881416965276" lon="137.35294044949114">
        <ele>745.32</ele>
      </trkpt>
      <trkpt lat="36.08823549002409" lon="137.35310959629714">
        <ele>745.32</ele>
      </trkpt>
      <trkpt lat="36.08832928352058" lon="137.35327849164605">
        <ele>745.37</ele>
      </trkpt>
      <trkpt lat="36.08834755606949" lon="137.35333213582635">
        <ele>745.39</ele>
      </trkpt>
      <trkpt lat="36.08834646642208" lon="137.35351318493485">
        <ele>745.42</ele>
      </trkpt>
      <trkpt lat="36.088386699557304" lon="137.35361368395388">
        <ele>745.43</ele>
      </trkpt>
      <trkpt lat="36.0884765535593" lon="137.35362449660897">
        <ele>745.41</ele>
      </trkpt>
      <trkpt lat="36.08846138231456" lon="137.35392859205604">
        <ele>745.49</ele>
      </trkpt>
      <trkpt lat="36.08844612725079" lon="137.35423277132213">
        <ele>745.56</ele>
      </trkpt>
      <trkpt lat="36.08843103982508" lon="137.3545350227505">
        <ele>745.69</ele>
      </trkpt>
      <trkpt lat="36.08840933069587" lon="137.35486761666834">
        <ele>745.78</ele>
      </trkpt>
      <trkpt lat="36.088407738134265" lon="137.3551148828119">
        <ele>745.83</ele>
      </trkpt>
      <trkpt lat="36.08840614557266" lon="137.35536114312708">
        <ele>745.86</ele>
      </trkpt>
      <trkpt lat="36.08842073008418" lon="137.35557504929602">
        <ele>745.87</ele>
      </trkpt>
      <trkpt lat="36.08840505592525" lon="137.3557406757027">
        <ele>745.93</ele>
      </trkpt>
      <trkpt lat="36.08839524909854" lon="137.3559063859284">
        <ele>745.99</ele>
      </trkpt>
      <trkpt lat="36.08837035484612" lon="137.35602633096278">
        <ele>746.08</ele>
      </trkpt>
      <trkpt lat="36.0883367434144" lon="137.35615633428097">
        <ele>746.18</ele>
      </trkpt>
      <trkpt lat="36.08830589801073" lon="137.35625565983355">
        <ele>746.33</ele>
      </trkpt>
      <trkpt lat="36.08823389746249" lon="137.35638163983822">
        <ele>746.52</ele>
      </trkpt>
      <trkpt lat="36.088139517232776" lon="137.35651725903153">
        <ele>746.73</ele>
      </trkpt>
      <trkpt lat="36.08807723969221" lon="137.3565882537514">
        <ele>746.95</ele>
      </trkpt>
      <trkpt lat="36.08805066905916" lon="137.35666737891734">
        <ele>747.18</ele>
      </trkpt>
      <trkpt lat="36.088089644908905" lon="137.356782797724">
        <ele>747.44</ele>
      </trkpt>
      <trkpt lat="36.08818603679538" lon="137.35700667835772">
        <ele>747.66</ele>
      </trkpt>
      <trkpt lat="36.088278321549296" lon="137.35723223537207">
        <ele>747.87</ele>
      </trkpt>
      <trkpt lat="36.08837035484612" lon="137.35745728947222">
        <ele>748.14</ele>
      </trkpt>
      <trkpt lat="36.08851695433259" lon="137.35773053951561">
        <ele>748.66</ele>
      </trkpt>
      <trkpt lat="36.088583171367645" lon="137.35784319229424">
        <ele>749.18</ele>
      </trkpt>
      <trkpt lat="36.088652489706874" lon="137.35793698579073">
        <ele>749.7</ele>
      </trkpt>
      <trkpt lat="36.088892882689834" lon="137.35813186503947">
        <ele>750.26</ele>
      </trkpt>
      <trkpt lat="36.089133778586984" lon="137.3583272472024">
        <ele>750.78</ele>
      </trkpt>
      <trkpt lat="36.089347349479795" lon="137.35849153250456">
        <ele>751.46</ele>
      </trkpt>
      <trkpt lat="36.08949084766209" lon="137.35859856940806">
        <ele>752.05</ele>
      </trkpt>
      <trkpt lat="36.08964188955724" lon="137.35874969512224">
        <ele>752.63</ele>
      </trkpt>
      <trkpt lat="36.089786142110825" lon="137.35892169177532">
        <ele>753.14</ele>
      </trkpt>
      <trkpt lat="36.08993056230247" lon="137.35909385606647">
        <ele>753.63</ele>
      </trkpt>
      <trkpt lat="36.09005075879395" lon="137.35924238339067">
        <ele>754.13</ele>
      </trkpt>
      <trkpt lat="36.090147737413645" lon="137.35943734645844">
        <ele>754.69</ele>
      </trkpt>
      <trkpt lat="36.090209847316146" lon="137.35959324985743">
        <ele>755.19</ele>
      </trkpt>
      <trkpt lat="36.09029064886272" lon="137.35984445549548">
        <ele>755.66</ele>
      </trkpt>
      <trkpt lat="36.09037136659026" lon="137.36019347794354">
        <ele>756.18</ele>
      </trkpt>
      <trkpt lat="36.09044789336622" lon="137.36046630889177">
        <ele>756.71</ele>
      </trkpt>
      <trkpt lat="36.09052416868508" lon="137.36073821783066">
        <ele>757.26</ele>
      </trkpt>
      <trkpt lat="36.09059792943299" lon="137.3609270621091">
        <ele>757.74</ele>
      </trkpt>
      <trkpt lat="36.0906714387238" lon="137.36111531965435">
        <ele>758.25</ele>
      </trkpt>
      <trkpt lat="36.09077822417021" lon="137.3613789305091">
        <ele>758.81</ele>
      </trkpt>
      <trkpt lat="36.090837232768536" lon="137.3615031503141">
        <ele>759.34</ele>
      </trkpt>
      <trkpt lat="36.09086723998189" lon="137.36160205677152">
        <ele>759.89</ele>
      </trkpt>
      <trkpt lat="36.09088425524533" lon="137.3616915754974">
        <ele>760.42</ele>
      </trkpt>
      <trkpt lat="36.090900180861354" lon="137.361822668463">
        <ele>760.97</ele>
      </trkpt>
      <trkpt lat="36.09089934267104" lon="137.36195736564696">
        <ele>761.51</ele>
      </trkpt>
      <trkpt lat="36.09087344259024" lon="137.36212123185396">
        <ele>762.02</ele>
      </trkpt>
      <trkpt lat="36.09084762632847" lon="137.36233471892774">
        <ele>762.53</ele>
      </trkpt>
      <trkpt lat="36.09079582616687" lon="137.36262733116746">
        <ele>763.11</ele>
      </trkpt>
      <trkpt lat="36.09074813313782" lon="137.36296964809299">
        <ele>763.64</ele>
      </trkpt>
      <trkpt lat="36.090743439272046" lon="137.36311457119882">
        <ele>764.13</ele>
      </trkpt>
      <trkpt lat="36.09074796549976" lon="137.3632915969938">
        <ele>764.59</ele>
      </trkpt>
      <trkpt lat="36.090788366273046" lon="137.3636322375387">
        <ele>765.04</ele>
      </trkpt>
      <trkpt lat="36.09081879258156" lon="137.36383935436606">
        <ele>765.46</ele>
      </trkpt>
      <trkpt lat="36.09084913507104" lon="137.36404571682215">
        <ele>765.85</ele>
      </trkpt>
      <trkpt lat="36.09086665324867" lon="137.3642028775066">
        <ele>766.26</ele>
      </trkpt>
      <trkpt lat="36.090880231931806" lon="137.36450663767755">
        <ele>766.67</ele>
      </trkpt>
      <trkpt lat="36.09083002433181" lon="137.3648791294545">
        <ele>767.03</ele>
      </trkpt>
      <trkpt lat="36.090779984369874" lon="137.3650115635246">
        <ele>767.43</ele>
      </trkpt>
      <trkpt lat="36.09067244455218" lon="137.36523058265448">
        <ele>767.96</ele>
      </trkpt>
      <trkpt lat="36.0906473826617" lon="137.3653168324381">
        <ele>768.39</ele>
      </trkpt>
      <trkpt lat="36.09062424860895" lon="137.36554917879403">
        <ele>768.79</ele>
      </trkpt>
      <trkpt lat="36.09061326831579" lon="137.36581689678133">
        <ele>769.27</ele>
      </trkpt>
      <trkpt lat="36.09061134047806" lon="137.36603633500636">
        <ele>769.7</ele>
      </trkpt>
      <trkpt lat="36.09062139876187" lon="137.36624772660434">
        <ele>770.1</ele>
      </trkpt>
      <trkpt lat="36.090645538643" lon="137.36642517149448">
        <ele>770.49</ele>
      </trkpt>
      <trkpt lat="36.09070312231779" lon="137.36664888449013">
        <ele>770.94</ele>
      </trkpt>
      <trkpt lat="36.090760454535484" lon="137.3668718431145">
        <ele>771.4</ele>
      </trkpt>
      <trkpt lat="36.09084444120526" lon="137.36712128855288">
        <ele>771.83</ele>
      </trkpt>
      <trkpt lat="36.09091409482062" lon="137.36713604070246">
        <ele>772.18</ele>
      </trkpt>
      <trkpt lat="36.09104543924332" lon="137.36711458303034">
        <ele>772.46</ele>
      </trkpt>
      <trkpt lat="36.09116085804999" lon="137.36712774261832">
        <ele>772.76</ele>
      </trkpt>
      <trkpt lat="36.09131298959255" lon="137.367190355435">
        <ele>773.06</ele>
      </trkpt>
      <trkpt lat="36.09144349582493" lon="137.36725305207074">
        <ele>773.34</ele>
      </trkpt>
      <trkpt lat="36.091535948216915" lon="137.367245843634">
        <ele>773.64</ele>
      </trkpt>
      <trkpt lat="36.091669388115406" lon="137.36719463020563">
        <ele>774.03</ele>
      </trkpt>
      <trkpt lat="36.09184239059687" lon="137.36714953556657">
        <ele>774.45</ele>
      </trkpt>
      <trkpt lat="36.09188421629369" lon="137.3670911975205">
        <ele>774.86</ele>
      </trkpt>
      <trkpt lat="36.09185923822224" lon="137.36696605570614">
        <ele>775.19</ele>
      </trkpt>
      <trkpt lat="36.09184507280588" lon="137.3668168578297">
        <ele>775.5</ele>
      </trkpt>
      <trkpt lat="36.09186762012541" lon="137.36667394638062">
        <ele>775.82</ele>
      </trkpt>
      <trkpt lat="36.09190667979419" lon="137.36647345125675">
        <ele>776.14</ele>
      </trkpt>
      <trkpt lat="36.09195412136614" lon="137.36633188091218">
        <ele>776.47</ele>
      </trkpt>
      <trkpt lat="36.09206325374544" lon="137.36612384207547">
        <ele>776.9</ele>
      </trkpt>
      <trkpt lat="36.0921220947057" lon="137.36600138247013">
        <ele>777.21</ele>
      </trkpt>
      <trkpt lat="36.09215713106096" lon="137.3657618276775">
        <ele>777.46</ele>
      </trkpt>
      <trkpt lat="36.09218219295144" lon="137.36556133255363">
        <ele>777.63</ele>
      </trkpt>
      <trkpt lat="36.09220993705094" lon="137.36536553129554">
        <ele>777.81</ele>
      </trkpt>
      <trkpt lat="36.092237597331405" lon="137.36517048440874">
        <ele>777.96</ele>
      </trkpt>
      <trkpt lat="36.09226525761187" lon="137.36495490185916">
        <ele>778.01</ele>
      </trkpt>
      <trkpt lat="36.092292834073305" lon="137.3647401574999">
        <ele>778.07</ele>
      </trkpt>
      <trkpt lat="36.09236944466829" lon="137.36452692188323">
        <ele>778.14</ele>
      </trkpt>
      <trkpt lat="36.09242753125727" lon="137.36436079256237">
        <ele>778.15</ele>
      </trkpt>
      <trkpt lat="36.09246793203056" lon="137.36408486030996">
        <ele>777.98</ele>
      </trkpt>
      <trkpt lat="36.09247681684792" lon="137.3638669308275">
        <ele>777.85</ele>
      </trkpt>
      <trkpt lat="36.09247488901019" lon="137.36374597996473">
        <ele>777.74</ele>
      </trkpt>
      <trkpt lat="36.09244907274842" lon="137.3635981231928">
        <ele>777.57</ele>
      </trkpt>
      <trkpt lat="36.09241194091737" lon="137.36341045238078">
        <ele>777.33</ele>
      </trkpt>
      <trkpt lat="36.092369025573134" lon="137.3631797824055">
        <ele>777.07</ele>
      </trkpt>
      <trkpt lat="36.092371456325054" lon="137.3629149980843">
        <ele>776.91</ele>
      </trkpt>
      <trkpt lat="36.0924141202122" lon="137.3626544047147">
        <ele>776.85</ele>
      </trkpt>
      <trkpt lat="36.09245661646128" lon="137.36239481717348">
        <ele>776.75</ele>
      </trkpt>
      <trkpt lat="36.092457538470626" lon="137.36216448247433">
        <ele>776.59</ele>
      </trkpt>
      <trkpt lat="36.09243197366595" lon="137.36207605339587">
        <ele>776.4</ele>
      </trkpt>
      <trkpt lat="36.092353435233235" lon="137.36189081333578">
        <ele>776.17</ele>
      </trkpt>
      <trkpt lat="36.09227514825761" lon="137.36170599237084">
        <ele>775.88</ele>
      </trkpt>
      <trkpt lat="36.0921654291451" lon="137.36154028214514">
        <ele>775.53</ele>
      </trkpt>
      <trkpt lat="36.09207482077181" lon="137.36132335849106">
        <ele>775.22</ele>
      </trkpt>
      <trkpt lat="36.09202293679118" lon="137.36124197021127">
        <ele>775.01</ele>
      </trkpt>
      <trkpt lat="36.09195252880454" lon="137.3610242921859">
        <ele>774.8</ele>
      </trkpt>
      <trkpt lat="36.09186208806932" lon="137.3608469311148">
        <ele>774.6</ele>
      </trkpt>
      <trkpt lat="36.09179872088134" lon="137.360622799024">
        <ele>774.56</ele>
      </trkpt>
      <trkpt lat="36.091797295957804" lon="137.3604521434754">
        <ele>774.59</ele>
      </trkpt>
      <trkpt lat="36.09178774058819" lon="137.3603146802634">
        <ele>774.6</ele>
      </trkpt>
      <trkpt lat="36.09170123934746" lon="137.3600567691028">
        <ele>774.62</ele>
      </trkpt>
      <trkpt lat="36.091611217707396" lon="137.3598048929125">
        <ele>774.77</ele>
      </trkpt>
      <trkpt lat="36.0915126465261" lon="137.359523428604">
        <ele>774.98</ele>
      </trkpt>
      <trkpt lat="36.09137359075248" lon="137.35922922380269">
        <ele>775.12</ele>
      </trkpt>
      <trkpt lat="36.09124928712845" lon="137.359002744779">
        <ele>775.15</ele>
      </trkpt>
      <trkpt lat="36.09112515114248" lon="137.3587765172124">
        <ele>775.13</ele>
      </trkpt>
      <trkpt lat="36.09099908731878" lon="137.35852849669755">
        <ele>775.05</ele>
      </trkpt>
      <trkpt lat="36.09095063991845" lon="137.3584218788892">
        <ele>775.11</ele>
      </trkpt>
      <trkpt lat="36.090927170589566" lon="137.35836228355765">
        <ele>775.23</ele>
      </trkpt>
      <trkpt lat="36.09094091691077" lon="137.35830394551158">
        <ele>775.43</ele>
      </trkpt>
      <trkpt lat="36.09095139428973" lon="137.3582228925079">
        <ele>775.63</ele>
      </trkpt>
      <trkpt lat="36.09098215587437" lon="137.35806866548955">
        <ele>775.93</ele>
      </trkpt>
      <trkpt lat="36.09098148532212" lon="137.35791988670826">
        <ele>776.18</ele>
      </trkpt>
      <trkpt lat="36.090944185853004" lon="137.3577093333006">
        <ele>776.37</ele>
      </trkpt>
      <trkpt lat="36.09088718891144" lon="137.3575309664011">
        <ele>776.6</ele>
      </trkpt>
      <trkpt lat="36.09080387279391" lon="137.3572386894375">
        <ele>776.81</ele>
      </trkpt>
      <trkpt lat="36.090819127857685" lon="137.35717163421214">
        <ele>777.2</ele>
      </trkpt>
      <trkpt lat="36.09085257165134" lon="137.35712938942015">
        <ele>777.67</ele>
      </trkpt>
      <trkpt lat="36.09091526828706" lon="137.35709636472166">
        <ele>778.19</ele>
      </trkpt>
      <trkpt lat="36.09101132489741" lon="137.35710239969194">
        <ele>778.77</ele>
      </trkpt>
      <trkpt lat="36.09126588329673" lon="137.35718588344753">
        <ele>779.43</ele>
      </trkpt>
      <trkpt lat="36.09148532152176" lon="137.35719066113234">
        <ele>780.21</ele>
      </trkpt>
      <trkpt lat="36.09167944639921" lon="137.3571884818375">
        <ele>781.02</ele>
      </trkpt>
      <trkpt lat="36.091874493286014" lon="137.35718621872365">
        <ele>781.84</ele>
      </trkpt>
      <trkpt lat="36.09215319156647" lon="137.3571683652699">
        <ele>782.66</ele>
      </trkpt>
      <trkpt lat="36.09245175495744" lon="137.35712955705822">
        <ele>783.57</ele>
      </trkpt>
      <trkpt lat="36.092542447149754" lon="137.35713995061815">
        <ele>784.36</ele>
      </trkpt>
      <trkpt lat="36.09266247600317" lon="137.35722695477307">
        <ele>785.13</ele>
      </trkpt>
      <trkpt lat="36.09289884567261" lon="137.3574479855597">
        <ele>785.82</ele>
      </trkpt>
      <trkpt lat="36.09303153119981" lon="137.3575639910996">
        <ele>786.61</ele>
      </trkpt>
      <trkpt lat="36.0931012686342" lon="137.35758058726788">
        <ele>787.46</ele>
      </trkpt>
      <trkpt lat="36.0931374784559" lon="137.35758997499943">
        <ele>788.28</ele>
      </trkpt>
      <trkpt lat="36.09316388145089" lon="137.35757119953632">
        <ele>789.13</ele>
      </trkpt>
      <trkpt lat="36.093185087665915" lon="137.3575423657894">
        <ele>790.0</ele>
      </trkpt>
      <trkpt lat="36.09317603521049" lon="137.35747983679175">
        <ele>790.86</ele>
      </trkpt>
      <trkpt lat="36.093150386586785" lon="137.35742887482047">
        <ele>791.7</ele>
      </trkpt>
      <trkpt lat="36.09308207407594" lon="137.35738461837173">
        <ele>792.44</ele>
      </trkpt>
      <trkpt lat="36.09298685565591" lon="137.35733767971396">
        <ele>793.19</ele>
      </trkpt>
      <trkpt lat="36.09288811683655" lon="137.35724304802716">
        <ele>794.0</ele>
      </trkpt>
      <trkpt lat="36.09269952401519" lon="137.35700625926256">
        <ele>794.96</ele>
      </trkpt>
      <trkpt lat="36.0926020424813" lon="137.35690006054938">
        <ele>795.83</ele>
      </trkpt>
      <trkpt lat="36.09244706109166" lon="137.35688773915172">
        <ele>796.54</ele>
      </trkpt>
      <trkpt lat="36.09225746244192" lon="137.35682806000113">
        <ele>797.24</ele>
      </trkpt>
      <trkpt lat="36.09212092123926" lon="137.35672948881984">
        <ele>798.02</ele>
      </trkpt>
      <trkpt lat="36.092065684497356" lon="137.35668573528528">
        <ele>798.84</ele>
      </trkpt>
      <trkpt lat="36.091996282339096" lon="137.35663997009397">
        <ele>799.65</ele>
      </trkpt>
      <trkpt lat="36.09181095845997" lon="137.35648029483855">
        <ele>800.44</ele>
      </trkpt>
      <trkpt lat="36.09155849553645" lon="137.35630368813872">
        <ele>801.25</ele>
      </trkpt>
      <trkpt lat="36.091368896886706" lon="137.35624568536878">
        <ele>802.03</ele>
      </trkpt>
      <trkpt lat="36.09130762517452" lon="137.35617904923856">
        <ele>802.88</ele>
      </trkpt>
      <trkpt lat="36.09129195101559" lon="137.3560908716172">
        <ele>803.76</ele>
      </trkpt>
      <trkpt lat="36.091333189979196" lon="137.35597922466695">
        <ele>804.66</ele>
      </trkpt>
      <trkpt lat="36.09135255217552" lon="137.35592063516378">
        <ele>805.55</ele>
      </trkpt>
      <trkpt lat="36.09141415916383" lon="137.35580312088132">
        <ele>806.51</ele>
      </trkpt>
      <trkpt lat="36.091511473059654" lon="137.35567269846797">
        <ele>807.47</ele>
      </trkpt>
      <trkpt lat="36.091607278212905" lon="137.3555953335017">
        <ele>808.44</ele>
      </trkpt>
      <trkpt lat="36.091804755851626" lon="137.3555049765855">
        <ele>809.54</ele>
      </trkpt>
      <trkpt lat="36.0919045843184" lon="137.35544588416815">
        <ele>810.52</ele>
      </trkpt>
      <trkpt lat="36.091987481340766" lon="137.35534354113042">
        <ele>811.46</ele>
      </trkpt>
      <trkpt lat="36.09210776165128" lon="137.3551518470049">
        <ele>812.38</ele>
      </trkpt>
      <trkpt lat="36.09216081909835" lon="137.35506325028837">
        <ele>813.27</ele>
      </trkpt>
      <trkpt lat="36.09220624901354" lon="137.35491572879255">
        <ele>814.17</ele>
      </trkpt>
      <trkpt lat="36.092217145487666" lon="137.3547681234777">
        <ele>815.02</ele>
      </trkpt>
      <trkpt lat="36.09225628897548" lon="137.3546904232353">
        <ele>815.9</ele>
      </trkpt>
      <trkpt lat="36.09232669696212" lon="137.35461398027837">
        <ele>816.8</ele>
      </trkpt>
      <trkpt lat="36.09253699891269" lon="137.35444366000593">
        <ele>817.71</ele>
      </trkpt>
      <trkpt lat="36.09271679073572" lon="137.35430292785168">
        <ele>818.52</ele>
      </trkpt>
      <trkpt lat="36.09279155731201" lon="137.35423989593983">
        <ele>819.25</ele>
      </trkpt>
      <trkpt lat="36.0928369872272" lon="137.35422648489475">
        <ele>819.97</ele>
      </trkpt>
      <trkpt lat="36.09291619621217" lon="137.35426805913448">
        <ele>820.66</ele>
      </trkpt>
      <trkpt lat="36.093051647767425" lon="137.35435782931745">
        <ele>821.34</ele>
      </trkpt>
      <trkpt lat="36.09313395805657" lon="137.35439144074917">
        <ele>821.97</ele>
      </trkpt>
      <trkpt lat="36.09327276237309" lon="137.35440619289875">
        <ele>822.57</ele>
      </trkpt>
      <trkpt lat="36.09334643930197" lon="137.3544020857662">
        <ele>823.12</ele>
      </trkpt>
      <trkpt lat="36.09345808625221" lon="137.35436453484">
        <ele>823.63</ele>
      </trkpt>
      <trkpt lat="36.093525141477585" lon="137.3542881757021">
        <ele>824.08</ele>
      </trkpt>
      <trkpt lat="36.09359026886523" lon="137.3541861679405">
        <ele>824.5</ele>
      </trkpt>
      <trkpt lat="36.09365631826222" lon="137.35405742190778">
        <ele>824.85</ele>
      </trkpt>
      <trkpt lat="36.09370023943484" lon="137.3539414163679">
        <ele>825.15</ele>
      </trkpt>
      <trkpt lat="36.09376586973667" lon="137.3538013547659">
        <ele>825.39</ele>
      </trkpt>
      <trkpt lat="36.09382102265954" lon="137.3537181224674">
        <ele>825.66</ele>
      </trkpt>
      <trkpt lat="36.0939250420779" lon="137.35361628234386">
        <ele>825.9</ele>
      </trkpt>
      <trkpt lat="36.0940529499203" lon="137.35350421629846">
        <ele>826.07</ele>
      </trkpt>
      <trkpt lat="36.094175493344665" lon="137.35341503284872">
        <ele>826.21</ele>
      </trkpt>
      <trkpt lat="36.09436282888055" lon="137.35330774448812">
        <ele>826.28</ele>
      </trkpt>
      <trkpt lat="36.09447883442044" lon="137.3532514180988">
        <ele>826.33</ele>
      </trkpt>
      <trkpt lat="36.094563491642475" lon="137.35320582054555">
        <ele>826.3</ele>
      </trkpt>
      <trkpt lat="36.09462526626885" lon="137.35317229293287">
        <ele>826.18</ele>
      </trkpt>
      <trkpt lat="36.094654435291886" lon="137.35313742421567">
        <ele>825.99</ele>
      </trkpt>
      <trkpt lat="36.09466524794698" lon="137.35307103954256">
        <ele>825.69</ele>
      </trkpt>
      <trkpt lat="36.094664158299565" lon="137.3529979493469">
        <ele>825.35</ele>
      </trkpt>
      <trkpt lat="36.09465544112027" lon="137.3529403656721">
        <ele>824.98</ele>
      </trkpt>
      <trkpt lat="36.09461755491793" lon="137.3528840392828">
        <ele>824.5</ele>
      </trkpt>
      <trkpt lat="36.09446802176535" lon="137.3527566343546">
        <ele>823.9</ele>
      </trkpt>
      <trkpt lat="36.09435863792896" lon="137.3526855558157">
        <ele>823.28</ele>
      </trkpt>
      <trkpt lat="36.09428169205785" lon="137.35261573456228">
        <ele>822.68</ele>
      </trkpt>
      <trkpt lat="36.09416023828089" lon="137.3524897545576">
        <ele>822.05</ele>
      </trkpt>
      <trkpt lat="36.09402378089726" lon="137.35237567685544">
        <ele>821.34</ele>
      </trkpt>
      <trkpt lat="36.09385463409126" lon="137.3522201925516">
        <ele>820.52</ele>
      </trkpt>
      <trkpt lat="36.09378095716238" lon="137.35213696025312">
        <ele>819.74</ele>
      </trkpt>
      <trkpt lat="36.093713734298944" lon="137.35204987227917">
        <ele>818.94</ele>
      </trkpt>
      <trkpt lat="36.09364986419678" lon="137.35197477042675">
        <ele>818.12</ele>
      </trkpt>
      <trkpt lat="36.093594543635845" lon="137.3519318550825">
        <ele>817.26</ele>
      </trkpt>
      <trkpt lat="36.09353176318109" lon="137.35189698636532">
        <ele>816.37</ele>
      </trkpt>
      <trkpt lat="36.093434197828174" lon="137.35186077654362">
        <ele>815.42</ele>
      </trkpt>
      <trkpt lat="36.09334744513035" lon="137.3518393188715">
        <ele>814.46</ele>
      </trkpt>
      <trkpt lat="36.093097161501646" lon="137.35177494585514">
        <ele>813.3</ele>
      </trkpt>
      <trkpt lat="36.09304519370198" lon="137.3517547454685">
        <ele>812.35</ele>
      </trkpt>
      <trkpt lat="36.09300931915641" lon="137.35169841907918">
        <ele>811.4</ele>
      </trkpt>
      <trkpt lat="36.09298442490399" lon="137.35160739161074">
        <ele>810.48</ele>
      </trkpt>
      <trkpt lat="36.09298442490399" lon="137.35152684152126">
        <ele>809.58</ele>
      </trkpt>
      <trkpt lat="36.09298543073237" lon="137.3514476325363">
        <ele>808.7</ele>
      </trkpt>
      <trkpt lat="36.092981239780784" lon="137.3512264341116">
        <ele>807.81</ele>
      </trkpt>
      <trkpt lat="36.09296347014606" lon="137.35096969641745">
        <ele>806.95</ele>
      </trkpt>
      <trkpt lat="36.09294687397778" lon="137.35074103809893">
        <ele>806.08</ele>
      </trkpt>
      <trkpt lat="36.0929318703711" lon="137.35053274780512">
        <ele>805.21</ele>
      </trkpt>
      <trkpt lat="36.09292197972536" lon="137.35033434815705">
        <ele>804.35</ele>
      </trkpt>
      <trkpt lat="36.09292633831501" lon="137.3502015788108">
        <ele>803.51</ele>
      </trkpt>
      <trkpt lat="36.09294377267361" lon="137.35005137510598">
        <ele>802.69</ele>
      </trkpt>
      <trkpt lat="36.09296204522252" lon="137.34992925077677">
        <ele>801.88</ele>
      </trkpt>
      <trkpt lat="36.09297721646726" lon="137.34983269125223">
        <ele>801.1</ele>
      </trkpt>
      <trkpt lat="36.092972941696644" lon="137.34973604790866">
        <ele>800.32</ele>
      </trkpt>
      <trkpt lat="36.092967577278614" lon="137.34964543953538">
        <ele>799.55</ele>
      </trkpt>
      <trkpt lat="36.092898258939385" lon="137.34940144233406">
        <ele>798.76</ele>
      </trkpt>
      <trkpt lat="36.09286674298346" lon="137.34929197467864">
        <ele>797.92</ele>
      </trkpt>
      <trkpt lat="36.09286028891802" lon="137.34918518923223">
        <ele>797.13</ele>
      </trkpt>
      <trkpt lat="36.092872275039554" lon="137.34894244931638">
        <ele>796.34</ele>
      </trkpt>
      <trkpt lat="36.09288736246526" lon="137.34863927587867">
        <ele>795.57</ele>
      </trkpt>
      <trkpt lat="36.092883087694645" lon="137.34856819733977">
        <ele>794.78</ele>
      </trkpt>
      <trkpt lat="36.09285157173872" lon="137.3484823666513">
        <ele>794.01</ele>
      </trkpt>
      <trkpt lat="36.092798598110676" lon="137.3483711387962">
        <ele>793.19</ele>
      </trkpt>
      <trkpt lat="36.092730117961764" lon="137.34826234169304">
        <ele>792.36</ele>
      </trkpt>
      <trkpt lat="36.092580668628216" lon="137.348064025864">
        <ele>791.47</ele>
      </trkpt>
      <trkpt lat="36.09248268418014" lon="137.34794014133513">
        <ele>790.58</ele>
      </trkpt>
      <trkpt lat="36.09245569445193" lon="137.3478650394827">
        <ele>789.77</ele>
      </trkpt>
      <trkpt lat="36.09242736361921" lon="137.3477912787348">
        <ele>788.95</ele>
      </trkpt>
      <trkpt lat="36.092416467145085" lon="137.34767728485167">
        <ele>788.18</ele>
      </trkpt>
      <trkpt lat="36.09242208302021" lon="137.34753764234483">
        <ele>787.41</ele>
      </trkpt>
      <trkpt lat="36.09246206469834" lon="137.3473633825779">
        <ele>786.71</ele>
      </trkpt>
      <trkpt lat="36.09246759675443" lon="137.34725072979927">
        <ele>785.94</ele>
      </trkpt>
      <trkpt lat="36.09245778992772" lon="137.3471863567829">
        <ele>785.15</ele>
      </trkpt>
      <trkpt lat="36.09242199920118" lon="137.34712332487106">
        <ele>784.34</ele>
      </trkpt>
      <trkpt lat="36.0923742223531" lon="137.34703087247908">
        <ele>783.5</ele>
      </trkpt>
      <trkpt lat="36.09234287403524" lon="137.34694906510413">
        <ele>782.71</ele>
      </trkpt>
      <trkpt lat="36.09232879243791" lon="137.34690078534186">
        <ele>781.95</ele>
      </trkpt>
      <trkpt lat="36.092337341979146" lon="137.3468068242073">
        <ele>781.23</ele>
      </trkpt>
      <trkpt lat="36.09236139804125" lon="137.3467264417559">
        <ele>780.54</ele>
      </trkpt>
      <trkpt lat="36.09241864643991" lon="137.34659627079964">
        <ele>779.88</ele>
      </trkpt>
      <trkpt lat="36.09242635779083" lon="137.34653734602034">
        <ele>779.09</ele>
      </trkpt>
      <trkpt lat="36.09241118654609" lon="137.3464407864958">
        <ele>778.23</ele>
      </trkpt>
      <trkpt lat="36.09240892343223" lon="137.34634816646576">
        <ele>777.41</ele>
      </trkpt>
      <trkpt lat="36.09242635779083" lon="137.34625563025475">
        <ele>776.68</ele>
      </trkpt>
      <trkpt lat="36.092510763555765" lon="137.34610006213188">
        <ele>776.09</ele>
      </trkpt>
      <trkpt lat="36.09252383932471" lon="137.34603577293456">
        <ele>775.33</ele>
      </trkpt>
      <trkpt lat="36.092501040548086" lon="137.34596335329115">
        <ele>774.48</ele>
      </trkpt>
      <trkpt lat="36.09246759675443" lon="137.34589629806578">
        <ele>773.6</ele>
      </trkpt>
      <trkpt lat="36.09241663478315" lon="137.34580107964575">
        <ele>772.65</ele>
      </trkpt>
      <trkpt lat="36.092390567064285" lon="137.34571382403374">
        <ele>771.78</ele>
      </trkpt>
      <trkpt lat="36.09236994758248" lon="137.34561994671822">
        <ele>770.92</ele>
      </trkpt>
      <trkpt lat="36.09234932810068" lon="137.34551005996764">
        <ele>770.04</ele>
      </trkpt>
      <trkpt lat="36.09236248768866" lon="137.34536798670888">
        <ele>769.2</ele>
      </trkpt>
      <trkpt lat="36.09236885793507" lon="137.34526329673827">
        <ele>768.35</ele>
      </trkpt>
      <trkpt lat="36.09239802695811" lon="137.3451492190361">
        <ele>767.53</ele>
      </trkpt>
      <trkpt lat="36.09237967059016" lon="137.34512642025948">
        <ele>766.63</ele>
      </trkpt>
      <trkpt lat="36.09234396368265" lon="137.34494134783745">
        <ele>765.68</ele>
      </trkpt>
      <trkpt lat="36.09233474358916" lon="137.34481662511826">
        <ele>764.77</ele>
      </trkpt>
      <trkpt lat="36.09233415685594" lon="137.3447469715029">
        <ele>763.87</ele>
      </trkpt>
      <trkpt lat="36.0922724660486" lon="137.34442234039307">
        <ele>762.85</ele>
      </trkpt>
      <trkpt lat="36.09227456152439" lon="137.34432578086853">
        <ele>761.95</ele>
      </trkpt>
      <trkpt lat="36.09230272471905" lon="137.34398782253265">
        <ele>761.04</ele>
      </trkpt>
      <trkpt lat="36.092340694740415" lon="137.3438431508839">
        <ele>760.07</ele>
      </trkpt>
      <trkpt lat="36.092356368899345" lon="137.34378607012331">
        <ele>759.17</ele>
      </trkpt>
      <trkpt lat="36.092343628406525" lon="137.34375899657607">
        <ele>758.24</ele>
      </trkpt>
      <trkpt lat="36.0923829395324" lon="137.34364056028426">
        <ele>757.35</ele>
      </trkpt>
      <trkpt lat="36.09251629561186" lon="137.34335348010063">
        <ele>756.57</ele>
      </trkpt>
      <trkpt lat="36.0925520863384" lon="137.34325834549963">
        <ele>755.65</ele>
      </trkpt>
      <trkpt lat="36.092574717476964" lon="137.34318852424622">
        <ele>754.74</ele>
      </trkpt>
      <trkpt lat="36.09260723926127" lon="137.34306656755507">
        <ele>753.78</ele>
      </trkpt>
      <trkpt lat="36.092630038037896" lon="137.3429123405367">
        <ele>752.8</ele>
      </trkpt>
      <trkpt lat="36.09261704608798" lon="137.3428747896105">
        <ele>751.88</ele>
      </trkpt>
      <trkpt lat="36.09263984486461" lon="137.34272927977145">
        <ele>750.89</ele>
      </trkpt>
      <trkpt lat="36.09265602193773" lon="137.34261729754508">
        <ele>749.99</ele>
      </trkpt>
      <trkpt lat="36.09265124425292" lon="137.34252878464758">
        <ele>749.1</ele>
      </trkpt>
      <trkpt lat="36.0926625598222" lon="137.34250724315643">
        <ele>748.26</ele>
      </trkpt>
      <trkpt lat="36.09260723926127" lon="137.34239199198782">
        <ele>747.37</ele>
      </trkpt>
      <trkpt lat="36.09252719208598" lon="137.34229275025427">
        <ele>746.5</ele>
      </trkpt>
      <trkpt lat="36.09246759675443" lon="137.34223223291337">
        <ele>745.68</ele>
      </trkpt>
      <trkpt lat="36.092276740819216" lon="137.3421276267618">
        <ele>744.8</ele>
      </trkpt>
      <trkpt lat="36.09213173389435" lon="137.34203123487532">
        <ele>743.97</ele>
      </trkpt>
      <trkpt lat="36.091986391693354" lon="137.34193459153175">
        <ele>743.16</ele>
      </trkpt>
      <trkpt lat="36.091838451102376" lon="137.34181590378284">
        <ele>742.36</ele>
      </trkpt>
      <trkpt lat="36.0916902590543" lon="137.34169696457684">
        <ele>741.63</ele>
      </trkpt>
      <trkpt lat="36.09154148027301" lon="137.34159478917718">
        <ele>740.94</ele>
      </trkpt>
      <trkpt lat="36.09160853549838" lon="137.34143922105432">
        <ele>740.3</ele>
      </trkpt>
      <trkpt lat="36.09175169840455" lon="137.34117820858955">
        <ele>739.65</ele>
      </trkpt>
      <trkpt lat="36.09189469367266" lon="137.34091753140092">
        <ele>739.05</ele>
      </trkpt>
      <trkpt lat="36.092068031430244" lon="137.3405969236046">
        <ele>738.44</ele>
      </trkpt>
      <trkpt lat="36.09220356680453" lon="137.34034487977624">
        <ele>737.94</ele>
      </trkpt>
      <trkpt lat="36.09233859926462" lon="137.34010976739228">
        <ele>737.59</ele>
      </trkpt>
      <trkpt lat="36.09250548295677" lon="137.33980399556458">
        <ele>737.35</ele>
      </trkpt>
      <trkpt lat="36.092644119635224" lon="137.33951297588646">
        <ele>737.1</ele>
      </trkpt>
      <trkpt lat="36.09272659756243" lon="137.3392595909536">
        <ele>736.79</ele>
      </trkpt>
      <trkpt lat="36.092778565362096" lon="137.3390154261142">
        <ele>736.44</ele>
      </trkpt>
      <trkpt lat="36.092846877872944" lon="137.33865198679268">
        <ele>736.02</ele>
      </trkpt>
      <trkpt lat="36.09288367442787" lon="137.33831696212292">
        <ele>735.48</ele>
      </trkpt>
      <trkpt lat="36.092902198433876" lon="137.33806357719004">
        <ele>734.93</ele>
      </trkpt>
      <trkpt lat="36.09292767941952" lon="137.33786467462778">
        <ele>734.41</ele>
      </trkpt>
      <trkpt lat="36.09295307658613" lon="137.3376665264368">
        <ele>733.89</ele>
      </trkpt>
      <trkpt lat="36.093032117933035" lon="137.33731247484684">
        <ele>733.36</ele>
      </trkpt>
      <trkpt lat="36.09311459586024" lon="137.33701072633266">
        <ele>732.87</ele>
      </trkpt>
      <trkpt lat="36.093189446255565" lon="137.33675692230463">
        <ele>732.46</ele>
      </trkpt>
      <trkpt lat="36.09326404519379" lon="137.33650387264788">
        <ele>732.02</ele>
      </trkpt>
      <trkpt lat="36.09333235770464" lon="137.33626373112202">
        <ele>731.52</ele>
      </trkpt>
      <trkpt lat="36.09340041875839" lon="137.33602434396744">
        <ele>731.05</ele>
      </trkpt>
      <trkpt lat="36.09345682896674" lon="137.33576827682555">
        <ele>730.56</ele>
      </trkpt>
      <trkpt lat="36.09348398633301" lon="137.33557918109">
        <ele>730.1</ele>
      </trkpt>
      <trkpt lat="36.09349370934069" lon="137.33533593825996">
        <ele>729.59</ele>
      </trkpt>
      <trkpt lat="36.09350343234837" lon="137.33509361743927">
        <ele>729.11</ele>
      </trkpt>
      <trkpt lat="36.09350938349962" lon="137.33486521057785">
        <ele>728.67</ele>
      </trkpt>
      <trkpt lat="36.093515334650874" lon="137.33463764190674">
        <ele>728.22</ele>
      </trkpt>
      <trkpt lat="36.09352698549628" lon="137.33426657505333">
        <ele>727.83</ele>
      </trkpt>
      <trkpt lat="36.09353863634169" lon="137.33389550819993">
        <ele>727.44</ele>
      </trkpt>
      <trkpt lat="36.0935502871871" lon="137.3335243575275">
        <ele>727.0</ele>
      </trkpt>
      <trkpt lat="36.093561854213476" lon="137.3331562243402">
        <ele>726.52</ele>
      </trkpt>
      <trkpt lat="36.09357375651598" lon="137.33287593349814">
        <ele>726.12</ele>
      </trkpt>
      <trkpt lat="36.09359228052199" lon="137.33267342671752">
        <ele>725.71</ele>
      </trkpt>
      <trkpt lat="36.09364206902683" lon="137.33242398127913">
        <ele>725.25</ele>
      </trkpt>
      <trkpt lat="36.093709375709295" lon="137.33218451030552">
        <ele>724.76</ele>
      </trkpt>
      <trkpt lat="36.09377659857273" lon="137.3319457937032">
        <ele>724.29</ele>
      </trkpt>
      <trkpt lat="36.09381666406989" lon="137.33177413232625">
        <ele>723.86</ele>
      </trkpt>
      <trkpt lat="36.09383619390428" lon="137.33161454088986">
        <ele>723.42</ele>
      </trkpt>
      <trkpt lat="36.093843737617135" lon="137.33146567828953">
        <ele>722.98</ele>
      </trkpt>
      <trkpt lat="36.0938264708966" lon="137.33127524144948">
        <ele>722.54</ele>
      </trkpt>
      <trkpt lat="36.093793949112296" lon="137.33104859478772">
        <ele>722.11</ele>
      </trkpt>
      <trkpt lat="36.093759750947356" lon="137.33081549406052">
        <ele>721.66</ele>
      </trkpt>
      <trkpt lat="36.09372563660145" lon="137.33058323152363">
        <ele>721.21</ele>
      </trkpt>
      <trkpt lat="36.09367408789694" lon="137.3302517272532">
        <ele>720.79</ele>
      </trkpt>
      <trkpt lat="36.09366327524185" lon="137.32995131984353">
        <ele>720.39</ele>
      </trkpt>
      <trkpt lat="36.09367626719177" lon="137.32962953858078">
        <ele>719.95</ele>
      </trkpt>
      <trkpt lat="36.09370116144419" lon="137.32937732711434">
        <ele>719.47</ele>
      </trkpt>
      <trkpt lat="36.09374726191163" lon="137.32912209816277">
        <ele>719.02</ele>
      </trkpt>
      <trkpt lat="36.09379327856004" lon="137.32886779122055">
        <ele>718.67</ele>
      </trkpt>
      <trkpt lat="36.093848599120975" lon="137.32855405658484">
        <ele>718.36</ele>
      </trkpt>
      <trkpt lat="36.09390375204384" lon="137.32824149541557">
        <ele>718.0</ele>
      </trkpt>
      <trkpt lat="36.09396661631763" lon="137.32788409106433">
        <ele>717.71</ele>
      </trkpt>
      <trkpt lat="36.094029396772385" lon="137.32752677053213">
        <ele>717.5</ele>
      </trkpt>
      <trkpt lat="36.09409226104617" lon="137.32716944999993">
        <ele>717.23</ele>
      </trkpt>
      <trkpt lat="36.09415512531996" lon="137.32681212946773">
        <ele>717.0</ele>
      </trkpt>
      <trkpt lat="36.09421731904149" lon="137.32645799405873">
        <ele>716.82</ele>
      </trkpt>
      <trkpt lat="36.09426467679441" lon="137.3262015916407">
        <ele>716.64</ele>
      </trkpt>
      <trkpt lat="36.09427448362112" lon="137.32609438709915">
        <ele>716.5</ele>
      </trkpt>
      <trkpt lat="36.09426576644182" lon="137.325980393216">
        <ele>716.39</ele>
      </trkpt>
      <trkpt lat="36.09425922855735" lon="137.32588106766343">
        <ele>716.34</ele>
      </trkpt>
      <trkpt lat="36.0942202527076" lon="137.32572684064507">
        <ele>716.32</ele>
      </trkpt>
      <trkpt lat="36.09417884610593" lon="137.3256772197783">
        <ele>716.37</ele>
      </trkpt>
      <trkpt lat="36.09415822662413" lon="137.3256558459252">
        <ele>716.48</ele>
      </trkpt>
      <trkpt lat="36.094120843335986" lon="137.32553782872856">
        <ele>716.64</ele>
      </trkpt>
      <trkpt lat="36.09409754164517" lon="137.3254158720374">
        <ele>716.85</ele>
      </trkpt>
      <trkpt lat="36.094079688191414" lon="137.3252596333623">
        <ele>717.13</ele>
      </trkpt>
      <trkpt lat="36.094070468097925" lon="137.32515988871455">
        <ele>717.47</ele>
      </trkpt>
      <trkpt lat="36.09408932738006" lon="137.3250907380134">
        <ele>717.89</ele>
      </trkpt>
      <trkpt lat="36.09413651749492" lon="137.32500289566815">
        <ele>718.38</ele>
      </trkpt>
      <trkpt lat="36.09428504481912" lon="137.3247614968568">
        <ele>718.92</ele>
      </trkpt>
      <trkpt lat="36.09436743892729" lon="137.32458312995732">
        <ele>719.55</ele>
      </trkpt>
      <trkpt lat="36.09448118135333" lon="137.32431884855032">
        <ele>720.24</ele>
      </trkpt>
      <trkpt lat="36.09459936618805" lon="137.32404266484082">
        <ele>721.0</ele>
      </trkpt>
      <trkpt lat="36.09469768591225" lon="137.32375935651362">
        <ele>721.86</ele>
      </trkpt>
      <trkpt lat="36.094796089455485" lon="137.3234759643674">
        <ele>722.79</ele>
      </trkpt>
      <trkpt lat="36.09489407390356" lon="137.3231937456876">
        <ele>723.81</ele>
      </trkpt>
      <trkpt lat="36.0949731990695" lon="137.32296709902585">
        <ele>724.89</ele>
      </trkpt>
      <trkpt lat="36.09506221488118" lon="137.32269988395274">
        <ele>726.05</ele>
      </trkpt>
      <trkpt lat="36.09515097923577" lon="137.32243333943188">
        <ele>727.31</ele>
      </trkpt>
      <trkpt lat="36.09522138722241" lon="137.3221463430673">
        <ele>728.59</ele>
      </trkpt>
      <trkpt lat="36.09526572749019" lon="137.32186865061522">
        <ele>729.91</ele>
      </trkpt>
      <trkpt lat="36.095284251496196" lon="137.3216688260436">
        <ele>731.28</ele>
      </trkpt>
      <trkpt lat="36.09529724344611" lon="137.3214462865144">
        <ele>732.67</ele>
      </trkpt>
      <trkpt lat="36.09529724344611" lon="137.32125584967434">
        <ele>734.07</ele>
      </trkpt>
      <trkpt lat="36.09527662396431" lon="137.32093524187803">
        <ele>735.48</ele>
      </trkpt>
      <trkpt lat="36.0952321998775" lon="137.3206697870046">
        <ele>736.97</ele>
      </trkpt>
      <trkpt lat="36.09517796896398" lon="137.32044707983732">
        <ele>738.56</ele>
      </trkpt>
      <trkpt lat="36.09512373805046" lon="137.3202543798834">
        <ele>740.17</ele>
      </trkpt>
      <trkpt lat="36.095069674775004" lon="137.32006226666272">
        <ele>741.78</ele>
      </trkpt>
      <trkpt lat="36.09498501755297" lon="137.31978197582066">
        <ele>743.35</ele>
      </trkpt>
      <trkpt lat="36.0949145257473" lon="137.3195576760918">
        <ele>744.85</ele>
      </trkpt>
      <trkpt lat="36.09484428539872" lon="137.31933404691517">
        <ele>746.39</ele>
      </trkpt>
      <trkpt lat="36.0947591252625" lon="137.3190708551556">
        <ele>748.0</ele>
      </trkpt>
      <trkpt lat="36.09467413276434" lon="137.31880833394825">
        <ele>749.61</ele>
      </trkpt>
      <trkpt lat="36.09459542669356" lon="137.31855721212924">
        <ele>751.16</ele>
      </trkpt>
      <trkpt lat="36.09451697207987" lon="137.31830676086247">
        <ele>752.59</ele>
      </trkpt>
      <trkpt lat="36.09447908587754" lon="137.3181511927396">
        <ele>754.02</ele>
      </trkpt>
      <trkpt lat="36.09444756992161" lon="137.31800895184278">
        <ele>755.44</ele>
      </trkpt>
      <trkpt lat="36.09442158602178" lon="137.31779823079705">
        <ele>756.9</ele>
      </trkpt>
      <trkpt lat="36.09442158602178" lon="137.31779814697802">
        <ele>759.64</ele>
      </trkpt>
      <trkpt lat="36.09442166984081" lon="137.31779848225415">
        <ele>760.97</ele>
      </trkpt>
      <trkpt lat="36.0944205801934" lon="137.3176804650575">
        <ele>762.32</ele>
      </trkpt>
      <trkpt lat="36.09442996792495" lon="137.31747267767787">
        <ele>763.66</ele>
      </trkpt>
      <trkpt lat="36.09445385634899" lon="137.3173358850181">
        <ele>764.94</ele>
      </trkpt>
      <trkpt lat="36.09449392184615" lon="137.3171561770141">
        <ele>766.15</ele>
      </trkpt>
      <trkpt lat="36.09455242753029" lon="137.31689994223416">
        <ele>767.31</ele>
      </trkpt>
      <trkpt lat="36.094600120559335" lon="137.31669475324452">
        <ele>768.48</ele>
      </trkpt>
      <trkpt lat="36.09466784633696" lon="137.31642175465822">
        <ele>769.68</ele>
      </trkpt>
      <trkpt lat="36.09473557211459" lon="137.31614875607193">
        <ele>770.84</ele>
      </trkpt>
      <trkpt lat="36.094802962616086" lon="137.31587709859014">
        <ele>771.97</ele>
      </trkpt>
      <trkpt lat="36.094835149124265" lon="137.3157403897494">
        <ele>773.01</ele>
      </trkpt>
      <trkpt lat="36.09484705142677" lon="137.31563972309232">
        <ele>774.0</ele>
      </trkpt>
      <trkpt lat="36.094850320369005" lon="137.31555263511837">
        <ele>774.94</ele>
      </trkpt>
      <trkpt lat="36.09484923072159" lon="137.31546009890735">
        <ele>775.84</ele>
      </trkpt>
      <trkpt lat="36.094835149124265" lon="137.3153259884566">
        <ele>776.71</ele>
      </trkpt>
      <trkpt lat="36.094829784706235" lon="137.3152508866042">
        <ele>777.56</ele>
      </trkpt>
      <trkpt lat="36.09483087435365" lon="137.3151985835284">
        <ele>778.37</ele>
      </trkpt>
      <trkpt lat="36.09485358931124" lon="137.31515969149768">
        <ele>779.19</ele>
      </trkpt>
      <trkpt lat="36.09490128234029" lon="137.31513018719852">
        <ele>780.02</ele>
      </trkpt>
      <trkpt lat="36.09495325013995" lon="137.31512742117047">
        <ele>780.82</ele>
      </trkpt>
      <trkpt lat="36.09499666839838" lon="137.3151610326022">
        <ele>781.58</ele>
      </trkpt>
      <trkpt lat="36.09501183964312" lon="137.3151864297688">
        <ele>782.27</ele>
      </trkpt>
      <trkpt lat="36.095023741945624" lon="137.31532732956111">
        <ele>782.88</ele>
      </trkpt>
      <trkpt lat="36.09501183964312" lon="137.3155231308192">
        <ele>783.46</ele>
      </trkpt>
      <trkpt lat="36.095019383355975" lon="137.31568942777812">
        <ele>784.06</ele>
      </trkpt>
      <trkpt lat="36.09503782354295" lon="137.31589595787227">
        <ele>784.68</ele>
      </trkpt>
      <trkpt lat="36.095067746937275" lon="137.31611363589764">
        <ele>785.28</ele>
      </trkpt>
      <trkpt lat="36.0950974188745" lon="137.31633047573268">
        <ele>785.84</ele>
      </trkpt>
      <trkpt lat="36.09513488598168" lon="137.31659517623484">
        <ele>786.39</ele>
      </trkpt>
      <trkpt lat="36.09517218545079" lon="137.31685887090862">
        <ele>786.97</ele>
      </trkpt>
      <trkpt lat="36.095198756083846" lon="137.31705634854734">
        <ele>787.54</ele>
      </trkpt>
      <trkpt lat="36.09522524289787" lon="137.3172531556338">
        <ele>788.09</ele>
      </trkpt>
      <trkpt lat="36.09524913132191" lon="137.31744493357837">
        <ele>788.61</ele>
      </trkpt>
      <trkpt lat="36.0952686611563" lon="137.31765146367252">
        <ele>789.09</ele>
      </trkpt>
      <trkpt lat="36.095278384163976" lon="137.31782304123044">
        <ele>789.57</ele>
      </trkpt>
      <trkpt lat="36.09528165310621" lon="137.31803367845714">
        <ele>790.03</ele>
      </trkpt>
      <trkpt lat="36.09526329673827" lon="137.31813685968518">
        <ele>790.5</ele>
      </trkpt>
      <trkpt lat="36.09529573470354" lon="137.31822813861072">
        <ele>791.01</ele>
      </trkpt>
      <trkpt lat="36.09531962312758" lon="137.31826636008918">
        <ele>791.52</ele>
      </trkpt>
      <trkpt lat="36.09534451738" lon="137.31828982941806">
        <ele>792.04</ele>
      </trkpt>
      <trkpt lat="36.09539866447449" lon="137.3183086887002">
        <ele>792.6</ele>
      </trkpt>
      <trkpt lat="36.09546379186213" lon="137.3182951938361">
        <ele>793.19</ele>
      </trkpt>
      <trkpt lat="36.09552984125912" lon="137.31826703064144">
        <ele>793.79</ele>
      </trkpt>
      <trkpt lat="36.095570996403694" lon="137.31822134926915">
        <ele>794.35</ele>
      </trkpt>
      <trkpt lat="36.095591532066464" lon="137.3181429784745">
        <ele>794.88</ele>
      </trkpt>
      <trkpt lat="36.095596980303526" lon="137.31805119663477">
        <ele>795.39</ele>
      </trkpt>
      <trkpt lat="36.095570996403694" lon="137.3179719876498">
        <ele>795.86</ele>
      </trkpt>
      <trkpt lat="36.09552112407982" lon="137.31782446615398">
        <ele>796.33</ele>
      </trkpt>
      <trkpt lat="36.09549514017999" lon="137.31770913116634">
        <ele>796.83</ele>
      </trkpt>
      <trkpt lat="36.09548642300069" lon="137.3176125716418">
        <ele>797.4</ele>
      </trkpt>
      <trkpt lat="36.095501678064466" lon="137.31742473319173">
        <ele>798.04</ele>
      </trkpt>
      <trkpt lat="36.09552112407982" lon="137.31717537157238">
        <ele>798.71</ele>
      </trkpt>
      <trkpt lat="36.09554601833224" lon="137.31690446846187">
        <ele>799.36</ele>
      </trkpt>
      <trkpt lat="36.09556336887181" lon="137.3166698589921">
        <ele>800.02</ele>
      </trkpt>
      <trkpt lat="36.09558055177331" lon="137.31643617153168">
        <ele>800.64</ele>
      </trkpt>
      <trkpt lat="36.09559580683708" lon="137.31616409495473">
        <ele>801.27</ele>
      </trkpt>
      <trkpt lat="36.09561097808182" lon="137.31589319184422">
        <ele>801.86</ele>
      </trkpt>
      <trkpt lat="36.09561424702406" lon="137.3156613484025">
        <ele>802.5</ele>
      </trkpt>
      <trkpt lat="36.095617432147264" lon="137.31543042697012">
        <ele>803.22</ele>
      </trkpt>
      <trkpt lat="36.09564995393157" lon="137.3153312690556">
        <ele>803.96</ele>
      </trkpt>
      <trkpt lat="36.095678117126226" lon="137.31529631651938">
        <ele>804.72</ele>
      </trkpt>
      <trkpt lat="36.09573779627681" lon="137.31528969481587">
        <ele>805.52</ele>
      </trkpt>
      <trkpt lat="36.09577568247914" lon="137.31534065678716">
        <ele>806.33</ele>
      </trkpt>
      <trkpt lat="36.09577886760235" lon="137.31545054353774">
        <ele>807.14</ele>
      </trkpt>
      <trkpt lat="36.09574425034225" lon="137.31579126790166">
        <ele>807.99</ele>
      </trkpt>
      <trkpt lat="36.09572413377464" lon="137.31599813327193">
        <ele>808.9</ele>
      </trkpt>
      <trkpt lat="36.09570418484509" lon="137.31620424427092">
        <ele>809.82</ele>
      </trkpt>
      <trkpt lat="36.09572312794626" lon="137.31641789898276">
        <ele>810.79</ele>
      </trkpt>
      <trkpt lat="36.095742071047425" lon="137.31663079932332">
        <ele>811.73</ele>
      </trkpt>
      <trkpt lat="36.09577786177397" lon="137.31697948649526">
        <ele>812.65</ele>
      </trkpt>
      <trkpt lat="36.09581524506211" lon="137.31725214980543">
        <ele>813.62</ele>
      </trkpt>
      <trkpt lat="36.095852544531226" lon="137.31752372346818">
        <ele>814.58</ele>
      </trkpt>
      <trkpt lat="36.09587668441236" lon="137.31763436459005">
        <ele>815.55</ele>
      </trkpt>
      <trkpt lat="36.09591348096728" lon="137.31773762963712">
        <ele>816.53</ele>
      </trkpt>
      <trkpt lat="36.09597525559366" lon="137.3178234603256">
        <ele>817.58</ele>
      </trkpt>
      <trkpt lat="36.09600995667279" lon="137.31786218471825">
        <ele>818.6</ele>
      </trkpt>
      <trkpt lat="36.09608195722103" lon="137.31793653219938">
        <ele>819.65</ele>
      </trkpt>
      <trkpt lat="36.09614264219999" lon="137.3179714847356">
        <ele>820.68</ele>
      </trkpt>
      <trkpt lat="36.09632033854723" lon="137.3179579898715">
        <ele>821.79</ele>
      </trkpt>
      <trkpt lat="36.096582943573594" lon="137.31792747974396">
        <ele>822.77</ele>
      </trkpt>
      <trkpt lat="36.09666642732918" lon="137.31792479753494">
        <ele>823.71</ele>
      </trkpt>
      <trkpt lat="36.09676935710013" lon="137.3179516196251">
        <ele>824.65</ele>
      </trkpt>
      <trkpt lat="36.096836579963565" lon="137.3180240392685">
        <ele>825.58</ele>
      </trkpt>
      <trkpt lat="36.0968950856477" lon="137.31815001927316">
        <ele>826.52</ele>
      </trkpt>
      <trkpt lat="36.096906987950206" lon="137.31832846999168">
        <ele>827.43</ele>
      </trkpt>
      <trkpt lat="36.09687983058393" lon="137.3186355829239">
        <ele>828.35</ele>
      </trkpt>
      <trkpt lat="36.09687337651849" lon="137.31878578662872">
        <ele>829.18</ele>
      </trkpt>
      <trkpt lat="36.096876645460725" lon="137.31889449991286">
        <ele>829.98</ele>
      </trkpt>
      <trkpt lat="36.096922159194946" lon="137.31897488236427">
        <ele>830.77</ele>
      </trkpt>
      <trkpt lat="36.09698393382132" lon="137.31902718544006">
        <ele>831.55</ele>
      </trkpt>
      <trkpt lat="36.09706683084369" lon="137.31902919709682">
        <ele>832.34</ele>
      </trkpt>
      <trkpt lat="36.09711837954819" lon="137.31900438666344">
        <ele>833.11</ele>
      </trkpt>
      <trkpt lat="36.09718166291714" lon="137.31895744800568">
        <ele>833.88</ele>
      </trkpt>
      <trkpt lat="36.09724838286638" lon="137.31887966394424">
        <ele>834.62</ele>
      </trkpt>
      <trkpt lat="36.09737075865269" lon="137.31871336698532">
        <ele>835.37</ele>
      </trkpt>
      <trkpt lat="36.09745742753148" lon="137.318657040596">
        <ele>836.04</ele>
      </trkpt>
      <trkpt lat="36.09756479971111" lon="137.3186329845339">
        <ele>836.72</ele>
      </trkpt>
      <trkpt lat="36.09766446053982" lon="137.31862619519234">
        <ele>837.38</ele>
      </trkpt>
      <trkpt lat="36.09774895012379" lon="137.31863013468683">
        <ele>837.95</ele>
      </trkpt>
      <trkpt lat="36.09785405918956" lon="137.31867858208716">
        <ele>838.5</ele>
      </trkpt>
      <trkpt lat="36.098066456615925" lon="137.31875896453857">
        <ele>839.01</ele>
      </trkpt>
      <trkpt lat="36.09824951738119" lon="137.31877505779266">
        <ele>839.48</ele>
      </trkpt>
      <trkpt lat="36.098463088274" lon="137.31876022182405">
        <ele>839.94</ele>
      </trkpt>
      <trkpt lat="36.098602982237935" lon="137.31871747411788">
        <ele>840.38</ele>
      </trkpt>
      <trkpt lat="36.09877196140587" lon="137.31866248883307">
        <ele>840.8</ele>
      </trkpt>
      <trkpt lat="36.098882434889674" lon="137.3186435457319">
        <ele>841.17</ele>
      </trkpt>
      <trkpt lat="36.099067674949765" lon="137.31862619519234">
        <ele>841.48</ele>
      </trkpt>
      <trkpt lat="36.099212849512696" lon="137.3186234291643">
        <ele>841.77</ele>
      </trkpt>
      <trkpt lat="36.0994010232389" lon="137.3185940925032">
        <ele>842.03</ele>
      </trkpt>
      <trkpt lat="36.099590035155416" lon="137.31856458820403">
        <ele>842.23</ele>
      </trkpt>
      <trkpt lat="36.09979488886893" lon="137.3185108602047">
        <ele>842.4</ele>
      </trkpt>
      <trkpt lat="36.10000083222985" lon="137.31845729984343">
        <ele>842.57</ele>
      </trkpt>
      <trkpt lat="36.100207697600126" lon="137.3184035718441">
        <ele>842.75</ele>
      </trkpt>
      <trkpt lat="36.10041473060846" lon="137.31835344806314">
        <ele>842.91</ele>
      </trkpt>
      <trkpt lat="36.10062276944518" lon="137.31830307282507">
        <ele>843.08</ele>
      </trkpt>
      <trkpt lat="36.1006682831794" lon="137.31830508448184">
        <ele>843.25</ele>
      </trkpt>
      <trkpt lat="36.10069862566888" lon="137.31832042336464">
        <ele>843.43</ele>
      </trkpt>
      <trkpt lat="36.10071865841746" lon="137.31834749691188">
        <ele>843.61</ele>
      </trkpt>
      <trkpt lat="36.10081781633198" lon="137.3187040630728">
        <ele>843.8</ele>
      </trkpt>
      <trkpt lat="36.100849164649844" lon="137.31885963119566">
        <ele>843.99</ele>
      </trkpt>
      <trkpt lat="36.100883949548006" lon="137.31909164227545">
        <ele>844.25</ele>
      </trkpt>
      <trkpt lat="36.10090775415301" lon="137.31929557397962">
        <ele>844.48</ele>
      </trkpt>
      <trkpt lat="36.10093927010894" lon="137.31960939243436">
        <ele>844.71</ele>
      </trkpt>
      <trkpt lat="36.10097053460777" lon="137.31991373933852">
        <ele>844.91</ele>
      </trkpt>
      <trkpt lat="36.10099224373698" lon="137.32023158110678">
        <ele>845.09</ele>
      </trkpt>
      <trkpt lat="36.100998781621456" lon="137.320356387645">
        <ele>845.28</ele>
      </trkpt>
      <trkpt lat="36.100997691974044" lon="137.32057498767972">
        <ele>845.49</ele>
      </trkpt>
      <trkpt lat="36.10097371973097" lon="137.3208672646433">
        <ele>845.75</ele>
      </trkpt>
      <trkpt lat="36.10092284157872" lon="137.32124813832343">
        <ele>846.01</ele>
      </trkpt>
      <trkpt lat="36.10087095759809" lon="137.3216021899134">
        <ele>846.22</ele>
      </trkpt>
      <trkpt lat="36.100824354216456" lon="137.3219159245491">
        <ele>846.46</ele>
      </trkpt>
      <trkpt lat="36.100780852138996" lon="137.3221709858626">
        <ele>846.7</ele>
      </trkpt>
      <trkpt lat="36.10073701478541" lon="137.32248195447028">
        <ele>847.01</ele>
      </trkpt>
      <trkpt lat="36.10069326125085" lon="137.32279183343053">
        <ele>847.31</ele>
      </trkpt>
      <trkpt lat="36.100655207410455" lon="137.32307396829128">
        <ele>847.66</ele>
      </trkpt>
      <trkpt lat="36.10061732120812" lon="137.32335509732366">
        <ele>848.02</ele>
      </trkpt>
      <trkpt lat="36.100585889071226" lon="137.32357336208224">
        <ele>848.44</ele>
      </trkpt>
      <trkpt lat="36.100554540753365" lon="137.32379087246954">
        <ele>848.83</ele>
      </trkpt>
      <trkpt lat="36.10051925294101" lon="137.32399648055434">
        <ele>849.24</ele>
      </trkpt>
      <trkpt lat="36.10048404894769" lon="137.32420133426785">
        <ele>849.68</ele>
      </trkpt>
      <trkpt lat="36.10043845139444" lon="137.32446134090424">
        <ele>850.13</ele>
      </trkpt>
      <trkpt lat="36.10039075836539" lon="137.32469871640205">
        <ele>850.49</ele>
      </trkpt>
      <trkpt lat="36.100331246852875" lon="137.32492016628385">
        <ele>850.85</ele>
      </trkpt>
      <trkpt lat="36.100265281274915" lon="137.3251708690077">
        <ele>851.21</ele>
      </trkpt>
      <trkpt lat="36.10017945058644" lon="137.3255194723606">
        <ele>851.7</ele>
      </trkpt>
      <trkpt lat="36.10009395517409" lon="137.3258669860661">
        <ele>852.23</ele>
      </trkpt>
      <trkpt lat="36.10002069734037" lon="137.3261463548988">
        <ele>852.66</ele>
      </trkpt>
      <trkpt lat="36.099947690963745" lon="137.3264248855412">
        <ele>852.99</ele>
      </trkpt>
      <trkpt lat="36.09987116418779" lon="137.3267015721649">
        <ele>853.36</ele>
      </trkpt>
      <trkpt lat="36.09979488886893" lon="137.32697733677924">
        <ele>853.73</ele>
      </trkpt>
      <trkpt lat="36.099728839471936" lon="137.32718663290143">
        <ele>854.11</ele>
      </trkpt>
      <trkpt lat="36.09967469237745" lon="137.32742794789374">
        <ele>854.51</ele>
      </trkpt>
      <trkpt lat="36.099654994904995" lon="137.3275446239859">
        <ele>854.95</ele>
      </trkpt>
      <trkpt lat="36.09964317642152" lon="137.32767135836184">
        <ele>855.43</ele>
      </trkpt>
      <trkpt lat="36.09962582588196" lon="137.32781016267836">
        <ele>855.91</ele>
      </trkpt>
      <trkpt lat="36.09960847534239" lon="137.3279912956059">
        <ele>856.41</ele>
      </trkpt>
      <trkpt lat="36.09960378147662" lon="137.32816823758185">
        <ele>856.88</ele>
      </trkpt>
      <trkpt lat="36.099610989913344" lon="137.32834526337683">
        <ele>857.34</ele>
      </trkpt>
      <trkpt lat="36.09962113201618" lon="137.32853645458817">
        <ele>857.81</ele>
      </trkpt>
      <trkpt lat="36.09963906928897" lon="137.32863234356046">
        <ele>858.29</ele>
      </trkpt>
      <trkpt lat="36.09968944452703" lon="137.32883082702756">
        <ele>858.79</ele>
      </trkpt>
      <trkpt lat="36.099751722067595" lon="137.32906149700284">
        <ele>859.3</ele>
      </trkpt>
      <trkpt lat="36.099832355976105" lon="137.32932125218213">
        <ele>859.79</ele>
      </trkpt>
      <trkpt lat="36.09991273842752" lon="137.32958033680916">
        <ele>860.25</ele>
      </trkpt>
      <trkpt lat="36.10002866014838" lon="137.32991670258343">
        <ele>860.74</ele>
      </trkpt>
      <trkpt lat="36.10014424659312" lon="137.33025214634836">
        <ele>861.24</ele>
      </trkpt>
      <trkpt lat="36.10023192130029" lon="137.3304964788258">
        <ele>861.73</ele>
      </trkpt>
      <trkpt lat="36.10031934455037" lon="137.330740140751">
        <ele>862.21</ele>
      </trkpt>
      <trkpt lat="36.10044582746923" lon="137.3310298193246">
        <ele>862.68</ele>
      </trkpt>
      <trkpt lat="36.10060499981046" lon="137.3313368484378">
        <ele>863.25</ele>
      </trkpt>
      <trkpt lat="36.100700134411454" lon="137.33148763887584">
        <ele>863.74</ele>
      </trkpt>
      <trkpt lat="36.10081387683749" lon="137.33163566328585">
        <ele>864.24</ele>
      </trkpt>
      <trkpt lat="36.10092334449291" lon="137.33177647925913">
        <ele>864.72</ele>
      </trkpt>
      <trkpt lat="36.10104152932763" lon="137.33190254308283">
        <ele>865.19</ele>
      </trkpt>
      <trkpt lat="36.10116172581911" lon="137.33201653696597">
        <ele>865.65</ele>
      </trkpt>
      <trkpt lat="36.10138937830925" lon="137.33221502043307">
        <ele>866.13</ele>
      </trkpt>
      <trkpt lat="36.10153547488153" lon="137.3323255777359">
        <ele>866.58</ele>
      </trkpt>
      <trkpt lat="36.101681822910905" lon="137.33243638649583">
        <ele>867.06</ele>
      </trkpt>
      <trkpt lat="36.101830350235105" lon="137.332561025396">
        <ele>867.51</ele>
      </trkpt>
      <trkpt lat="36.10203394666314" lon="137.33271525241435">
        <ele>867.9</ele>
      </trkpt>
      <trkpt lat="36.102278865873814" lon="137.33288154937327">
        <ele>868.28</ele>
      </trkpt>
      <trkpt lat="36.1025108769536" lon="137.33307735063136">
        <ele>868.63</ele>
      </trkpt>
      <trkpt lat="36.10265487805009" lon="137.33318338170648">
        <ele>868.95</ele>
      </trkpt>
      <trkpt lat="36.10282754525542" lon="137.33333542943">
        <ele>869.19</ele>
      </trkpt>
      <trkpt lat="36.10300054773688" lon="137.33348772861063">
        <ele>869.4</ele>
      </trkpt>
      <trkpt lat="36.10313314944506" lon="137.3335976153612">
        <ele>869.58</ele>
      </trkpt>
      <trkpt lat="36.103265918791294" lon="137.3337077535689">
        <ele>869.74</ele>
      </trkpt>
      <trkpt lat="36.10347739420831" lon="137.33382577076554">
        <ele>869.79</ele>
      </trkpt>
      <trkpt lat="36.103604128584266" lon="137.3338967654854">
        <ele>869.89</ele>
      </trkpt>
      <trkpt lat="36.103658359497786" lon="137.33394362032413">
        <ele>870.03</ele>
      </trkpt>
      <trkpt lat="36.10380127094686" lon="137.33406046405435">
        <ele>870.13</ele>
      </trkpt>
      <trkpt lat="36.1039409134537" lon="137.33416624367237">
        <ele>870.3</ele>
      </trkpt>
      <trkpt lat="36.104080975055695" lon="137.33427235856652">
        <ele>870.5</ele>
      </trkpt>
      <trkpt lat="36.10418809577823" lon="137.33434335328639">
        <ele>870.75</ele>
      </trkpt>
      <trkpt lat="36.10425867140293" lon="137.33438492752612">
        <ele>870.96</ele>
      </trkpt>
      <trkpt lat="36.10432958230376" lon="137.3344197962433">
        <ele>871.17</ele>
      </trkpt>
      <trkpt lat="36.10437886789441" lon="137.33443052507937">
        <ele>871.39</ele>
      </trkpt>
      <trkpt lat="36.104420525953174" lon="137.33443781733513">
        <ele>871.61</ele>
      </trkpt>
      <trkpt lat="36.1044742539525" lon="137.33443999662995">
        <ele>871.84</ele>
      </trkpt>
      <trkpt lat="36.104507530108094" lon="137.334437482059">
        <ele>872.07</ele>
      </trkpt>
      <trkpt lat="36.104570142924786" lon="137.334426920861">
        <ele>872.33</ele>
      </trkpt>
      <trkpt lat="36.104651279747486" lon="137.3343840893358">
        <ele>872.62</ele>
      </trkpt>
      <trkpt lat="36.104704421013594" lon="137.33431954868138">
        <ele>872.92</ele>
      </trkpt>
      <trkpt lat="36.104759657755494" lon="137.3342323768884">
        <ele>873.21</ele>
      </trkpt>
      <trkpt lat="36.10478354617953" lon="137.3341761343181">
        <ele>873.5</ele>
      </trkpt>
      <trkpt lat="36.10479871742427" lon="137.3340822570026">
        <ele>873.77</ele>
      </trkpt>
      <trkpt lat="36.10480743460357" lon="137.33398569747806">
        <ele>874.08</ele>
      </trkpt>
      <trkpt lat="36.104813888669014" lon="137.33383289538324">
        <ele>874.39</ele>
      </trkpt>
      <trkpt lat="36.10482252202928" lon="137.3337214998901">
        <ele>874.75</ele>
      </trkpt>
      <trkpt lat="36.10483668744564" lon="137.33363038860261">
        <ele>875.14</ele>
      </trkpt>
      <trkpt lat="36.104857390746474" lon="137.33356735669076">
        <ele>875.61</ele>
      </trkpt>
      <trkpt lat="36.104888655245304" lon="137.33350021764636">
        <ele>876.12</ele>
      </trkpt>
      <trkpt lat="36.10493525862694" lon="137.33344255015254">
        <ele>876.67</ele>
      </trkpt>
      <trkpt lat="36.104983957484365" lon="137.33339427039027">
        <ele>877.28</ele>
      </trkpt>
      <trkpt lat="36.10504908487201" lon="137.33337549492717">
        <ele>877.95</ele>
      </trkpt>
      <trkpt lat="36.10509233549237" lon="137.33337415382266">
        <ele>878.71</ele>
      </trkpt>
      <trkpt lat="36.10514438711107" lon="137.33340223319829">
        <ele>879.56</ele>
      </trkpt>
      <trkpt lat="36.10519417561591" lon="137.33343576081097">
        <ele>880.47</ele>
      </trkpt>
      <trkpt lat="36.10525167547166" lon="137.33349217101932">
        <ele>881.45</ele>
      </trkpt>
      <trkpt lat="36.10528528690338" lon="137.33354849740863">
        <ele>882.5</ele>
      </trkpt>
      <trkpt lat="36.10530045814812" lon="137.333607589826">
        <ele>883.66</ele>
      </trkpt>
      <trkpt lat="36.10530364327133" lon="137.3336879722774">
        <ele>884.94</ele>
      </trkpt>
      <trkpt lat="36.105289561674" lon="137.3337791673839">
        <ele>886.26</ele>
      </trkpt>
      <trkpt lat="36.10525167547166" lon="137.3339226655662">
        <ele>887.67</ele>
      </trkpt>
      <trkpt lat="36.10514874570072" lon="137.33421904966235">
        <ele>889.14</ele>
      </trkpt>
      <trkpt lat="36.105058724060655" lon="137.33446849510074">
        <ele>890.6</ele>
      </trkpt>
      <trkpt lat="36.10499803908169" lon="137.33467234298587">
        <ele>892.03</ele>
      </trkpt>
      <trkpt lat="36.104982951655984" lon="137.33480636961758">
        <ele>893.46</ele>
      </trkpt>
      <trkpt lat="36.104988399893045" lon="137.33490569517016">
        <ele>894.92</ele>
      </trkpt>
      <trkpt lat="36.105013294145465" lon="137.33498758636415">
        <ele>896.42</ele>
      </trkpt>
      <trkpt lat="36.10504036769271" lon="137.33504517003894">
        <ele>897.93</ele>
      </trkpt>
      <trkpt lat="36.10511085949838" lon="137.33513636514544">
        <ele>899.49</ele>
      </trkpt>
      <trkpt lat="36.105182357132435" lon="137.33518338762224">
        <ele>901.07</ele>
      </trkpt>
      <trkpt lat="36.105267936363816" lon="137.33520752750337">
        <ele>902.67</ele>
      </trkpt>
      <trkpt lat="36.10539039596915" lon="137.3352128919214">
        <ele>904.31</ele>
      </trkpt>
      <trkpt lat="36.10564495436847" lon="137.33514977619052">
        <ele>906.03</ele>
      </trkpt>
      <trkpt lat="36.105860620737076" lon="137.33509831130505">
        <ele>907.65</ele>
      </trkpt>
      <trkpt lat="36.10607729293406" lon="137.33504659496248">
        <ele>909.24</ele>
      </trkpt>
      <trkpt lat="36.106253899633884" lon="137.33501432463527">
        <ele>910.76</ele>
      </trkpt>
      <trkpt lat="36.106373174116015" lon="137.3350035957992">
        <ele>912.31</ele>
      </trkpt>
      <trkpt lat="36.106442492455244" lon="137.3350183479488">
        <ele>913.85</ele>
      </trkpt>
      <trkpt lat="36.10652161762118" lon="137.33503301627934">
        <ele>915.39</ele>
      </trkpt>
      <trkpt lat="36.10661482438445" lon="137.33509085141122">
        <ele>916.92</ele>
      </trkpt>
      <trkpt lat="36.10669839195907" lon="137.33517467044294">
        <ele>918.43</ele>
      </trkpt>
      <trkpt lat="36.10677416436374" lon="137.33527986332774">
        <ele>919.92</ele>
      </trkpt>
      <trkpt lat="36.10692017711699" lon="137.33551589772105">
        <ele>921.34</ele>
      </trkpt>
      <trkpt lat="36.107034757733345" lon="137.33571832068264">
        <ele>922.71</ele>
      </trkpt>
      <trkpt lat="36.107160318642855" lon="137.33593977056444">
        <ele>924.09</ele>
      </trkpt>
      <trkpt lat="36.10728562809527" lon="137.3361608851701">
        <ele>925.52</ele>
      </trkpt>
      <trkpt lat="36.10744723118842" lon="137.33645274303854">
        <ele>927.0</ele>
      </trkpt>
      <trkpt lat="36.10760858282447" lon="137.33674434944987">
        <ele>928.43</ele>
      </trkpt>
      <trkpt lat="36.10777001827955" lon="137.33702522702515">
        <ele>929.85</ele>
      </trkpt>
      <trkpt lat="36.10793128609657" lon="137.33730585314333">
        <ele>931.19</ele>
      </trkpt>
      <trkpt lat="36.10802885144949" lon="137.33748304657638">
        <ele>932.4</ele>
      </trkpt>
      <trkpt lat="36.10812624916434" lon="137.33765998855233">
        <ele>933.53</ele>
      </trkpt>
      <trkpt lat="36.10823496244848" lon="137.3378552030772">
        <ele>934.65</ele>
      </trkpt>
      <trkpt lat="36.10834342427552" lon="137.338050249964">
        <ele>935.73</ele>
      </trkpt>
      <trkpt lat="36.10848977230489" lon="137.33830908313394">
        <ele>936.81</ele>
      </trkpt>
      <trkpt lat="36.10862849280238" lon="137.3385531641543">
        <ele>937.75</ele>
      </trkpt>
      <trkpt lat="36.10873360186815" lon="137.33874100260437">
        <ele>938.65</ele>
      </trkpt>
      <trkpt lat="36.10883862711489" lon="137.33892867341638">
        <ele>939.48</ele>
      </trkpt>
      <trkpt lat="36.109000062569976" lon="137.339221034199">
        <ele>940.23</ele>
      </trkpt>
      <trkpt lat="36.10910475254059" lon="137.33940619044006">
        <ele>941.03</ele>
      </trkpt>
      <trkpt lat="36.10920927487314" lon="137.33959117904305">
        <ele>941.88</ele>
      </trkpt>
      <trkpt lat="36.10930625349283" lon="137.3397715575993">
        <ele>942.78</ele>
      </trkpt>
      <trkpt lat="36.109392335638404" lon="137.33992117457092">
        <ele>943.69</ele>
      </trkpt>
      <trkpt lat="36.10945084132254" lon="137.34002376906574">
        <ele>944.56</ele>
      </trkpt>
      <trkpt lat="36.10950934700668" lon="137.340119574219">
        <ele>945.4</ele>
      </trkpt>
      <trkpt lat="36.109576569870114" lon="137.34022024087608">
        <ele>946.23</ele>
      </trkpt>
      <trkpt lat="36.10967991873622" lon="137.34036901965737">
        <ele>947.03</ele>
      </trkpt>
      <trkpt lat="36.109792068600655" lon="137.34052852727473">
        <ele>947.86</ele>
      </trkpt>
      <trkpt lat="36.10992534086108" lon="137.34067889861763">
        <ele>948.71</ele>
      </trkpt>
      <trkpt lat="36.11009767279029" lon="137.34085315838456">
        <ele>949.62</ele>
      </trkpt>
      <trkpt lat="36.11030898056924" lon="137.34105298295617">
        <ele>950.54</ele>
      </trkpt>
      <trkpt lat="36.110446359962225" lon="137.34116546809673">
        <ele>951.47</ele>
      </trkpt>
      <trkpt lat="36.11058407463133" lon="137.34127828851342">
        <ele>952.44</ele>
      </trkpt>
      <trkpt lat="36.11077157780528" lon="137.34140971675515">
        <ele>953.43</ele>
      </trkpt>
      <trkpt lat="36.110971150919795" lon="137.3415443301201">
        <ele>954.44</ele>
      </trkpt>
      <trkpt lat="36.11117139458656" lon="137.34167927876115">
        <ele>955.42</ele>
      </trkpt>
      <trkpt lat="36.111400723457336" lon="137.3418305721134">
        <ele>956.38</ele>
      </trkpt>
      <trkpt lat="36.11163072288036" lon="137.34198236837983">
        <ele>957.34</ele>
      </trkpt>
      <trkpt lat="36.11187128350139" lon="137.34212988987565">
        <ele>958.25</ele>
      </trkpt>
      <trkpt lat="36.11209876835346" lon="137.34229744412005">
        <ele>959.23</ele>
      </trkpt>
      <trkpt lat="36.11220387741923" lon="137.34240473248065">
        <ele>960.28</ele>
      </trkpt>
      <trkpt lat="36.11227755434811" lon="137.34252283349633">
        <ele>961.34</ele>
      </trkpt>
      <trkpt lat="36.11232088878751" lon="137.3426327202469">
        <ele>962.39</ele>
      </trkpt>
      <trkpt lat="36.112349051982164" lon="137.3427748773247">
        <ele>963.43</ele>
      </trkpt>
      <trkpt lat="36.11236196011305" lon="137.34298015013337">
        <ele>964.45</ele>
      </trkpt>
      <trkpt lat="36.112364726141095" lon="137.34318776987493">
        <ele>965.43</ele>
      </trkpt>
      <trkpt lat="36.11236749216914" lon="137.34339455142617">
        <ele>966.42</ele>
      </trkpt>
      <trkpt lat="36.112369671463966" lon="137.34367274679244">
        <ele>967.48</ele>
      </trkpt>
      <trkpt lat="36.11237176693976" lon="137.34395085833967">
        <ele>968.63</ele>
      </trkpt>
      <trkpt lat="36.112373946234584" lon="137.3442273773253">
        <ele>969.67</ele>
      </trkpt>
      <trkpt lat="36.112373946234584" lon="137.3445519246161">
        <ele>970.67</ele>
      </trkpt>
      <trkpt lat="36.112369671463966" lon="137.344718137756">
        <ele>971.6</ele>
      </trkpt>
      <trkpt lat="36.11234586685896" lon="137.34481478109956">
        <ele>972.48</ele>
      </trkpt>
      <trkpt lat="36.11231217160821" lon="137.34490723349154">
        <ele>973.33</ele>
      </trkpt>
      <trkpt lat="36.112269926816225" lon="137.34497169032693">
        <ele>974.14</ele>
      </trkpt>
      <trkpt lat="36.11222768202424" lon="137.34501058235765">
        <ele>974.91</ele>
      </trkpt>
      <trkpt lat="36.11216163262725" lon="137.34504142776132">
        <ele>975.63</ele>
      </trkpt>
      <trkpt lat="36.112105222418904" lon="137.3450561799109">
        <ele>976.33</ele>
      </trkpt>
      <trkpt lat="36.112005645409226" lon="137.34505475498736">
        <ele>977.0</ele>
      </trkpt>
      <trkpt lat="36.111945966258645" lon="137.34503069892526">
        <ele>977.64</ele>
      </trkpt>
      <trkpt lat="36.11185762099922" lon="137.34498845413327">
        <ele>978.25</ele>
      </trkpt>
      <trkpt lat="36.1117703653872" lon="137.34495962038636">
        <ele>978.86</ele>
      </trkpt>
      <trkpt lat="36.11170875839889" lon="137.3449541721493">
        <ele>979.48</ele>
      </trkpt>
      <trkpt lat="36.11164807341993" lon="137.34493941999972">
        <ele>980.09</ele>
      </trkpt>
      <trkpt lat="36.111571127548814" lon="137.34496221877635">
        <ele>980.7</ele>
      </trkpt>
      <trkpt lat="36.111511532217264" lon="137.34498778358102">
        <ele>981.32</ele>
      </trkpt>
      <trkpt lat="36.111418325454" lon="137.34507093206048">
        <ele>981.97</ele>
      </trkpt>
      <trkpt lat="36.11137825995684" lon="137.34515802003443">
        <ele>982.59</ele>
      </trkpt>
      <trkpt lat="36.11135873012245" lon="137.34525198116899">
        <ele>983.2</ele>
      </trkpt>
      <trkpt lat="36.11137398518622" lon="137.34537536278367">
        <ele>983.82</ele>
      </trkpt>
      <trkpt lat="36.11140105873346" lon="137.3454692400992">
        <ele>984.44</ele>
      </trkpt>
      <trkpt lat="36.111456379294395" lon="137.34556579962373">
        <ele>985.03</ele>
      </trkpt>
      <trkpt lat="36.111507173627615" lon="137.34562874771655">
        <ele>985.61</ele>
      </trkpt>
      <trkpt lat="36.11159493215382" lon="137.34569186344743">
        <ele>986.19</ele>
      </trkpt>
      <trkpt lat="36.111671878024936" lon="137.34573477879167">
        <ele>986.78</ele>
      </trkpt>
      <trkpt lat="36.11181168816984" lon="137.34576294198632">
        <ele>987.4</ele>
      </trkpt>
      <trkpt lat="36.111936243250966" lon="137.34577626921237">
        <ele>988.08</ele>
      </trkpt>
      <trkpt lat="36.11213129013777" lon="137.34580049291253">
        <ele>988.84</ele>
      </trkpt>
      <trkpt lat="36.112300269305706" lon="137.34582723118365">
        <ele>989.54</ele>
      </trkpt>
      <trkpt lat="36.112389117479324" lon="137.34585681930184">
        <ele>990.17</ele>
      </trkpt>
      <trkpt lat="36.11248777247965" lon="137.3458902630955">
        <ele>990.83</ele>
      </trkpt>
      <trkpt lat="36.11258734948933" lon="137.34595865942538">
        <ele>991.44</ele>
      </trkpt>
      <trkpt lat="36.112698996439576" lon="137.34606192447245">
        <ele>992.03</ele>
      </trkpt>
      <trkpt lat="36.112808380275965" lon="137.34618262387812">
        <ele>992.6</ele>
      </trkpt>
      <trkpt lat="36.112867975607514" lon="137.34625378623605">
        <ele>993.15</ele>
      </trkpt>
      <trkpt lat="36.1129308398813" lon="137.34632888808846">
        <ele>993.69</ele>
      </trkpt>
      <trkpt lat="36.11302505247295" lon="137.34641865827143">
        <ele>994.25</ele>
      </trkpt>
      <trkpt lat="36.11309118568897" lon="137.34647364355624">
        <ele>994.8</ele>
      </trkpt>
      <trkpt lat="36.11318439245224" lon="137.34652468934655">
        <ele>995.36</ele>
      </trkpt>
      <trkpt lat="36.1132537946105" lon="137.34654874540865">
        <ele>995.9</ele>
      </trkpt>
      <trkpt lat="36.11335345543921" lon="137.34655687585473">
        <ele>996.47</ele>
      </trkpt>
      <trkpt lat="36.113421684131026" lon="137.34655008651316">
        <ele>997.01</ele>
      </trkpt>
      <trkpt lat="36.11348337493837" lon="137.3465554509312">
        <ele>997.5</ele>
      </trkpt>
      <trkpt lat="36.11356895416975" lon="137.346520582214">
        <ele>998.01</ele>
      </trkpt>
      <trkpt lat="36.11365998163819" lon="137.3464817740023">
        <ele>998.52</ele>
      </trkpt>
      <trkpt lat="36.113771544769406" lon="137.34641077928245">
        <ele>999.0</ele>
      </trkpt>
      <trkpt lat="36.113885287195444" lon="137.34631002880633">
        <ele>999.41</ele>
      </trkpt>
      <trkpt lat="36.11395896412432" lon="137.34626049175858">
        <ele>999.82</ele>
      </trkpt>
      <trkpt lat="36.114019649103284" lon="137.34623081982136">
        <ele>1000.23</ele>
      </trkpt>
      <trkpt lat="36.114098858088255" lon="137.3461987171322">
        <ele>1000.61</ele>
      </trkpt>
      <trkpt lat="36.11415082588792" lon="137.34618673101068">
        <ele>1001.02</ele>
      </trkpt>
      <trkpt lat="36.114220060408115" lon="137.3461987171322">
        <ele>1001.42</ele>
      </trkpt>
      <trkpt lat="36.1142969224602" lon="137.3462430574">
        <ele>1001.87</ele>
      </trkpt>
      <trkpt lat="36.11438258551061" lon="137.34631405211985">
        <ele>1002.35</ele>
      </trkpt>
      <trkpt lat="36.11447034403682" lon="137.34640398994088">
        <ele>1002.82</ele>
      </trkpt>
      <trkpt lat="36.11455483362079" lon="137.3464830312878">
        <ele>1003.26</ele>
      </trkpt>
      <trkpt lat="36.1146198771894" lon="137.34652737155557">
        <ele>1003.7</ele>
      </trkpt>
      <trkpt lat="36.114708725363016" lon="137.3465702868998">
        <ele>1004.22</ele>
      </trkpt>
      <trkpt lat="36.11480955965817" lon="137.34657967463136">
        <ele>1004.72</ele>
      </trkpt>
      <trkpt lat="36.1149166803807" lon="137.34655821695924">
        <ele>1005.25</ele>
      </trkpt>
      <trkpt lat="36.11499144695699" lon="137.34653206542134">
        <ele>1005.78</ele>
      </trkpt>
      <trkpt lat="36.11504668369889" lon="137.3464830312878">
        <ele>1006.27</ele>
      </trkpt>
      <trkpt lat="36.1151085421443" lon="137.3464053310454">
        <ele>1006.71</ele>
      </trkpt>
      <trkpt lat="36.115159671753645" lon="137.34633676707745">
        <ele>1007.15</ele>
      </trkpt>
      <trkpt lat="36.115223625674844" lon="137.3462227731943">
        <ele>1007.58</ele>
      </trkpt>
      <trkpt lat="36.115329740568995" lon="137.34599218703806">
        <ele>1007.92</ele>
      </trkpt>
      <trkpt lat="36.1154349334538" lon="137.34581239521503">
        <ele>1008.24</ele>
      </trkpt>
      <trkpt lat="36.1155020724982" lon="137.3457211162895">
        <ele>1008.66</ele>
      </trkpt>
      <trkpt lat="36.1155660264194" lon="137.34565146267414">
        <ele>1009.12</ele>
      </trkpt>
      <trkpt lat="36.11563643440604" lon="137.3456098884344">
        <ele>1009.56</ele>
      </trkpt>
      <trkpt lat="36.11569058150053" lon="137.3455950524658">
        <ele>1010.02</ele>
      </trkpt>
      <trkpt lat="36.115733832120895" lon="137.34558708965778">
        <ele>1010.48</ele>
      </trkpt>
      <trkpt lat="36.11579024232924" lon="137.34559513628483">
        <ele>1010.92</ele>
      </trkpt>
      <trkpt lat="36.11586065031588" lon="137.34563268721104">
        <ele>1011.37</ele>
      </trkpt>
      <trkpt lat="36.115926783531904" lon="137.3456809669733">
        <ele>1011.86</ele>
      </trkpt>
      <trkpt lat="36.116101294755936" lon="137.34587819315493">
        <ele>1012.31</ele>
      </trkpt>
      <trkpt lat="36.116301622241735" lon="137.34612411819398">
        <ele>1012.73</ele>
      </trkpt>
      <trkpt lat="36.11650203354657" lon="137.34637029469013">
        <ele>1013.35</ele>
      </trkpt>
      <trkpt lat="36.11662223003805" lon="137.3465084284544">
        <ele>1013.99</ele>
      </trkpt>
      <trkpt lat="36.116706719622016" lon="137.3465874698013">
        <ele>1014.58</ele>
      </trkpt>
      <trkpt lat="36.116795651614666" lon="137.34666533768177">
        <ele>1015.14</ele>
      </trkpt>
      <trkpt lat="36.1168768722564" lon="137.34670967794955">
        <ele>1015.68</ele>
      </trkpt>
      <trkpt lat="36.11698851920664" lon="137.34674848616123">
        <ele>1016.24</ele>
      </trkpt>
      <trkpt lat="36.117140147835016" lon="137.34677807427943">
        <ele>1016.75</ele>
      </trkpt>
      <trkpt lat="36.117288591340184" lon="137.34680489636958">
        <ele>1017.35</ele>
      </trkpt>
      <trkpt lat="36.11736654303968" lon="137.34680883586407">
        <ele>1017.8</ele>
      </trkpt>
      <trkpt lat="36.11742018721998" lon="137.3468054831028">
        <ele>1018.23</ele>
      </trkpt>
      <trkpt lat="36.117488918825984" lon="137.34678871929646">
        <ele>1018.64</ele>
      </trkpt>
      <trkpt lat="36.11755656078458" lon="137.34675837680697">
        <ele>1019.01</ele>
      </trkpt>
      <trkpt lat="36.11761875450611" lon="137.34671596437693">
        <ele>1019.36</ele>
      </trkpt>
      <trkpt lat="36.11766426824033" lon="137.34665025025606">
        <ele>1019.62</ele>
      </trkpt>
      <trkpt lat="36.11769896931946" lon="137.3465911578387">
        <ele>1019.86</ele>
      </trkpt>
      <trkpt lat="36.117715733125806" lon="137.34647255390882">
        <ele>1019.96</ele>
      </trkpt>
      <trkpt lat="36.11771849915385" lon="137.34637666493654">
        <ele>1020.03</ele>
      </trkpt>
      <trkpt lat="36.11771682277322" lon="137.3463215958327">
        <ele>1020.08</ele>
      </trkpt>
      <trkpt lat="36.11771799623966" lon="137.34627725556493">
        <ele>1020.11</ele>
      </trkpt>
      <trkpt lat="36.117716236039996" lon="137.34612956643105">
        <ele>1020.05</ele>
      </trkpt>
      <trkpt lat="36.11771296709776" lon="137.34597927890718">
        <ele>1019.95</ele>
      </trkpt>
      <trkpt lat="36.11771849915385" lon="137.34588137827814">
        <ele>1019.85</ele>
      </trkpt>
      <trkpt lat="36.11776493489742" lon="137.34568557702005">
        <ele>1019.77</ele>
      </trkpt>
      <trkpt lat="36.117845149710774" lon="137.34542607329786">
        <ele>1019.68</ele>
      </trkpt>
      <trkpt lat="36.117935087531805" lon="137.34518132172525">
        <ele>1019.52</ele>
      </trkpt>
      <trkpt lat="36.11801262013614" lon="137.34494159929454">
        <ele>1019.15</ele>
      </trkpt>
      <trkpt lat="36.118089985102415" lon="137.34470246359706">
        <ele>1018.78</ele>
      </trkpt>
      <trkpt lat="36.11817128956318" lon="137.34451479278505">
        <ele>1018.35</ele>
      </trkpt>
      <trkpt lat="36.118225352838635" lon="137.3444409482181">
        <ele>1017.95</ele>
      </trkpt>
      <trkpt lat="36.118284948170185" lon="137.3443820234388">
        <ele>1017.42</ele>
      </trkpt>
      <trkpt lat="36.118348985910416" lon="137.34435126185417">
        <ele>1016.87</ele>
      </trkpt>
      <trkpt lat="36.118403133004904" lon="137.34433424659073">
        <ele>1016.3</ele>
      </trkpt>
      <trkpt lat="36.11847228370607" lon="137.34432284720242">
        <ele>1015.68</ele>
      </trkpt>
      <trkpt lat="36.118532884866" lon="137.34433483332396">
        <ele>1015.0</ele>
      </trkpt>
      <trkpt lat="36.118621649220586" lon="137.3443698696792">
        <ele>1014.28</ele>
      </trkpt>
      <trkpt lat="36.11872348934412" lon="137.34445301815867">
        <ele>1013.54</ele>
      </trkpt>
      <trkpt lat="36.11885089427233" lon="137.34456826932728">
        <ele>1012.82</ele>
      </trkpt>
      <trkpt lat="36.11897855065763" lon="137.34468368813396">
        <ele>1012.03</ele>
      </trkpt>
      <trkpt lat="36.11921743489802" lon="137.3449103347957">
        <ele>1011.48</ele>
      </trkpt>
      <trkpt lat="36.1193685606122" lon="137.3450477141887">
        <ele>1010.69</ele>
      </trkpt>
      <trkpt lat="36.11951985396445" lon="137.34518526121974">
        <ele>1009.75</ele>
      </trkpt>
      <trkpt lat="36.119622783735394" lon="137.34527645632625">
        <ele>1008.75</ele>
      </trkpt>
      <trkpt lat="36.11969746649265" lon="137.3453381471336">
        <ele>1007.74</ele>
      </trkpt>
      <trkpt lat="36.11976292915642" lon="137.34537159092724">
        <ele>1006.65</ele>
      </trkpt>
      <trkpt lat="36.11982202157378" lon="137.34538902528584">
        <ele>1005.5</ele>
      </trkpt>
      <trkpt lat="36.11989628523588" lon="137.34539363533258">
        <ele>1004.31</ele>
      </trkpt>
      <trkpt lat="36.11996065825224" lon="137.34538768418133">
        <ele>1003.03</ele>
      </trkpt>
      <trkpt lat="36.12006903626025" lon="137.3453434277326">
        <ele>1001.69</ele>
      </trkpt>
      <trkpt lat="36.12021094188094" lon="137.3452615365386">
        <ele>1000.27</ele>
      </trkpt>
      <trkpt lat="36.12040598876774" lon="137.34515491873026">
        <ele>998.64</ele>
      </trkpt>
      <trkpt lat="36.12057597376406" lon="137.3450403381139">
        <ele>996.83</ele>
      </trkpt>
      <trkpt lat="36.12061821855605" lon="137.3449779767543">
        <ele>995.13</ele>
      </trkpt>
      <trkpt lat="36.12066482193768" lon="137.34490622766316">
        <ele>993.42</ele>
      </trkpt>
      <trkpt lat="36.12069516442716" lon="137.34482844360173">
        <ele>991.66</ele>
      </trkpt>
      <trkpt lat="36.120712431147695" lon="137.34475191682577">
        <ele>989.88</ele>
      </trkpt>
      <trkpt lat="36.1207190528512" lon="137.34455075114965">
        <ele>988.0</ele>
      </trkpt>
      <trkpt lat="36.12071846611798" lon="137.34435193240643">
        <ele>986.17</ele>
      </trkpt>
      <trkpt lat="36.12071796320379" lon="137.34415386803448">
        <ele>984.37</ele>
      </trkpt>
      <trkpt lat="36.120716370642185" lon="137.343856561929">
        <ele>982.72</ele>
      </trkpt>
      <trkpt lat="36.12071469426155" lon="137.3435592558235">
        <ele>980.97</ele>
      </trkpt>
      <trkpt lat="36.12071310169995" lon="137.34326186589897">
        <ele>979.24</ele>
      </trkpt>
      <trkpt lat="36.120711425319314" lon="137.3429669905454">
        <ele>977.43</ele>
      </trkpt>
      <trkpt lat="36.12070279195905" lon="137.34263976104558">
        <ele>975.57</ele>
      </trkpt>
      <trkpt lat="36.12069407477975" lon="137.34247346408665">
        <ele>973.69</ele>
      </trkpt>
      <trkpt lat="36.12066918052733" lon="137.34229509718716">
        <ele>971.87</ele>
      </trkpt>
      <trkpt lat="36.12063883803785" lon="137.34211404807866">
        <ele>970.07</ele>
      </trkpt>
      <trkpt lat="36.1205911450088" lon="137.34195579774678">
        <ele>968.36</ele>
      </trkpt>
      <trkpt lat="36.12047765403986" lon="137.3416104633361">
        <ele>966.67</ele>
      </trkpt>
      <trkpt lat="36.120372880250216" lon="137.34128398820758">
        <ele>964.94</ele>
      </trkpt>
      <trkpt lat="36.120267352089286" lon="137.3409542441368">
        <ele>963.17</ele>
      </trkpt>
      <trkpt lat="36.12016215920448" lon="137.3406254220754">
        <ele>961.43</ele>
      </trkpt>
      <trkpt lat="36.12005512230098" lon="137.34028972685337">
        <ele>959.76</ele>
      </trkpt>
      <trkpt lat="36.11994808539748" lon="137.33995394781232">
        <ele>958.1</ele>
      </trkpt>
      <trkpt lat="36.11984155140817" lon="137.33961967751384">
        <ele>956.35</ele>
      </trkpt>
      <trkpt lat="36.11975831910968" lon="137.33934114687145">
        <ele>954.68</ele>
      </trkpt>
      <trkpt lat="36.119675086811185" lon="137.3390627000481">
        <ele>953.08</ele>
      </trkpt>
      <trkpt lat="36.11959227360785" lon="137.33878542669117">
        <ele>951.55</ele>
      </trkpt>
      <trkpt lat="36.11952354200184" lon="137.33858627267182">
        <ele>950.09</ele>
      </trkpt>
      <trkpt lat="36.119458079338074" lon="137.33843271620572">
        <ele>948.7</ele>
      </trkpt>
      <trkpt lat="36.11941843293607" lon="137.33835359103978">
        <ele>947.37</ele>
      </trkpt>
      <trkpt lat="36.11936805769801" lon="137.33829583972692">
        <ele>946.12</ele>
      </trkpt>
      <trkpt lat="36.11931282095611" lon="137.33822065405548">
        <ele>944.92</ele>
      </trkpt>
      <trkpt lat="36.119255321100354" lon="137.3381509166211">
        <ele>943.77</ele>
      </trkpt>
      <trkpt lat="36.11918482929468" lon="137.3380999546498">
        <ele>942.69</ele>
      </trkpt>
      <trkpt lat="36.119101429358125" lon="137.33805435709655">
        <ele>941.66</ele>
      </trkpt>
      <trkpt lat="36.11900403164327" lon="137.33803155831993">
        <ele>940.67</ele>
      </trkpt>
      <trkpt lat="36.11886757425964" lon="137.33802082948387">
        <ele>939.75</ele>
      </trkpt>
      <trkpt lat="36.11872348934412" lon="137.33803893439472">
        <ele>938.84</ele>
      </trkpt>
      <trkpt lat="36.118602119386196" lon="137.3380637448281">
        <ele>937.97</ele>
      </trkpt>
      <trkpt lat="36.11840816214681" lon="137.33811613172293">
        <ele>937.09</ele>
      </trkpt>
      <trkpt lat="36.11817916855216" lon="137.3381625674665">
        <ele>936.22</ele>
      </trkpt>
      <trkpt lat="36.11793810501695" lon="137.33821269124746">
        <ele>935.33</ele>
      </trkpt>
      <trkpt lat="36.11769595183432" lon="137.33826306648552">
        <ele>934.5</ele>
      </trkpt>
      <trkpt lat="36.117591094225645" lon="137.33828058466315">
        <ele>933.73</ele>
      </trkpt>
      <trkpt lat="36.117477267980576" lon="137.3382952529937">
        <ele>932.99</ele>
      </trkpt>
      <trkpt lat="36.11734064295888" lon="137.33829793520272">
        <ele>932.27</ele>
      </trkpt>
      <trkpt lat="36.117243245244026" lon="137.33829936012626">
        <ele>931.56</ele>
      </trkpt>
      <trkpt lat="36.11711533740163" lon="137.3382778186351">
        <ele>930.89</ele>
      </trkpt>
      <trkpt lat="36.11699614673853" lon="137.33824429102242">
        <ele>930.21</ele>
      </trkpt>
      <trkpt lat="36.116857593879104" lon="137.33819073066115">
        <ele>929.56</ele>
      </trkpt>
      <trkpt lat="36.11673513427377" lon="137.33811562880874">
        <ele>928.9</ele>
      </trkpt>
      <trkpt lat="36.11664083786309" lon="137.3380431253463">
        <ele>928.26</ele>
      </trkpt>
      <trkpt lat="36.116563975811005" lon="137.33798017725348">
        <ele>927.59</ele>
      </trkpt>
      <trkpt lat="36.11648803576827" lon="137.33791974373162">
        <ele>926.88</ele>
      </trkpt>
      <trkpt lat="36.11639709211886" lon="137.33782595023513">
        <ele>926.18</ele>
      </trkpt>
      <trkpt lat="36.11633858643472" lon="137.33775353059173">
        <ele>925.48</ele>
      </trkpt>
      <trkpt lat="36.11626926809549" lon="137.33765428885818">
        <ele>924.7</ele>
      </trkpt>
      <trkpt lat="36.11620204523206" lon="137.3375335894525">
        <ele>923.88</ele>
      </trkpt>
      <trkpt lat="36.116099283099174" lon="137.3373028356582">
        <ele>922.95</ele>
      </trkpt>
      <trkpt lat="36.116015799343586" lon="137.33708155341446">
        <ele>922.02</ele>
      </trkpt>
      <trkpt lat="36.11595184542239" lon="137.3368347901851">
        <ele>921.17</ele>
      </trkpt>
      <trkpt lat="36.115900967270136" lon="137.33663094229996">
        <ele>920.3</ele>
      </trkpt>
      <trkpt lat="36.115835923701525" lon="137.33633464202285">
        <ele>919.47</ele>
      </trkpt>
      <trkpt lat="36.115787057206035" lon="137.33611612580717">
        <ele>918.52</ele>
      </trkpt>
      <trkpt lat="36.11573399975896" lon="137.3358680214733">
        <ele>917.49</ele>
      </trkpt>
      <trkpt lat="36.11566359177232" lon="137.33554883860052">
        <ele>916.28</ele>
      </trkpt>
      <trkpt lat="36.11564624123275" lon="137.33540944755077">
        <ele>915.2</ele>
      </trkpt>
      <trkpt lat="36.11565386876464" lon="137.3352887481451">
        <ele>914.11</ele>
      </trkpt>
      <trkpt lat="36.115682031959295" lon="137.33518548309803">
        <ele>913.09</ele>
      </trkpt>
      <trkpt lat="36.11570147797465" lon="137.33513183891773">
        <ele>912.05</ele>
      </trkpt>
      <trkpt lat="36.11573073081672" lon="137.3350620176643">
        <ele>911.0</ele>
      </trkpt>
      <trkpt lat="36.11577842384577" lon="137.33501516282558">
        <ele>909.93</ele>
      </trkpt>
      <trkpt lat="36.11584237776697" lon="137.3349694814533">
        <ele>908.8</ele>
      </trkpt>
      <trkpt lat="36.1158905737102" lon="137.33495347201824">
        <ele>907.7</ele>
      </trkpt>
      <trkpt lat="36.11597456037998" lon="137.33495078980923">
        <ele>906.57</ele>
      </trkpt>
      <trkpt lat="36.116047063842416" lon="137.33494793996215">
        <ele>905.42</ele>
      </trkpt>
      <trkpt lat="36.11611319705844" lon="137.33497216366231">
        <ele>904.26</ele>
      </trkpt>
      <trkpt lat="36.1161619797349" lon="137.33499638736248">
        <ele>903.1</ele>
      </trkpt>
      <trkpt lat="36.11630053259432" lon="137.3351203557104">
        <ele>901.93</ele>
      </trkpt>
      <trkpt lat="36.1164587829262" lon="137.3352953698486">
        <ele>900.8</ele>
      </trkpt>
      <trkpt lat="36.11667327582836" lon="137.3355440609157">
        <ele>899.65</ele>
      </trkpt>
      <trkpt lat="36.11688785254955" lon="137.33579283580184">
        <ele>898.49</ele>
      </trkpt>
      <trkpt lat="36.11703026108444" lon="137.33594773337245">
        <ele>897.33</ele>
      </trkpt>
      <trkpt lat="36.11717275343835" lon="137.33610279858112">
        <ele>896.23</ele>
      </trkpt>
      <trkpt lat="36.11724425107241" lon="137.33616314828396">
        <ele>895.14</ele>
      </trkpt>
      <trkpt lat="36.11735044978559" lon="137.3362449556589">
        <ele>894.04</ele>
      </trkpt>
      <trkpt lat="36.11743594519794" lon="137.33628518879414">
        <ele>892.94</ele>
      </trkpt>
      <trkpt lat="36.1175106279552" lon="137.33631192706525">
        <ele>891.83</ele>
      </trkpt>
      <trkpt lat="36.11760593019426" lon="137.3363160341978">
        <ele>890.68</ele>
      </trkpt>
      <trkpt lat="36.117683462798595" lon="137.33630798757076">
        <ele>889.49</ele>
      </trkpt>
      <trkpt lat="36.11775889992714" lon="137.3362824227661">
        <ele>888.31</ele>
      </trkpt>
      <trkpt lat="36.117962496355176" lon="137.33617127873003">
        <ele>886.99</ele>
      </trkpt>
      <trkpt lat="36.11812426708639" lon="137.33605669811368">
        <ele>885.55</ele>
      </trkpt>
      <trkpt lat="36.118286456912756" lon="137.33594186604023">
        <ele>884.15</ele>
      </trkpt>
      <trkpt lat="36.11849877052009" lon="137.33581982553005">
        <ele>882.74</ele>
      </trkpt>
      <trkpt lat="36.118611339479685" lon="137.3357581347227">
        <ele>881.38</ele>
      </trkpt>
      <trkpt lat="36.11867747269571" lon="137.33574606478214">
        <ele>880.1</ele>
      </trkpt>
      <trkpt lat="36.118760872632265" lon="137.3357366770506">
        <ele>878.85</ele>
      </trkpt>
      <trkpt lat="36.11889196559787" lon="137.33577414415777">
        <ele>877.58</ele>
      </trkpt>
      <trkpt lat="36.11900134943426" lon="137.3358466476202">
        <ele>876.36</ele>
      </trkpt>
      <trkpt lat="36.11910218372941" lon="137.33591026626527">
        <ele>875.13</ele>
      </trkpt>
      <trkpt lat="36.119170328602195" lon="137.33593105338514">
        <ele>873.9</ele>
      </trkpt>
      <trkpt lat="36.1193014215678" lon="137.33594723045826">
        <ele>872.6</ele>
      </trkpt>
      <trkpt lat="36.11938054673374" lon="137.3359404411167">
        <ele>871.35</ele>
      </trkpt>
      <trkpt lat="36.11950728110969" lon="137.33591227792203">
        <ele>870.14</ele>
      </trkpt>
      <trkpt lat="36.119713140651584" lon="137.3358305543661">
        <ele>868.89</ele>
      </trkpt>
      <trkpt lat="36.119895027950406" lon="137.33577699400485">
        <ele>867.67</ele>
      </trkpt>
      <trkpt lat="36.120008854195476" lon="137.33576215803623">
        <ele>866.48</ele>
      </trkpt>
      <trkpt lat="36.12010968849063" lon="137.33579426072538">
        <ele>865.33</ele>
      </trkpt>
      <trkpt lat="36.120187640190125" lon="137.33586533926427">
        <ele>864.2</ele>
      </trkpt>
      <trkpt lat="36.120238518342376" lon="137.3359700292349">
        <ele>863.06</ele>
      </trkpt>
      <trkpt lat="36.12026123329997" lon="137.3361590411514">
        <ele>861.99</ele>
      </trkpt>
      <trkpt lat="36.120272129774094" lon="137.33635526150465">
        <ele>860.95</ele>
      </trkpt>
      <trkpt lat="36.120282942429185" lon="137.33655064366758">
        <ele>860.12</ele>
      </trkpt>
      <trkpt lat="36.12030138261616" lon="137.33668617904186">
        <ele>859.32</ele>
      </trkpt>
      <trkpt lat="36.120318649336696" lon="137.33676195144653">
        <ele>858.5</ele>
      </trkpt>
      <trkpt lat="36.12034035846591" lon="137.33682154677808">
        <ele>857.66</ele>
      </trkpt>
      <trkpt lat="36.12043892964721" lon="137.3370039369911">
        <ele>856.87</ele>
      </trkpt>
      <trkpt lat="36.12051906064153" lon="137.3370951320976">
        <ele>855.93</ele>
      </trkpt>
      <trkpt lat="36.1206188891083" lon="137.33720116317272">
        <ele>854.95</ele>
      </trkpt>
      <trkpt lat="36.120751071721315" lon="137.33734851703048">
        <ele>854.03</ele>
      </trkpt>
      <trkpt lat="36.12087235786021" lon="137.33747608959675">
        <ele>853.4</ele>
      </trkpt>
      <trkpt lat="36.12094913609326" lon="137.3375512752682">
        <ele>852.73</ele>
      </trkpt>
      <trkpt lat="36.121052065864205" lon="137.33761145733297">
        <ele>852.07</ele>
      </trkpt>
      <trkpt lat="36.121176620945334" lon="137.3376369383186">
        <ele>851.42</ele>
      </trkpt>
      <trkpt lat="36.12126337364316" lon="137.33762218616903">
        <ele>850.7</ele>
      </trkpt>
      <trkpt lat="36.121326237916946" lon="137.33758337795734">
        <ele>849.96</ele>
      </trkpt>
      <trkpt lat="36.12141818739474" lon="137.33743719756603">
        <ele>849.07</ele>
      </trkpt>
      <trkpt lat="36.121560260653496" lon="137.33717434108257">
        <ele>848.04</ele>
      </trkpt>
      <trkpt lat="36.12163703888655" lon="137.3370509594679">
        <ele>847.23</ele>
      </trkpt>
      <trkpt lat="36.121715158224106" lon="137.33695439994335">
        <ele>846.44</ele>
      </trkpt>
      <trkpt lat="36.12177684903145" lon="137.33690612018108">
        <ele>845.67</ele>
      </trkpt>
      <trkpt lat="36.12188849598169" lon="137.33689396642148">
        <ele>844.97</ele>
      </trkpt>
      <trkpt lat="36.12195446155965" lon="137.33689405024052">
        <ele>844.25</ele>
      </trkpt>
      <trkpt lat="36.12219619564712" lon="137.33706378377974">
        <ele>843.74</ele>
      </trkpt>
      <trkpt lat="36.122448490932584" lon="137.33726813457906">
        <ele>843.21</ele>
      </trkpt>
      <trkpt lat="36.12256231717765" lon="137.337347259745">
        <ele>842.63</ele>
      </trkpt>
      <trkpt lat="36.122698187828064" lon="137.3373995628208">
        <ele>842.06</ele>
      </trkpt>
      <trkpt lat="36.12282215617597" lon="137.33740769326687">
        <ele>841.45</ele>
      </trkpt>
      <trkpt lat="36.12293975427747" lon="137.33735337853432">
        <ele>840.84</ele>
      </trkpt>
      <trkpt lat="36.123014939948916" lon="137.33729235827923">
        <ele>840.21</ele>
      </trkpt>
      <trkpt lat="36.12313044257462" lon="137.33720174990594">
        <ele>839.61</ele>
      </trkpt>
      <trkpt lat="36.12325608730316" lon="137.3371112253517">
        <ele>838.97</ele>
      </trkpt>
      <trkpt lat="36.12333554774523" lon="137.3370964732021">
        <ele>838.38</ele>
      </trkpt>
      <trkpt lat="36.12339564599097" lon="137.3370985686779">
        <ele>837.84</ele>
      </trkpt>
      <trkpt lat="36.12346085719764" lon="137.33712145127356">
        <ele>837.37</ele>
      </trkpt>
      <trkpt lat="36.12350142560899" lon="137.33714751899242">
        <ele>836.92</ele>
      </trkpt>
      <trkpt lat="36.12354635260999" lon="137.3372005764395">
        <ele>836.46</ele>
      </trkpt>
      <trkpt lat="36.12359999679029" lon="137.33733317814767">
        <ele>835.97</ele>
      </trkpt>
      <trkpt lat="36.123672584071755" lon="137.33757407404482">
        <ele>835.48</ele>
      </trkpt>
      <trkpt lat="36.12372304312885" lon="137.33777649700642">
        <ele>834.98</ele>
      </trkpt>
      <trkpt lat="36.12373544834554" lon="137.33786903321743">
        <ele>834.54</ele>
      </trkpt>
      <trkpt lat="36.123728826642036" lon="137.33796953223646">
        <ele>834.17</ele>
      </trkpt>
      <trkpt lat="36.123702339828014" lon="137.33806014060974">
        <ele>833.86</ele>
      </trkpt>
      <trkpt lat="36.123651545494795" lon="137.33814521692693">
        <ele>833.63</ele>
      </trkpt>
      <trkpt lat="36.123606534674764" lon="137.33819156885147">
        <ele>833.36</ele>
      </trkpt>
      <trkpt lat="36.1235009226948" lon="137.33827396295965">
        <ele>833.18</ele>
      </trkpt>
      <trkpt lat="36.12335943616927" lon="137.33836515806615">
        <ele>832.97</ele>
      </trkpt>
      <trkpt lat="36.12329917028546" lon="137.33842014335096">
        <ele>832.7</ele>
      </trkpt>
      <trkpt lat="36.12324418500066" lon="137.33849122188985">
        <ele>832.43</ele>
      </trkpt>
      <trkpt lat="36.12322038039565" lon="137.3385254200548">
        <ele>832.1</ele>
      </trkpt>
      <trkpt lat="36.123202946037054" lon="137.33857437036932">
        <ele>831.73</ele>
      </trkpt>
      <trkpt lat="36.12318567931652" lon="137.33863136731088">
        <ele>831.38</ele>
      </trkpt>
      <trkpt lat="36.123179057613015" lon="137.33868702314794">
        <ele>830.97</ele>
      </trkpt>
      <trkpt lat="36.12317914143205" lon="137.33874469064176">
        <ele>830.54</ele>
      </trkpt>
      <trkpt lat="36.12318894825876" lon="137.33879699371755">
        <ele>830.07</ele>
      </trkpt>
      <trkpt lat="36.12320529296994" lon="137.3388607800007">
        <ele>829.55</ele>
      </trkpt>
      <trkpt lat="36.12322683446109" lon="137.3389123287052">
        <ele>828.99</ele>
      </trkpt>
      <trkpt lat="36.1232815682888" lon="137.33900084160268">
        <ele>828.31</ele>
      </trkpt>
      <trkpt lat="36.123361783102155" lon="137.3390947189182">
        <ele>827.56</ele>
      </trkpt>
      <trkpt lat="36.12347058020532" lon="137.33918926678598">
        <ele>826.77</ele>
      </trkpt>
      <trkpt lat="36.12358641810715" lon="137.3392617702484">
        <ele>825.96</ele>
      </trkpt>
      <trkpt lat="36.12368993461132" lon="137.33930066227913">
        <ele>825.09</ele>
      </trkpt>
      <trkpt lat="36.12376512028277" lon="137.3393113911152">
        <ele>824.22</ele>
      </trkpt>
      <trkpt lat="36.12385514192283" lon="137.339321449399">
        <ele>823.34</ele>
      </trkpt>
      <trkpt lat="36.12394826486707" lon="137.33932689763606">
        <ele>822.43</ele>
      </trkpt>
      <trkpt lat="36.12404842860997" lon="137.33934885822237">
        <ele>821.53</ele>
      </trkpt>
      <trkpt lat="36.12412478774786" lon="137.33938238583505">
        <ele>820.63</ele>
      </trkpt>
      <trkpt lat="36.12424448132515" lon="137.33946729451418">
        <ele>819.73</ele>
      </trkpt>
      <trkpt lat="36.12434908747673" lon="137.33956108801067">
        <ele>818.84</ele>
      </trkpt>
      <trkpt lat="36.124456292018294" lon="137.3396475892514">
        <ele>817.96</ele>
      </trkpt>
      <trkpt lat="36.124556539580226" lon="137.33970726840198">
        <ele>817.03</ele>
      </trkpt>
      <trkpt lat="36.1246891412884" lon="137.3397662770003">
        <ele>816.04</ele>
      </trkpt>
      <trkpt lat="36.12483565695584" lon="137.3398011457175">
        <ele>814.95</ele>
      </trkpt>
      <trkpt lat="36.12497949041426" lon="137.33983324840665">
        <ele>813.77</ele>
      </trkpt>
      <trkpt lat="36.12510949373245" lon="137.33986954204738">
        <ele>812.59</ele>
      </trkpt>
      <trkpt lat="36.12518367357552" lon="137.33991178683937">
        <ele>811.52</ele>
      </trkpt>
      <trkpt lat="36.12525684759021" lon="137.3399808537215">
        <ele>810.52</ele>
      </trkpt>
      <trkpt lat="36.12530177459121" lon="137.34005939215422">
        <ele>809.55</ele>
      </trkpt>
      <trkpt lat="36.12533756531775" lon="137.34018394723535">
        <ele>808.63</ele>
      </trkpt>
      <trkpt lat="36.125334883108735" lon="137.34027246013284">
        <ele>807.7</ele>
      </trkpt>
      <trkpt lat="36.12531853839755" lon="137.34039793722332">
        <ele>806.74</ele>
      </trkpt>
      <trkpt lat="36.12528719007969" lon="137.34051729552448">
        <ele>805.83</ele>
      </trkpt>
      <trkpt lat="36.125245951116085" lon="137.34067152254283">
        <ele>804.92</ele>
      </trkpt>
      <trkpt lat="36.12522549927235" lon="137.34076875261962">
        <ele>803.95</ele>
      </trkpt>
      <trkpt lat="36.12522382289171" lon="137.34085869044065">
        <ele>802.98</ele>
      </trkpt>
      <trkpt lat="36.12524603493512" lon="137.34098131768405">
        <ele>801.98</ele>
      </trkpt>
      <trkpt lat="36.12528232857585" lon="137.34105608426034">
        <ele>800.9</ele>
      </trkpt>
      <trkpt lat="36.125335888937116" lon="137.3411241453141">
        <ele>799.81</ele>
      </trkpt>
      <trkpt lat="36.1253955680877" lon="137.3411693237722">
        <ele>798.66</ele>
      </trkpt>
      <trkpt lat="36.12546706572175" lon="137.34119991771877">
        <ele>797.46</ele>
      </trkpt>
      <trkpt lat="36.12554124556482" lon="137.34120695851743">
        <ele>796.19</ele>
      </trkpt>
      <trkpt lat="36.12560788169503" lon="137.34119388274848">
        <ele>794.9</ele>
      </trkpt>
      <trkpt lat="36.125719361007214" lon="137.34114753082395">
        <ele>793.5</ele>
      </trkpt>
      <trkpt lat="36.12585104070604" lon="137.34108382835984">
        <ele>792.14</ele>
      </trkpt>
      <trkpt lat="36.12593066878617" lon="137.34105901792645">
        <ele>790.83</ele>
      </trkpt>
      <trkpt lat="36.12600535154343" lon="137.34105373732746">
        <ele>789.51</ele>
      </trkpt>
      <trkpt lat="36.12606167793274" lon="137.341065723449">
        <ele>788.21</ele>
      </trkpt>
      <trkpt lat="36.12615806981921" lon="137.3411402385682">
        <ele>786.91</ele>
      </trkpt>
      <trkpt lat="36.1262328363955" lon="137.34124585054815">
        <ele>785.62</ele>
      </trkpt>
      <trkpt lat="36.12628597766161" lon="137.34136085025966">
        <ele>784.31</ele>
      </trkpt>
      <trkpt lat="36.126356553286314" lon="137.34154969453812">
        <ele>782.81</ele>
      </trkpt>
      <trkpt lat="36.12642704509199" lon="137.34173803590238">
        <ele>781.37</ele>
      </trkpt>
      <trkpt lat="36.12651606090367" lon="137.34197163954377">
        <ele>779.93</ele>
      </trkpt>
      <trkpt lat="36.126642879098654" lon="137.34228218905628">
        <ele>778.55</ele>
      </trkpt>
      <trkpt lat="36.12669266760349" lon="137.34238277189434">
        <ele>777.21</ele>
      </trkpt>
      <trkpt lat="36.126798279583454" lon="137.34252157621086">
        <ele>775.89</ele>
      </trkpt>
      <trkpt lat="36.12691638059914" lon="137.34262073412538">
        <ele>774.59</ele>
      </trkpt>
      <trkpt lat="36.12707697786391" lon="137.3426982667297">
        <ele>773.24</ele>
      </trkpt>
      <trkpt lat="36.127201868221164" lon="137.34273942187428">
        <ele>771.91</ele>
      </trkpt>
      <trkpt lat="36.127487774938345" lon="137.34284419566393">
        <ele>770.44</ele>
      </trkpt>
      <trkpt lat="36.12764426507056" lon="137.34292114153504">
        <ele>769.12</ele>
      </trkpt>
      <trkpt lat="36.127752559259534" lon="137.34301242046058">
        <ele>767.92</ele>
      </trkpt>
      <trkpt lat="36.12791072577238" lon="137.34331148676574">
        <ele>766.73</ele>
      </trkpt>
      <trkpt lat="36.128012565895915" lon="137.34354349784553">
        <ele>765.64</ele>
      </trkpt>
      <trkpt lat="36.12808515317738" lon="137.34372538514435">
        <ele>764.63</ele>
      </trkpt>
      <trkpt lat="36.128157656639814" lon="137.34390693716705">
        <ele>763.7</ele>
      </trkpt>
      <trkpt lat="36.12821356393397" lon="137.34409058466554">
        <ele>762.83</ele>
      </trkpt>
      <trkpt lat="36.12826921977103" lon="137.3442736454308">
        <ele>762.03</ele>
      </trkpt>
      <trkpt lat="36.12833426333964" lon="137.3445828538388">
        <ele>761.39</ele>
      </trkpt>
      <trkpt lat="36.128391679376364" lon="137.34481084160507">
        <ele>760.77</ele>
      </trkpt>
      <trkpt lat="36.1284279730171" lon="137.3449234943837">
        <ele>760.2</ele>
      </trkpt>
      <trkpt lat="36.12851740792394" lon="137.34509859234095">
        <ele>759.68</ele>
      </trkpt>
      <trkpt lat="36.128606675192714" lon="137.3452734388411">
        <ele>759.25</ele>
      </trkpt>
      <trkpt lat="36.12869937904179" lon="137.3454451840371">
        <ele>758.74</ele>
      </trkpt>
      <trkpt lat="36.12879199907184" lon="137.345616761595">
        <ele>758.32</ele>
      </trkpt>
      <trkpt lat="36.12892686389387" lon="137.34589302912354">
        <ele>758.07</ele>
      </trkpt>
      <trkpt lat="36.12900699488819" lon="137.34609553590417">
        <ele>758.0</ele>
      </trkpt>
      <trkpt lat="36.12911093048751" lon="137.34644095413387">
        <ele>758.05</ele>
      </trkpt>
      <trkpt lat="36.129216542467475" lon="137.34680648893118">
        <ele>758.18</ele>
      </trkpt>
      <trkpt lat="36.12926792353392" lon="137.34692433848977">
        <ele>758.31</ele>
      </trkpt>
      <trkpt lat="36.129336236044765" lon="137.34704168513417">
        <ele>758.49</ele>
      </trkpt>
      <trkpt lat="36.129416953772306" lon="137.34712877310812">
        <ele>758.74</ele>
      </trkpt>
      <trkpt lat="36.12952843308449" lon="137.34719985164702">
        <ele>759.04</ele>
      </trkpt>
      <trkpt lat="36.12960102036595" lon="137.3472267575562">
        <ele>759.41</ele>
      </trkpt>
      <trkpt lat="36.12969255074859" lon="137.34723874367774">
        <ele>759.86</ele>
      </trkpt>
      <trkpt lat="36.12980159930885" lon="137.34722876921296">
        <ele>760.37</ele>
      </trkpt>
      <trkpt lat="36.12993738614023" lon="137.3471894580871">
        <ele>760.91</ele>
      </trkpt>
      <trkpt lat="36.130170822143555" lon="137.34710605815053">
        <ele>761.55</ele>
      </trkpt>
      <trkpt lat="36.1304085329175" lon="137.34703799709678">
        <ele>762.18</ele>
      </trkpt>
      <trkpt lat="36.13055814988911" lon="137.34697798267007">
        <ele>762.84</ele>
      </trkpt>
      <trkpt lat="36.13073978573084" lon="137.34690237790346">
        <ele>763.56</ele>
      </trkpt>
      <trkpt lat="36.13092209212482" lon="137.34682643786073">
        <ele>764.23</ele>
      </trkpt>
      <trkpt lat="36.13122317008674" lon="137.34672107733786">
        <ele>764.93</ele>
      </trkpt>
      <trkpt lat="36.131359627470374" lon="137.34668428078294">
        <ele>765.47</ele>
      </trkpt>
      <trkpt lat="36.131499353796244" lon="137.34667288139462">
        <ele>766.01</ele>
      </trkpt>
      <trkpt lat="36.13162072375417" lon="137.3466849513352">
        <ele>766.46</ele>
      </trkpt>
      <trkpt lat="36.13179615698755" lon="137.3467177245766">
        <ele>766.85</ele>
      </trkpt>
      <trkpt lat="36.13196832127869" lon="137.3467740509659">
        <ele>767.13</ele>
      </trkpt>
      <trkpt lat="36.13215557299554" lon="137.34682593494654">
        <ele>767.34</ele>
      </trkpt>
      <trkpt lat="36.13234366290271" lon="137.34687798656523">
        <ele>767.5</ele>
      </trkpt>
      <trkpt lat="36.13264532759786" lon="137.3469638172537">
        <ele>767.64</ele>
      </trkpt>
      <trkpt lat="36.13278882578015" lon="137.34698669984937">
        <ele>767.69</ele>
      </trkpt>
      <trkpt lat="36.13291773945093" lon="137.34698737040162">
        <ele>767.64</ele>
      </trkpt>
      <trkpt lat="36.133094346150756" lon="137.34699608758092">
        <ele>767.51</ele>
      </trkpt>
      <trkpt lat="36.13320205360651" lon="137.34697923995554">
        <ele>767.26</ele>
      </trkpt>
      <trkpt lat="36.13341168500483" lon="137.34689148142934">
        <ele>766.89</ele>
      </trkpt>
      <trkpt lat="36.13358653150499" lon="137.3468022979796">
        <ele>766.45</ele>
      </trkpt>
      <trkpt lat="36.13379557617009" lon="137.3466883879155">
        <ele>765.8</ele>
      </trkpt>
      <trkpt lat="36.13400529138744" lon="137.34657414257526">
        <ele>765.09</ele>
      </trkpt>
      <trkpt lat="36.13426739349961" lon="137.34645495191216">
        <ele>764.24</ele>
      </trkpt>
      <trkpt lat="36.13435364328325" lon="137.34640893526375">
        <ele>763.35</ele>
      </trkpt>
      <trkpt lat="36.134459590539336" lon="137.34638571739197">
        <ele>762.35</ele>
      </trkpt>
      <trkpt lat="36.1346323415637" lon="137.3463530279696">
        <ele>761.24</ele>
      </trkpt>
      <trkpt lat="36.134783467277884" lon="137.34634053893387">
        <ele>760.03</ele>
      </trkpt>
      <trkpt lat="36.13493459299207" lon="137.34634288586676">
        <ele>758.74</ele>
      </trkpt>
      <trkpt lat="36.135082952678204" lon="137.34634422697127">
        <ele>757.31</ele>
      </trkpt>
      <trkpt lat="36.135242795571685" lon="137.3463686183095">
        <ele>755.85</ele>
      </trkpt>
      <trkpt lat="36.13540347665548" lon="137.3463931772858">
        <ele>754.34</ele>
      </trkpt>
      <trkpt lat="36.13562467508018" lon="137.34642125666142">
        <ele>752.79</ele>
      </trkpt>
      <trkpt lat="36.13584587350488" lon="137.346449252218">
        <ele>751.17</ele>
      </trkpt>
      <trkpt lat="36.13606866449118" lon="137.34647758305073">
        <ele>749.52</ele>
      </trkpt>
      <trkpt lat="36.13625021651387" lon="137.34651605598629">
        <ele>747.84</ele>
      </trkpt>
      <trkpt lat="36.13643269054592" lon="137.34655478037894">
        <ele>746.21</ele>
      </trkpt>
      <trkpt lat="36.13653603941202" lon="137.34659099020064">
        <ele>744.57</ele>
      </trkpt>
      <trkpt lat="36.136678950861096" lon="137.34666801989079">
        <ele>742.88</ele>
      </trkpt>
      <trkpt lat="36.13671096973121" lon="137.34668562188745">
        <ele>741.16</ele>
      </trkpt>
      <trkpt lat="36.13681054674089" lon="137.34677815809846">
        <ele>739.44</ele>
      </trkpt>
      <trkpt lat="36.136918840929866" lon="137.34690765850246">
        <ele>737.66</ele>
      </trkpt>
      <trkpt lat="36.13699084147811" lon="137.34703238122165">
        <ele>735.93</ele>
      </trkpt>
      <trkpt lat="36.13705429248512" lon="137.3471953254193">
        <ele>734.21</ele>
      </trkpt>
      <trkpt lat="36.13709645345807" lon="137.34733345918357">
        <ele>732.4</ele>
      </trkpt>
      <trkpt lat="36.13714247010648" lon="137.34757754020393">
        <ele>730.57</ele>
      </trkpt>
      <trkpt lat="36.137173818424344" lon="137.34778339974582">
        <ele>728.8</ele>
      </trkpt>
      <trkpt lat="36.137194437906146" lon="137.34791885130107">
        <ele>727.1</ele>
      </trkpt>
      <trkpt lat="36.1372519377619" lon="137.34813946299255">
        <ele>725.4</ele>
      </trkpt>
      <trkpt lat="36.13729141652584" lon="137.34824205748737">
        <ele>723.8</ele>
      </trkpt>
      <trkpt lat="36.13737263716757" lon="137.34842302277684">
        <ele>722.27</ele>
      </trkpt>
      <trkpt lat="36.137489061802626" lon="137.34864707104862">
        <ele>720.82</ele>
      </trkpt>
      <trkpt lat="36.1375854536891" lon="137.34881479293108">
        <ele>719.43</ele>
      </trkpt>
      <trkpt lat="36.13766239956021" lon="137.34894814901054">
        <ele>718.05</ele>
      </trkpt>
      <trkpt lat="36.13780153915286" lon="137.34921293333173">
        <ele>716.68</ele>
      </trkpt>
      <trkpt lat="36.13785241730511" lon="137.34932231716812">
        <ele>715.45</ele>
      </trkpt>
      <trkpt lat="36.13794503733516" lon="137.34956363216043">
        <ele>714.26</ele>
      </trkpt>
      <trkpt lat="36.13798728212714" lon="137.34971257857978">
        <ele>713.22</ele>
      </trkpt>
      <trkpt lat="36.13802466541529" lon="137.34988155774772">
        <ele>712.28</ele>
      </trkpt>
      <trkpt lat="36.13805115222931" lon="137.35004927963018">
        <ele>711.41</ele>
      </trkpt>
      <trkpt lat="36.13807663321495" lon="137.3502174206078">
        <ele>710.62</ele>
      </trkpt>
      <trkpt lat="36.138089038431644" lon="137.35031196847558">
        <ele>709.96</ele>
      </trkpt>
      <trkpt lat="36.13810018636286" lon="137.35035806894302">
        <ele>709.39</ele>
      </trkpt>
      <trkpt lat="36.13813186995685" lon="137.35040685161948">
        <ele>708.92</ele>
      </trkpt>
      <trkpt lat="36.13814217969775" lon="137.35046024434268">
        <ele>708.57</ele>
      </trkpt>
      <trkpt lat="36.138134552165866" lon="137.3507686983794">
        <ele>708.28</ele>
      </trkpt>
      <trkpt lat="36.13812541589141" lon="137.35098101198673">
        <ele>708.19</ele>
      </trkpt>
      <trkpt lat="36.13811627961695" lon="137.35119248740375">
        <ele>708.16</ele>
      </trkpt>
      <trkpt lat="36.13809993490577" lon="137.3513815831393">
        <ele>708.22</ele>
      </trkpt>
      <trkpt lat="36.13806204870343" lon="137.35143723897636">
        <ele>708.43</ele>
      </trkpt>
      <trkpt lat="36.13802525214851" lon="137.3514727782458">
        <ele>708.72</ele>
      </trkpt>
      <trkpt lat="36.1380722746253" lon="137.35158677212894">
        <ele>709.01</ele>
      </trkpt>
      <trkpt lat="36.13814754411578" lon="137.35171149484813">
        <ele>709.41</ele>
      </trkpt>
      <trkpt lat="36.13820445723832" lon="137.35179665498435">
        <ele>709.94</ele>
      </trkpt>
      <trkpt lat="36.13824234344065" lon="137.3518509697169">
        <ele>710.59</ele>
      </trkpt>
      <trkpt lat="36.13827268593013" lon="137.35188986174762">
        <ele>711.35</ele>
      </trkpt>
      <trkpt lat="36.13830713555217" lon="137.35191022977233">
        <ele>712.21</ele>
      </trkpt>
      <trkpt lat="36.13841651938856" lon="137.35192263498902">
        <ele>713.17</ele>
      </trkpt>
      <trkpt lat="36.13843998871744" lon="137.3519447632134">
        <ele>714.18</ele>
      </trkpt>
      <trkpt lat="36.13848986104131" lon="137.35206412151456">
        <ele>715.32</ele>
      </trkpt>
      <trkpt lat="36.13850553520024" lon="137.3521305900067">
        <ele>716.5</ele>
      </trkpt>
      <trkpt lat="36.138513665646315" lon="137.3522479366511">
        <ele>717.77</ele>
      </trkpt>
      <trkpt lat="36.13854434341192" lon="137.35256804153323">
        <ele>719.25</ele>
      </trkpt>
      <trkpt lat="36.1385749373585" lon="137.3528869729489">
        <ele>720.73</ele>
      </trkpt>
      <trkpt lat="36.138602178543806" lon="137.35321126878262">
        <ele>722.12</ele>
      </trkpt>
      <trkpt lat="36.13862933591008" lon="137.35353422351182">
        <ele>723.6</ele>
      </trkpt>
      <trkpt lat="36.13866261206567" lon="137.3538602795452">
        <ele>725.21</ele>
      </trkpt>
      <trkpt lat="36.1386957205832" lon="137.35418507829309">
        <ele>726.68</ele>
      </trkpt>
      <trkpt lat="36.13872681744397" lon="137.35444139689207">
        <ele>728.11</ele>
      </trkpt>
      <trkpt lat="36.138789262622595" lon="137.35473912209272">
        <ele>729.62</ele>
      </trkpt>
      <trkpt lat="36.13886905834079" lon="137.3550234362483">
        <ele>731.23</ele>
      </trkpt>
      <trkpt lat="36.138952039182186" lon="137.3553722910583">
        <ele>732.87</ele>
      </trkpt>
      <trkpt lat="36.138980286195874" lon="137.35558485612273">
        <ele>734.46</ele>
      </trkpt>
      <trkpt lat="36.13899855874479" lon="137.3558802343905">
        <ele>736.07</ele>
      </trkpt>
      <trkpt lat="36.139008197933435" lon="137.35607469454408">
        <ele>737.62</ele>
      </trkpt>
      <trkpt lat="36.13901783712208" lon="137.35626840032637">
        <ele>739.11</ele>
      </trkpt>
      <trkpt lat="36.139036947861314" lon="137.35665497370064">
        <ele>740.59</ele>
      </trkpt>
      <trkpt lat="36.13904859870672" lon="137.35696443356574">
        <ele>742.03</ele>
      </trkpt>
      <trkpt lat="36.13906024955213" lon="137.35727271996439">
        <ele>743.43</ele>
      </trkpt>
      <trkpt lat="36.139080533757806" lon="137.35749257728457">
        <ele>744.75</ele>
      </trkpt>
      <trkpt lat="36.139108780771494" lon="137.35770137049258">
        <ele>746.09</ele>
      </trkpt>
      <trkpt lat="36.13917156122625" lon="137.3579424340278">
        <ele>747.45</ele>
      </trkpt>
      <trkpt lat="36.13923165947199" lon="137.35815089195967">
        <ele>748.81</ele>
      </trkpt>
      <trkpt lat="36.1392916738987" lon="137.35835876315832">
        <ele>750.12</ele>
      </trkpt>
      <trkpt lat="36.139333583414555" lon="137.35856135375798">
        <ele>751.25</ele>
      </trkpt>
      <trkpt lat="36.13936895504594" lon="137.35876134596765">
        <ele>752.43</ele>
      </trkpt>
      <trkpt lat="36.13939301110804" lon="137.35902344807982">
        <ele>753.56</ele>
      </trkpt>
      <trkpt lat="36.13941698335111" lon="137.359285550192">
        <ele>754.66</ele>
      </trkpt>
      <trkpt lat="36.13944087177515" lon="137.35954605974257">
        <ele>755.76</ele>
      </trkpt>
      <trkpt lat="36.13945151679218" lon="137.35974404029548">
        <ele>756.79</ele>
      </trkpt>
      <trkpt lat="36.139462161809206" lon="137.3599412664771">
        <ele>757.79</ele>
      </trkpt>
      <trkpt lat="36.13945118151605" lon="137.3601830843836">
        <ele>758.72</ele>
      </trkpt>
      <trkpt lat="36.13942226395011" lon="137.36047888174653">
        <ele>759.6</ele>
      </trkpt>
      <trkpt lat="36.13939359784126" lon="137.36077358946204">
        <ele>760.31</ele>
      </trkpt>
      <trkpt lat="36.139401560649276" lon="137.3609605897218">
        <ele>760.97</ele>
      </trkpt>
      <trkpt lat="36.139426957815886" lon="137.36114499159157">
        <ele>761.62</ele>
      </trkpt>
      <trkpt lat="36.13947439938784" lon="137.36136619001627">
        <ele>762.23</ele>
      </trkpt>
      <trkpt lat="36.13951739855111" lon="137.36166257411242">
        <ele>762.87</ele>
      </trkpt>
      <trkpt lat="36.139587135985494" lon="137.36194814555347">
        <ele>763.32</ele>
      </trkpt>
      <trkpt lat="36.13969165831804" lon="137.36221921630204">
        <ele>763.6</ele>
      </trkpt>
      <trkpt lat="36.13982434384525" lon="137.36246363259852">
        <ele>763.86</ele>
      </trkpt>
      <trkpt lat="36.139991227537394" lon="137.36277133226395">
        <ele>764.37</ele>
      </trkpt>
      <trkpt lat="36.14010212011635" lon="137.36305061727762">
        <ele>764.76</ele>
      </trkpt>
      <trkpt lat="36.14018267020583" lon="137.3633248731494">
        <ele>764.92</ele>
      </trkpt>
      <trkpt lat="36.14026288501918" lon="137.36359829083085">
        <ele>764.95</ele>
      </trkpt>
      <trkpt lat="36.1403551697731" lon="137.3639070801437">
        <ele>765.01</ele>
      </trkpt>
      <trkpt lat="36.14044753834605" lon="137.36421586945653">
        <ele>764.93</ele>
      </trkpt>
      <trkpt lat="36.140539487823844" lon="137.36452331766486">
        <ele>764.85</ele>
      </trkpt>
      <trkpt lat="36.14064149558544" lon="137.36486655659974">
        <ele>764.67</ele>
      </trkpt>
      <trkpt lat="36.140699749812484" lon="137.36512840725482">
        <ele>764.43</ele>
      </trkpt>
      <trkpt lat="36.14075808785856" lon="137.36539034172893">
        <ele>764.18</ele>
      </trkpt>
      <trkpt lat="36.140816090628505" lon="137.3656508512795">
        <ele>763.97</ele>
      </trkpt>
      <trkpt lat="36.14085364155471" lon="137.36578898504376">
        <ele>763.76</ele>
      </trkpt>
      <trkpt lat="36.14086956717074" lon="137.3659162223339">
        <ele>763.48</ele>
      </trkpt>
      <trkpt lat="36.14089496433735" lon="137.3661019653082">
        <ele>763.17</ele>
      </trkpt>
      <trkpt lat="36.14091172814369" lon="137.36630111932755">
        <ele>762.75</ele>
      </trkpt>
      <trkpt lat="36.140926983207464" lon="137.3663863632828">
        <ele>762.44</ele>
      </trkpt>
      <trkpt lat="36.14100116305053" lon="137.36637865193188">
        <ele>762.21</ele>
      </trkpt>
      <trkpt lat="36.141018262133" lon="137.3665605392307">
        <ele>761.89</ele>
      </trkpt>
      <trkpt lat="36.14101574756205" lon="137.36674644984305">
        <ele>761.55</ele>
      </trkpt>
      <trkpt lat="36.14099747501314" lon="137.3668605275452">
        <ele>761.22</ele>
      </trkpt>
      <trkpt lat="36.14096503704786" lon="137.36697209067643">
        <ele>760.93</ele>
      </trkpt>
      <trkpt lat="36.14087752997875" lon="137.3671794589609">
        <ele>760.64</ele>
      </trkpt>
      <trkpt lat="36.14084458909929" lon="137.36728431656957">
        <ele>760.45</ele>
      </trkpt>
      <trkpt lat="36.140834195539355" lon="137.36739546060562">
        <ele>760.3</ele>
      </trkpt>
      <trkpt lat="36.140841068699956" lon="137.3675642721355">
        <ele>760.23</ele>
      </trkpt>
      <trkpt lat="36.140857161954045" lon="137.36790935508907">
        <ele>760.32</ele>
      </trkpt>
      <trkpt lat="36.14087442867458" lon="137.36817564815283">
        <ele>760.35</ele>
      </trkpt>
      <trkpt lat="36.14089169539511" lon="137.36844085156918">
        <ele>760.37</ele>
      </trkpt>
      <trkpt lat="36.14090586081147" lon="137.36876405775547">
        <ele>760.45</ele>
      </trkpt>
      <trkpt lat="36.1409199424088" lon="137.36908592283726">
        <ele>760.62</ele>
      </trkpt>
      <trkpt lat="36.140934862196445" lon="137.36941818147898">
        <ele>760.91</ele>
      </trkpt>
      <trkpt lat="36.14093033596873" lon="137.36956662498415">
        <ele>761.21</ele>
      </trkpt>
      <trkpt lat="36.14091658964753" lon="137.3697279766202">
        <ele>761.58</ele>
      </trkpt>
      <trkpt lat="36.14091684110463" lon="137.36989988945425">
        <ele>762.02</ele>
      </trkpt>
      <trkpt lat="36.140929497778416" lon="137.37016425468028">
        <ele>762.52</ele>
      </trkpt>
      <trkpt lat="36.14096973091364" lon="137.37039534375072">
        <ele>763.08</ele>
      </trkpt>
      <trkpt lat="36.14100988022983" lon="137.37062567844987">
        <ele>763.69</ele>
      </trkpt>
      <trkpt lat="36.14105732180178" lon="137.37084469757974">
        <ele>764.39</ele>
      </trkpt>
      <trkpt lat="36.14110459573567" lon="137.37106296233833">
        <ele>765.18</ele>
      </trkpt>
      <trkpt lat="36.14115161821246" lon="137.37116379663348">
        <ele>765.98</ele>
      </trkpt>
      <trkpt lat="36.141228061169386" lon="137.371244430542">
        <ele>766.83</ele>
      </trkpt>
      <trkpt lat="36.14137616939843" lon="137.37135926261544">
        <ele>767.8</ele>
      </trkpt>
      <trkpt lat="36.14143542945385" lon="137.3714257311076">
        <ele>768.82</ele>
      </trkpt>
      <trkpt lat="36.14152343943715" lon="137.37162354402244">
        <ele>769.9</ele>
      </trkpt>
      <trkpt lat="36.141578843817115" lon="137.37192085012794">
        <ele>770.96</ele>
      </trkpt>
      <trkpt lat="36.141634080559015" lon="137.37221715040505">
        <ele>772.13</ele>
      </trkpt>
      <trkpt lat="36.14171873778105" lon="137.37252325750887">
        <ele>773.43</ele>
      </trkpt>
      <trkpt lat="36.141803143545985" lon="137.37282835878432">
        <ele>774.77</ele>
      </trkpt>
      <trkpt lat="36.141829965636134" lon="137.37286012619734">
        <ele>776.08</ele>
      </trkpt>
      <trkpt lat="36.141863241791725" lon="137.37286515533924">
        <ele>777.42</ele>
      </trkpt>
      <trkpt lat="36.142133474349976" lon="137.3727532569319">
        <ele>779.15</ele>
      </trkpt>
      <trkpt lat="36.14218007773161" lon="137.37271025776863">
        <ele>780.6</ele>
      </trkpt>
      <trkpt lat="36.14222668111324" lon="137.37261906266212">
        <ele>782.07</ele>
      </trkpt>
      <trkpt lat="36.14224663004279" lon="137.37256072461605">
        <ele>783.51</ele>
      </trkpt>
      <trkpt lat="36.14224201999605" lon="137.37223860807717">
        <ele>785.08</ele>
      </trkpt>
      <trkpt lat="36.142237493768334" lon="137.37191774882376">
        <ele>786.54</ele>
      </trkpt>
      <trkpt lat="36.14225534722209" lon="137.37154953181744">
        <ele>787.79</ele>
      </trkpt>
      <trkpt lat="36.14229155704379" lon="137.37123906612396">
        <ele>789.2</ele>
      </trkpt>
      <trkpt lat="36.14237495698035" lon="137.37088375724852">
        <ele>790.84</ele>
      </trkpt>
      <trkpt lat="36.14246263168752" lon="137.37060757353902">
        <ele>792.46</ele>
      </trkpt>
      <trkpt lat="36.14256715402007" lon="137.370337927714">
        <ele>793.95</ele>
      </trkpt>
      <trkpt lat="36.14261736162007" lon="137.37020649947226">
        <ele>795.35</ele>
      </trkpt>
      <trkpt lat="36.14264912903309" lon="137.37011664547026">
        <ele>796.75</ele>
      </trkpt>
      <trkpt lat="36.14266673102975" lon="137.37001203931868">
        <ele>798.09</ele>
      </trkpt>
      <trkpt lat="36.142666982486844" lon="137.36989796161652">
        <ele>799.44</ele>
      </trkpt>
      <trkpt lat="36.14265901967883" lon="137.3697889968753">
        <ele>800.79</ele>
      </trkpt>
      <trkpt lat="36.14257696084678" lon="137.36945271492004">
        <ele>802.15</ele>
      </trkpt>
      <trkpt lat="36.14249515347183" lon="137.3691175226122">
        <ele>803.42</ele>
      </trkpt>
      <trkpt lat="36.14242751151323" lon="137.36886413767934">
        <ele>804.59</ele>
      </trkpt>
      <trkpt lat="36.14235995337367" lon="137.36861066892743">
        <ele>805.75</ele>
      </trkpt>
      <trkpt lat="36.1422926466912" lon="137.368358457461">
        <ele>806.96</ele>
      </trkpt>
      <trkpt lat="36.142240427434444" lon="137.368170786649">
        <ele>808.18</ele>
      </trkpt>
      <trkpt lat="36.14222609438002" lon="137.36800306476653">
        <ele>809.4</ele>
      </trkpt>
      <trkpt lat="36.14221435971558" lon="137.3676758352667">
        <ele>810.62</ele>
      </trkpt>
      <trkpt lat="36.142202792689204" lon="137.36756988801062">
        <ele>811.62</ele>
      </trkpt>
      <trkpt lat="36.142158368602395" lon="137.36735824495554">
        <ele>812.49</ele>
      </trkpt>
      <trkpt lat="36.142112854868174" lon="137.3671440873295">
        <ele>813.33</ele>
      </trkpt>
      <trkpt lat="36.14200556650758" lon="137.36688734963536">
        <ele>814.27</ele>
      </trkpt>
      <trkpt lat="36.141898445785046" lon="137.36663119867444">
        <ele>815.19</ele>
      </trkpt>
      <trkpt lat="36.141838347539306" lon="137.3664312902838">
        <ele>816.04</ele>
      </trkpt>
      <trkpt lat="36.14180632866919" lon="137.3662716988474">
        <ele>816.82</ele>
      </trkpt>
      <trkpt lat="36.14186483435333" lon="137.36595913767815">
        <ele>817.78</ele>
      </trkpt>
      <trkpt lat="36.14188654348254" lon="137.3658210877329">
        <ele>818.56</ele>
      </trkpt>
      <trkpt lat="36.141862738877535" lon="137.36572444438934">
        <ele>819.2</ele>
      </trkpt>
      <trkpt lat="36.141803646460176" lon="137.36565018072724">
        <ele>819.73</ele>
      </trkpt>
      <trkpt lat="36.14174656569958" lon="137.36559947021306">
        <ele>820.17</ele>
      </trkpt>
      <trkpt lat="36.14160063676536" lon="137.36551799811423">
        <ele>820.43</ele>
      </trkpt>
      <trkpt lat="36.14153567701578" lon="137.36546167172492">
        <ele>820.72</ele>
      </trkpt>
      <trkpt lat="36.141483625397086" lon="137.3653583228588">
        <ele>820.99</ele>
      </trkpt>
      <trkpt lat="36.141447918489575" lon="137.3651846498251">
        <ele>821.32</ele>
      </trkpt>
      <trkpt lat="36.14143601618707" lon="137.364988848567">
        <ele>821.65</ele>
      </trkpt>
      <trkpt lat="36.1414241977036" lon="137.36479371786118">
        <ele>821.89</ele>
      </trkpt>
      <trkpt lat="36.14139586687088" lon="137.36459758132696">
        <ele>821.99</ele>
      </trkpt>
      <trkpt lat="36.141367787495255" lon="137.36440219916403">
        <ele>822.02</ele>
      </trkpt>
      <trkpt lat="36.14131925627589" lon="137.36421645618975">
        <ele>822.05</ele>
      </trkpt>
      <trkpt lat="36.141288159415126" lon="137.36411117948592">
        <ele>822.08</ele>
      </trkpt>
      <trkpt lat="36.14127474837005" lon="137.3640048969537">
        <ele>822.1</ele>
      </trkpt>
      <trkpt lat="36.14126577973366" lon="137.36390397883952">
        <ele>822.1</ele>
      </trkpt>
      <trkpt lat="36.14127508364618" lon="137.36383658833802">
        <ele>822.09</ele>
      </trkpt>
      <trkpt lat="36.141297379508615" lon="137.36373298801482">
        <ele>822.07</ele>
      </trkpt>
      <trkpt lat="36.141348257660866" lon="137.36360625363886">
        <ele>822.05</ele>
      </trkpt>
      <trkpt lat="36.141387736424804" lon="137.36353618092835">
        <ele>821.92</ele>
      </trkpt>
      <trkpt lat="36.14143593236804" lon="137.36347943544388">
        <ele>821.79</ele>
      </trkpt>
      <trkpt lat="36.141552943736315" lon="137.3634392861277">
        <ele>821.55</ele>
      </trkpt>
      <trkpt lat="36.14179015159607" lon="137.36344599165022">
        <ele>821.29</ele>
      </trkpt>
      <trkpt lat="36.14201009273529" lon="137.3634607437998">
        <ele>821.02</ele>
      </trkpt>
      <trkpt lat="36.14208578132093" lon="137.3634392861277">
        <ele>820.72</ele>
      </trkpt>
      <trkpt lat="36.14220547489822" lon="137.36337952315807">
        <ele>820.4</ele>
      </trkpt>
      <trkpt lat="36.142278565093875" lon="137.3632957879454">
        <ele>820.07</ele>
      </trkpt>
      <trkpt lat="36.142327850684524" lon="137.36320526339114">
        <ele>819.71</ele>
      </trkpt>
      <trkpt lat="36.14235408604145" lon="137.36315195448697">
        <ele>819.35</ele>
      </trkpt>
      <trkpt lat="36.142379231750965" lon="137.36309185624123">
        <ele>818.97</ele>
      </trkpt>
      <trkpt lat="36.14238878712058" lon="137.36286889761686">
        <ele>818.56</ele>
      </trkpt>
      <trkpt lat="36.14238082431257" lon="137.36263789236546">
        <ele>818.14</ele>
      </trkpt>
      <trkpt lat="36.14237805828452" lon="137.36242809332907">
        <ele>817.7</ele>
      </trkpt>
      <trkpt lat="36.142375292256474" lon="137.362219132483">
        <ele>817.24</ele>
      </trkpt>
      <trkpt lat="36.142373867332935" lon="137.3618406895548">
        <ele>816.79</ele>
      </trkpt>
      <trkpt lat="36.14237462170422" lon="137.36175888217986">
        <ele>816.33</ele>
      </trkpt>
      <trkpt lat="36.142349475994706" lon="137.3616823554039">
        <ele>815.84</ele>
      </trkpt>
      <trkpt lat="36.142321564257145" lon="137.3616548627615">
        <ele>815.34</ele>
      </trkpt>
      <trkpt lat="36.14227747544646" lon="137.36164212226868">
        <ele>814.8</ele>
      </trkpt>
      <trkpt lat="36.14223305135965" lon="137.3616461455822">
        <ele>814.26</ele>
      </trkpt>
      <trkpt lat="36.14220388233662" lon="137.36167162656784">
        <ele>813.71</ele>
      </trkpt>
      <trkpt lat="36.14217672497034" lon="137.3617172241211">
        <ele>813.16</ele>
      </trkpt>
      <trkpt lat="36.14216582849622" lon="137.36178637482226">
        <ele>812.61</ele>
      </trkpt>
      <trkpt lat="36.14217672497034" lon="137.36187254078686">
        <ele>812.07</ele>
      </trkpt>
      <trkpt lat="36.142217963933945" lon="137.36202282831073">
        <ele>811.53</ele>
      </trkpt>
      <trkpt lat="36.14226666279137" lon="137.36223229207098">
        <ele>810.97</ele>
      </trkpt>
      <trkpt lat="36.14226607605815" lon="137.36229322850704">
        <ele>810.37</ele>
      </trkpt>
      <trkpt lat="36.14224604330957" lon="137.36233555711806">
        <ele>809.72</ele>
      </trkpt>
      <trkpt lat="36.14221033640206" lon="137.3623821604997">
        <ele>809.05</ele>
      </trkpt>
      <trkpt lat="36.14218116737902" lon="137.36241803504527">
        <ele>808.35</ele>
      </trkpt>
      <trkpt lat="36.142142191529274" lon="137.3624350503087">
        <ele>807.62</ele>
      </trkpt>
      <trkpt lat="36.14209885708988" lon="137.36242482438684">
        <ele>806.87</ele>
      </trkpt>
      <trkpt lat="36.14203926175833" lon="137.36240638419986">
        <ele>806.1</ele>
      </trkpt>
      <trkpt lat="36.14198519848287" lon="137.3623623792082">
        <ele>805.29</ele>
      </trkpt>
      <trkpt lat="36.1419509164989" lon="137.36231342889369">
        <ele>804.48</ele>
      </trkpt>
      <trkpt lat="36.14193088375032" lon="137.36223639920354">
        <ele>803.63</ele>
      </trkpt>
      <trkpt lat="36.14192325621843" lon="137.36198083497584">
        <ele>802.8</ele>
      </trkpt>
      <trkpt lat="36.141898361966014" lon="137.36169182695448">
        <ele>801.88</ele>
      </trkpt>
      <trkpt lat="36.14187673665583" lon="137.3614645935595">
        <ele>800.94</ele>
      </trkpt>
      <trkpt lat="36.14184748381376" lon="137.36126275733113">
        <ele>799.95</ele>
      </trkpt>
      <trkpt lat="36.14182208664715" lon="137.36110643483698">
        <ele>798.93</ele>
      </trkpt>
      <trkpt lat="36.14179886877537" lon="137.3609555605799">
        <ele>797.89</ele>
      </trkpt>
      <trkpt lat="36.14176684990525" lon="137.3607208672911">
        <ele>796.81</ele>
      </trkpt>
      <trkpt lat="36.14176416769624" lon="137.36057862639427">
        <ele>795.77</ele>
      </trkpt>
      <trkpt lat="36.14177539944649" lon="137.36042004078627">
        <ele>794.7</ele>
      </trkpt>
      <trkpt lat="36.14180716685951" lon="137.3602293524891">
        <ele>793.57</ele>
      </trkpt>
      <trkpt lat="36.14184446632862" lon="137.36002676188946">
        <ele>792.39</ele>
      </trkpt>
      <trkpt lat="36.1418816819787" lon="137.3598249256611">
        <ele>791.18</ele>
      </trkpt>
      <trkpt lat="36.14192811772227" lon="137.35958612523973">
        <ele>789.94</ele>
      </trkpt>
      <trkpt lat="36.14197446964681" lon="137.3593481630087">
        <ele>788.67</ele>
      </trkpt>
      <trkpt lat="36.1420079972595" lon="137.3591198399663">
        <ele>787.49</ele>
      </trkpt>
      <trkpt lat="36.14200891926885" lon="137.3590283934027">
        <ele>786.29</ele>
      </trkpt>
      <trkpt lat="36.14200422540307" lon="137.35893208533525">
        <ele>785.02</ele>
      </trkpt>
      <trkpt lat="36.141987796872854" lon="137.35884265042841">
        <ele>783.72</ele>
      </trkpt>
      <trkpt lat="36.141924345865846" lon="137.35852137207985">
        <ele>782.41</ele>
      </trkpt>
      <trkpt lat="36.1419078335166" lon="137.35835138708353">
        <ele>781.15</ele>
      </trkpt>
      <trkpt lat="36.141901798546314" lon="137.35829455778003">
        <ele>779.86</ele>
      </trkpt>
      <trkpt lat="36.141878329217434" lon="137.3582511395216">
        <ele>778.56</ele>
      </trkpt>
      <trkpt lat="36.141845639795065" lon="137.35818441957235">
        <ele>777.23</ele>
      </trkpt>
      <trkpt lat="36.14170121960342" lon="137.35792198218405">
        <ele>775.79</ele>
      </trkpt>
      <trkpt lat="36.141682947054505" lon="137.3578790668398">
        <ele>774.47</ele>
      </trkpt>
      <trkpt lat="36.1416900716722" lon="137.35782743431628">
        <ele>773.17</ele>
      </trkpt>
      <trkpt lat="36.141721252352" lon="137.35768812708557">
        <ele>771.87</ele>
      </trkpt>
      <trkpt lat="36.14174815826118" lon="137.35754881985486">
        <ele>770.56</ele>
      </trkpt>
      <trkpt lat="36.141766933724284" lon="137.35744035802782">
        <ele>769.25</ele>
      </trkpt>
      <trkpt lat="36.14177062176168" lon="137.3573319800198">
        <ele>767.91</ele>
      </trkpt>
      <trkpt lat="36.14167875610292" lon="137.3569920938462">
        <ele>766.4</ele>
      </trkpt>
      <trkpt lat="36.14158705808222" lon="137.35665338113904">
        <ele>764.9</ele>
      </trkpt>
      <trkpt lat="36.14155403338373" lon="137.3565245512873">
        <ele>763.57</ele>
      </trkpt>
      <trkpt lat="36.141527043655515" lon="137.35619463957846">
        <ele>762.26</ele>
      </trkpt>
      <trkpt lat="36.14147063344717" lon="137.3558942321688">
        <ele>760.91</ele>
      </trkpt>
      <trkpt lat="36.141442470252514" lon="137.3557869438082">
        <ele>759.61</ele>
      </trkpt>
      <trkpt lat="36.14140567369759" lon="137.35569432377815">
        <ele>758.31</ele>
      </trkpt>
      <trkpt lat="36.14138128235936" lon="137.355569684878">
        <ele>757.03</ele>
      </trkpt>
      <trkpt lat="36.14136669784784" lon="137.35540204681456">
        <ele>755.86</ele>
      </trkpt>
      <trkpt lat="36.141327638179064" lon="137.3550694528967">
        <ele>754.79</ele>
      </trkpt>
      <trkpt lat="36.14131087437272" lon="137.35490189865232">
        <ele>753.64</ele>
      </trkpt>
      <trkpt lat="36.14128212444484" lon="137.35467927530408">
        <ele>752.49</ele>
      </trkpt>
      <trkpt lat="36.14120526239276" lon="137.35432245768607">
        <ele>751.32</ele>
      </trkpt>
      <trkpt lat="36.14113108254969" lon="137.35401936806738">
        <ele>750.15</ele>
      </trkpt>
      <trkpt lat="36.1410547234118" lon="137.353777885437">
        <ele>748.98</ele>
      </trkpt>
      <trkpt lat="36.14096185192466" lon="137.35351653769612">
        <ele>747.86</ele>
      </trkpt>
      <trkpt lat="36.140888845548034" lon="137.3532611411065">
        <ele>746.81</ele>
      </trkpt>
      <trkpt lat="36.14084802567959" lon="137.35307078808546">
        <ele>745.71</ele>
      </trkpt>
      <trkpt lat="36.140807289630175" lon="137.35288102179766">
        <ele>744.57</ele>
      </trkpt>
      <trkpt lat="36.14077367819846" lon="137.35259008593857">
        <ele>743.4</ele>
      </trkpt>
      <trkpt lat="36.14076714031398" lon="137.35231683589518">
        <ele>742.29</ele>
      </trkpt>
      <trkpt lat="36.14076060242951" lon="137.3520435858518">
        <ele>741.24</ele>
      </trkpt>
      <trkpt lat="36.14075414836407" lon="137.35177192837">
        <ele>740.26</ele>
      </trkpt>
      <trkpt lat="36.14074828103185" lon="137.3515358939767">
        <ele>739.35</ele>
      </trkpt>
      <trkpt lat="36.140733528882265" lon="137.35123272053897">
        <ele>738.44</ele>
      </trkpt>
      <trkpt lat="36.140732523053885" lon="137.35087607055902">
        <ele>737.56</ele>
      </trkpt>
      <trkpt lat="36.14072062075138" lon="137.350511290133">
        <ele>736.82</ele>
      </trkpt>
      <trkpt lat="36.14071475341916" lon="137.35039595514536">
        <ele>736.31</ele>
      </trkpt>
      <trkpt lat="36.14079002290964" lon="137.35039587132633">
        <ele>735.84</ele>
      </trkpt>
      <trkpt lat="36.14083067514002" lon="137.35041607171297">
        <ele>735.43</ele>
      </trkpt>
      <trkpt lat="36.14096436649561" lon="137.35041204839945">
        <ele>735.14</ele>
      </trkpt>
      <trkpt lat="36.14122873172164" lon="137.35040945000947">
        <ele>734.9</ele>
      </trkpt>
      <trkpt lat="36.14149301312864" lon="137.35040685161948">
        <ele>734.7</ele>
      </trkpt>
      <trkpt lat="36.141759222373366" lon="137.3504042532295">
        <ele>734.65</ele>
      </trkpt>
      <trkpt lat="36.14205703139305" lon="137.3504058457911">
        <ele>734.7</ele>
      </trkpt>
      <trkpt lat="36.14235618151724" lon="137.35040735453367">
        <ele>734.8</ele>
      </trkpt>
      <trkpt lat="36.14252122119069" lon="137.35039469785988">
        <ele>735.01</ele>
      </trkpt>
      <trkpt lat="36.142687099054456" lon="137.3503820411861">
        <ele>735.33</ele>
      </trkpt>
      <trkpt lat="36.14275918342173" lon="137.35035689547658">
        <ele>735.67</ele>
      </trkpt>
      <trkpt lat="36.14282364025712" lon="137.350315740332">
        <ele>736.13</ele>
      </trkpt>
      <trkpt lat="36.14288658834994" lon="137.3502620961517">
        <ele>736.68</ele>
      </trkpt>
      <trkpt lat="36.14294081926346" lon="137.35020979307592">
        <ele>737.31</ele>
      </trkpt>
      <trkpt lat="36.14299287088215" lon="137.3500984814018">
        <ele>738.04</ele>
      </trkpt>
      <trkpt lat="36.14303125999868" lon="137.34995037317276">
        <ele>738.84</ele>
      </trkpt>
      <trkpt lat="36.14304156973958" lon="137.34980637207627">
        <ele>739.64</ele>
      </trkpt>
      <trkpt lat="36.14302237518132" lon="137.34948283061385">
        <ele>740.45</ele>
      </trkpt>
      <trkpt lat="36.143003264442086" lon="137.3491605464369">
        <ele>741.38</ele>
      </trkpt>
      <trkpt lat="36.14298583008349" lon="137.3488362506032">
        <ele>742.51</ele>
      </trkpt>
      <trkpt lat="36.14296831190586" lon="137.3485119547695">
        <ele>743.81</ele>
      </trkpt>
      <trkpt lat="36.142950877547264" lon="137.34818765893579">
        <ele>745.03</ele>
      </trkpt>
      <trkpt lat="36.1429335270077" lon="137.34786596149206">
        <ele>746.26</ele>
      </trkpt>
      <trkpt lat="36.1429335270077" lon="137.34760369174182">
        <ele>747.43</ele>
      </trkpt>
      <trkpt lat="36.14296110346913" lon="137.3473078943789">
        <ele>748.53</ele>
      </trkpt>
      <trkpt lat="36.14298842847347" lon="137.34701335430145">
        <ele>749.61</ele>
      </trkpt>
      <trkpt lat="36.143024219200015" lon="137.34666969627142">
        <ele>750.83</ele>
      </trkpt>
      <trkpt lat="36.143053974956274" lon="137.34644137322903">
        <ele>752.26</ele>
      </trkpt>
      <trkpt lat="36.14307375624776" lon="137.34612244181335">
        <ele>753.88</ele>
      </trkpt>
      <trkpt lat="36.143085826188326" lon="137.345960335806">
        <ele>755.35</ele>
      </trkpt>
      <trkpt lat="36.143095130100846" lon="137.34588062390685">
        <ele>756.81</ele>
      </trkpt>
      <trkpt lat="36.14309789612889" lon="137.34580367803574">
        <ele>758.27</ele>
      </trkpt>
      <trkpt lat="36.14306109957397" lon="137.34554895199835">
        <ele>759.75</ele>
      </trkpt>
      <trkpt lat="36.143007539212704" lon="137.34528777189553">
        <ele>761.26</ele>
      </trkpt>
      <trkpt lat="36.14295406267047" lon="137.34502650797367">
        <ele>762.92</ele>
      </trkpt>
      <trkpt lat="36.14290083758533" lon="137.3447670880705">
        <ele>764.62</ele>
      </trkpt>
      <trkpt lat="36.14290083758533" lon="137.34476700425148">
        <ele>767.63</ele>
      </trkpt>
      <trkpt lat="36.14290083758533" lon="137.34476692043245">
        <ele>769.13</ele>
      </trkpt>
      <trkpt lat="36.1429007537663" lon="137.3447662498802">
        <ele>770.64</ele>
      </trkpt>
      <trkpt lat="36.14290083758533" lon="137.34476666897535">
        <ele>772.15</ele>
      </trkpt>
      <trkpt lat="36.14282766357064" lon="137.34441513195634">
        <ele>773.83</ele>
      </trkpt>
      <trkpt lat="36.14275465719402" lon="137.3440648522228">
        <ele>775.3</ele>
      </trkpt>
      <trkpt lat="36.142722722142935" lon="137.34391942620277">
        <ele>776.77</ele>
      </trkpt>
      <trkpt lat="36.14270822145045" lon="137.343814317137">
        <ele>778.23</ele>
      </trkpt>
      <trkpt lat="36.142707634717226" lon="137.34370828606188">
        <ele>779.71</ele>
      </trkpt>
      <trkpt lat="36.142726577818394" lon="137.3435619380325">
        <ele>781.18</ele>
      </trkpt>
      <trkpt lat="36.142809726297855" lon="137.34341349452734">
        <ele>782.59</ele>
      </trkpt>
      <trkpt lat="36.142873680219054" lon="137.343367645517">
        <ele>784.05</ele>
      </trkpt>
      <trkpt lat="36.1429353710264" lon="137.34334878623486">
        <ele>785.56</ele>
      </trkpt>
      <trkpt lat="36.14300837740302" lon="137.3433325253427">
        <ele>787.08</ele>
      </trkpt>
      <trkpt lat="36.14326821640134" lon="137.34336907044053">
        <ele>788.81</ele>
      </trkpt>
      <trkpt lat="36.143479607999325" lon="137.34341642819345">
        <ele>790.44</ele>
      </trkpt>
      <trkpt lat="36.14369183778763" lon="137.34346403740346">
        <ele>792.0</ele>
      </trkpt>
      <trkpt lat="36.14377741701901" lon="137.34347459860146">
        <ele>793.54</ele>
      </trkpt>
      <trkpt lat="36.14388135261834" lon="137.3434455972165">
        <ele>795.13</ele>
      </trkpt>
      <trkpt lat="36.14396148361266" lon="137.34341223724186">
        <ele>796.69</ele>
      </trkpt>
      <trkpt lat="36.144015630707145" lon="137.34337049536407">
        <ele>798.22</ele>
      </trkpt>
      <trkpt lat="36.14407405257225" lon="137.34331249259412">
        <ele>799.73</ele>
      </trkpt>
      <trkpt lat="36.14411638118327" lon="137.34323546290398">
        <ele>801.26</ele>
      </trkpt>
      <trkpt lat="36.14418595097959" lon="137.34309867024422">
        <ele>802.84</ele>
      </trkpt>
      <trkpt lat="36.14426759071648" lon="137.3428065609187">
        <ele>804.43</ele>
      </trkpt>
      <trkpt lat="36.14430287852883" lon="137.34255669638515">
        <ele>805.78</ele>
      </trkpt>
      <trkpt lat="36.14429919049144" lon="137.34244907274842">
        <ele>807.05</ele>
      </trkpt>
      <trkpt lat="36.1442890483886" lon="137.34229275025427">
        <ele>808.34</ele>
      </trkpt>
      <trkpt lat="36.14425619132817" lon="137.3421873897314">
        <ele>809.51</ele>
      </trkpt>
      <trkpt lat="36.14422014914453" lon="137.34210063703358">
        <ele>810.7</ele>
      </trkpt>
      <trkpt lat="36.14417656324804" lon="137.34201254323125">
        <ele>811.85</ele>
      </trkpt>
      <trkpt lat="36.14409886300564" lon="137.34189444221556">
        <ele>812.92</ele>
      </trkpt>
      <trkpt lat="36.14392368122935" lon="137.34170936979353">
        <ele>813.97</ele>
      </trkpt>
      <trkpt lat="36.14370306953788" lon="137.34150518663228">
        <ele>814.91</ele>
      </trkpt>
      <trkpt lat="36.14356577396393" lon="137.3413574974984">
        <ele>815.78</ele>
      </trkpt>
      <trkpt lat="36.14348296076059" lon="137.34124744310975">
        <ele>816.64</ele>
      </trkpt>
      <trkpt lat="36.14340894855559" lon="137.34113747254014">
        <ele>817.43</ele>
      </trkpt>
      <trkpt lat="36.14333518780768" lon="137.3410060442984">
        <ele>818.17</ele>
      </trkpt>
      <trkpt lat="36.14326427690685" lon="137.34076824970543">
        <ele>818.87</ele>
      </trkpt>
      <trkpt lat="36.14324768073857" lon="137.34060103073716">
        <ele>819.53</ele>
      </trkpt>
      <trkpt lat="36.14325220696628" lon="137.3403629846871">
        <ele>820.17</ele>
      </trkpt>
      <trkpt lat="36.14325664937496" lon="137.34012586064637">
        <ele>820.75</ele>
      </trkpt>
      <trkpt lat="36.143278777599335" lon="137.33978471718729">
        <ele>821.34</ele>
      </trkpt>
      <trkpt lat="36.14332169294357" lon="137.33964163810015">
        <ele>821.84</ele>
      </trkpt>
      <trkpt lat="36.143407858908176" lon="137.33945564366877">
        <ele>822.33</ele>
      </trkpt>
      <trkpt lat="36.143452199175954" lon="137.33939185738564">
        <ele>822.7</ele>
      </trkpt>
      <trkpt lat="36.143569545820355" lon="137.33930233865976">
        <ele>823.01</ele>
      </trkpt>
      <trkpt lat="36.14366644062102" lon="137.3392691463232">
        <ele>823.23</ele>
      </trkpt>
      <trkpt lat="36.14378998987377" lon="137.33923092484474">
        <ele>823.39</ele>
      </trkpt>
      <trkpt lat="36.14392208866775" lon="137.3392196930945">
        <ele>823.49</ele>
      </trkpt>
      <trkpt lat="36.1440818477422" lon="137.33922254294157">
        <ele>823.52</ele>
      </trkpt>
      <trkpt lat="36.144242361187935" lon="137.33922539278865">
        <ele>823.5</ele>
      </trkpt>
      <trkpt lat="36.14453237503767" lon="137.33922966755927">
        <ele>823.45</ele>
      </trkpt>
      <trkpt lat="36.14476648159325" lon="137.33923595398664">
        <ele>823.28</ele>
      </trkpt>
      <trkpt lat="36.145001761615276" lon="137.33924224041402">
        <ele>822.97</ele>
      </trkpt>
      <trkpt lat="36.14522723481059" lon="137.3392458446324">
        <ele>822.59</ele>
      </trkpt>
      <trkpt lat="36.14545379765332" lon="137.33924944885075">
        <ele>822.15</ele>
      </trkpt>
      <trkpt lat="36.14574607461691" lon="137.33925623819232">
        <ele>821.67</ele>
      </trkpt>
      <trkpt lat="36.14603977650404" lon="137.3392630275339">
        <ele>821.09</ele>
      </trkpt>
      <trkpt lat="36.146353678777814" lon="137.33927182853222">
        <ele>820.44</ele>
      </trkpt>
      <trkpt lat="36.146511007100344" lon="137.33927610330284">
        <ele>819.79</ele>
      </trkpt>
      <trkpt lat="36.14666917361319" lon="137.33928054571152">
        <ele>819.12</ele>
      </trkpt>
      <trkpt lat="36.14688525907695" lon="137.3392879217863">
        <ele>818.44</ele>
      </trkpt>
      <trkpt lat="36.14710243418813" lon="137.3392952978611">
        <ele>817.75</ele>
      </trkpt>
      <trkpt lat="36.147228917106986" lon="137.33933066949248">
        <ele>817.06</ele>
      </trkpt>
      <trkpt lat="36.14742907695472" lon="137.3393761832267">
        <ele>816.36</ele>
      </trkpt>
      <trkpt lat="36.14765362814069" lon="137.33945715241134">
        <ele>815.61</ele>
      </trkpt>
      <trkpt lat="36.147878263145685" lon="137.33953812159598">
        <ele>814.74</ele>
      </trkpt>
      <trkpt lat="36.14810423925519" lon="137.3396195936948">
        <ele>813.77</ele>
      </trkpt>
      <trkpt lat="36.14839316345751" lon="137.339728474617">
        <ele>812.79</ele>
      </trkpt>
      <trkpt lat="36.14868326112628" lon="137.3398378584534">
        <ele>812.05</ele>
      </trkpt>
      <trkpt lat="36.14888568408787" lon="137.33991153538227">
        <ele>811.36</ele>
      </trkpt>
      <trkpt lat="36.14908802323043" lon="137.33998521231115">
        <ele>810.66</ele>
      </trkpt>
      <trkpt lat="36.14929161965847" lon="137.34005939215422">
        <ele>809.86</ele>
      </trkpt>
      <trkpt lat="36.149451630190015" lon="137.3401167243719">
        <ele>809.14</ele>
      </trkpt>
      <trkpt lat="36.14961222745478" lon="137.34017439186573">
        <ele>808.45</ele>
      </trkpt>
      <trkpt lat="36.149769220501184" lon="137.34021303243935">
        <ele>807.73</ele>
      </trkpt>
      <trkpt lat="36.149899223819375" lon="137.3402168881148">
        <ele>807.04</ele>
      </trkpt>
      <trkpt lat="36.15002763457596" lon="137.3401954304427">
        <ele>806.39</ele>
      </trkpt>
      <trkpt lat="36.150133330374956" lon="137.3401391878724">
        <ele>805.78</ele>
      </trkpt>
      <trkpt lat="36.15021756850183" lon="137.34008118510246">
        <ele>805.32</ele>
      </trkpt>
      <trkpt lat="36.1502811871469" lon="137.34002318233252">
        <ele>804.93</ele>
      </trkpt>
      <trkpt lat="36.15038227289915" lon="137.33986593782902">
        <ele>804.64</ele>
      </trkpt>
      <trkpt lat="36.15042929537594" lon="137.33976904302835">
        <ele>804.42</ele>
      </trkpt>
      <trkpt lat="36.15045687183738" lon="137.33965521678329">
        <ele>804.22</ele>
      </trkpt>
      <trkpt lat="36.1504746414721" lon="137.33956812880933">
        <ele>804.09</ele>
      </trkpt>
      <trkpt lat="36.150471875444055" lon="137.33949042856693">
        <ele>803.97</ele>
      </trkpt>
      <trkpt lat="36.15046374499798" lon="137.33937123790383">
        <ele>803.91</ele>
      </trkpt>
      <trkpt lat="36.15043901838362" lon="137.33925648964942">
        <ele>803.9</ele>
      </trkpt>
      <trkpt lat="36.15041655488312" lon="137.33918197453022">
        <ele>803.9</ele>
      </trkpt>
      <trkpt lat="36.150376154109836" lon="137.3390497919172">
        <ele>803.95</ele>
      </trkpt>
      <trkpt lat="36.150314044207335" lon="137.33889061957598">
        <ele>804.04</ele>
      </trkpt>
      <trkpt lat="36.15021840669215" lon="137.3386850953102">
        <ele>804.1</ele>
      </trkpt>
      <trkpt lat="36.15012285299599" lon="137.3384799901396">
        <ele>804.15</ele>
      </trkpt>
      <trkpt lat="36.15003467537463" lon="137.3382508289069">
        <ele>804.28</ele>
      </trkpt>
      <trkpt lat="36.149996034801006" lon="137.33812811784446">
        <ele>804.41</ele>
      </trkpt>
      <trkpt lat="36.14997901953757" lon="137.33805385418236">
        <ele>804.53</ele>
      </trkpt>
      <trkpt lat="36.1499619204551" lon="137.3379326518625">
        <ele>804.65</ele>
      </trkpt>
      <trkpt lat="36.149953454732895" lon="137.33778764493763">
        <ele>804.76</ele>
      </trkpt>
      <trkpt lat="36.14995462819934" lon="137.33769888058305">
        <ele>804.85</ele>
      </trkpt>
      <trkpt lat="36.149988155812025" lon="137.33752981759608">
        <ele>804.92</ele>
      </trkpt>
      <trkpt lat="36.15004766732454" lon="137.33729118481278">
        <ele>805.08</ele>
      </trkpt>
      <trkpt lat="36.150112291797996" lon="137.33709605410695">
        <ele>805.14</ele>
      </trkpt>
      <trkpt lat="36.150176748633385" lon="137.3369014263153">
        <ele>805.21</ele>
      </trkpt>
      <trkpt lat="36.150236427783966" lon="137.33675189316273">
        <ele>805.27</ele>
      </trkpt>
      <trkpt lat="36.15034522488713" lon="137.33654745854437">
        <ele>805.27</ele>
      </trkpt>
      <trkpt lat="36.150496266782284" lon="137.33635257929564">
        <ele>805.07</ele>
      </trkpt>
      <trkpt lat="36.15064596757293" lon="137.33618636615574">
        <ele>804.8</ele>
      </trkpt>
      <trkpt lat="36.15085526369512" lon="137.33596919104457">
        <ele>804.37</ele>
      </trkpt>
      <trkpt lat="36.15103396587074" lon="137.33579887077212">
        <ele>803.97</ele>
      </trkpt>
      <trkpt lat="36.151168746873736" lon="137.33568982221186">
        <ele>803.6</ele>
      </trkpt>
      <trkpt lat="36.151312161237" lon="137.3356090206653">
        <ele>803.27</ele>
      </trkpt>
      <trkpt lat="36.15146119147539" lon="137.33554339036345">
        <ele>803.01</ele>
      </trkpt>
      <trkpt lat="36.151649029925466" lon="137.3354991339147">
        <ele>802.76</ele>
      </trkpt>
      <trkpt lat="36.15194139070809" lon="137.33541288413107">
        <ele>802.5</ele>
      </trkpt>
      <trkpt lat="36.152216233313084" lon="137.33533199876547">
        <ele>802.04</ele>
      </trkpt>
      <trkpt lat="36.15234447643161" lon="137.3352688830346">
        <ele>801.56</ele>
      </trkpt>
      <trkpt lat="36.152471378445625" lon="137.3352025821805">
        <ele>801.01</ele>
      </trkpt>
      <trkpt lat="36.15259719081223" lon="137.33509998768568">
        <ele>800.36</ele>
      </trkpt>
      <trkpt lat="36.152729373425245" lon="137.3349683918059">
        <ele>799.64</ele>
      </trkpt>
      <trkpt lat="36.15278787910938" lon="137.33490913175046">
        <ele>798.94</ele>
      </trkpt>
      <trkpt lat="36.15286968648434" lon="137.33479488641024">
        <ele>798.16</ele>
      </trkpt>
      <trkpt lat="36.15293841809034" lon="137.3346872627735">
        <ele>797.39</ele>
      </trkpt>
      <trkpt lat="36.15298627875745" lon="137.3345804773271">
        <ele>796.59</ele>
      </trkpt>
      <trkpt lat="36.153040593490005" lon="137.33440252952278">
        <ele>795.76</ele>
      </trkpt>
      <trkpt lat="36.15308292210102" lon="137.33428157866">
        <ele>794.91</ele>
      </trkpt>
      <trkpt lat="36.153104128316045" lon="137.33417403884232">
        <ele>794.03</ele>
      </trkpt>
      <trkpt lat="36.153126675635576" lon="137.3340090829879">
        <ele>793.1</ele>
      </trkpt>
      <trkpt lat="36.15312743000686" lon="137.33386273495853">
        <ele>792.15</ele>
      </trkpt>
      <trkpt lat="36.15311368368566" lon="137.33361588791013">
        <ele>791.13</ele>
      </trkpt>
      <trkpt lat="36.15309993736446" lon="137.33336996287107">
        <ele>790.15</ele>
      </trkpt>
      <trkpt lat="36.15308241918683" lon="137.33303083106875">
        <ele>789.15</ele>
      </trkpt>
      <trkpt lat="36.15307688713074" lon="137.3328406456858">
        <ele>788.09</ele>
      </trkpt>
      <trkpt lat="36.153077222406864" lon="137.33267728239298">
        <ele>786.93</ele>
      </trkpt>
      <trkpt lat="36.15309717133641" lon="137.3324788827449">
        <ele>785.75</ele>
      </trkpt>
      <trkpt lat="36.153154419735074" lon="137.33226061798632">
        <ele>784.5</ele>
      </trkpt>
      <trkpt lat="36.15321175195277" lon="137.33208803460002">
        <ele>783.26</ele>
      </trkpt>
      <trkpt lat="36.15334368310869" lon="137.33177924528718">
        <ele>782.01</ele>
      </trkpt>
      <trkpt lat="36.153449546545744" lon="137.33160632662475">
        <ele>780.79</ele>
      </trkpt>
      <trkpt lat="36.15355691872537" lon="137.3315059952438">
        <ele>779.53</ele>
      </trkpt>
      <trkpt lat="36.1536936275661" lon="137.33142309822142">
        <ele>778.22</ele>
      </trkpt>
      <trkpt lat="36.153866881504655" lon="137.3313688673079">
        <ele>776.88</ele>
      </trkpt>
      <trkpt lat="36.15403024479747" lon="137.33136157505214">
        <ele>775.5</ele>
      </trkpt>
      <trkpt lat="36.15421649068594" lon="137.331369118765">
        <ele>774.12</ele>
      </trkpt>
      <trkpt lat="36.154441041871905" lon="137.33140968717635">
        <ele>772.7</ele>
      </trkpt>
      <trkpt lat="36.15473214536905" lon="137.33145218342543">
        <ele>771.27</ele>
      </trkpt>
      <trkpt lat="36.15484521724284" lon="137.3314438853413">
        <ele>769.87</ele>
      </trkpt>
      <trkpt lat="36.154893497005105" lon="137.3314275406301">
        <ele>768.47</ele>
      </trkpt>
      <trkpt lat="36.15499927662313" lon="137.33139334246516">
        <ele>767.05</ele>
      </trkpt>
      <trkpt lat="36.15508787333965" lon="137.331340033561">
        <ele>765.59</ele>
      </trkpt>
      <trkpt lat="36.15518309175968" lon="137.3312599863857">
        <ele>764.1</ele>
      </trkpt>
      <trkpt lat="36.15541116334498" lon="137.3310186713934">
        <ele>762.55</ele>
      </trkpt>
      <trkpt lat="36.15563931874931" lon="137.3307773564011">
        <ele>760.92</ele>
      </trkpt>
      <trkpt lat="36.1558678932488" lon="137.33053562231362">
        <ele>759.22</ele>
      </trkpt>
      <trkpt lat="36.155986078083515" lon="137.33042079024017">
        <ele>757.64</ele>
      </trkpt>
      <trkpt lat="36.15606461651623" lon="137.3303257394582">
        <ele>756.12</ele>
      </trkpt>
      <trkpt lat="36.1561562307179" lon="137.33017436228693">
        <ele>754.62</ele>
      </trkpt>
      <trkpt lat="36.15622328594327" lon="137.32998803257942">
        <ele>753.13</ele>
      </trkpt>
      <trkpt lat="36.15627299062908" lon="137.32979826629162">
        <ele>751.62</ele>
      </trkpt>
      <trkpt lat="36.15632059983909" lon="137.32954957522452">
        <ele>750.09</ele>
      </trkpt>
      <trkpt lat="36.15637592040002" lon="137.3292331583798">
        <ele>748.54</ele>
      </trkpt>
      <trkpt lat="36.15643107332289" lon="137.32891799882054">
        <ele>746.88</ele>
      </trkpt>
      <trkpt lat="36.15646258927882" lon="137.3287442419678">
        <ele>745.3</ele>
      </trkpt>
      <trkpt lat="36.15649016574025" lon="137.32861457392573">
        <ele>743.7</ele>
      </trkpt>
      <trkpt lat="36.15651782602072" lon="137.32853301800787">
        <ele>742.1</ele>
      </trkpt>
      <trkpt lat="36.15656669251621" lon="137.32831617817283">
        <ele>740.47</ele>
      </trkpt>
      <trkpt lat="36.156615391373634" lon="137.328099925071">
        <ele>738.84</ele>
      </trkpt>
      <trkpt lat="36.156655540689826" lon="137.32788970693946">
        <ele>737.22</ele>
      </trkpt>
      <trkpt lat="36.15669569000602" lon="137.3276802431792">
        <ele>735.62</ele>
      </trkpt>
      <trkpt lat="36.156749250367284" lon="137.32735494151711">
        <ele>733.97</ele>
      </trkpt>
      <trkpt lat="36.15680289454758" lon="137.327029556036">
        <ele>732.28</ele>
      </trkpt>
      <trkpt lat="36.15685645490885" lon="137.3267042543739">
        <ele>730.59</ele>
      </trkpt>
      <trkpt lat="36.156910099089146" lon="137.3263788688928">
        <ele>728.92</ele>
      </trkpt>
      <trkpt lat="36.15696365945041" lon="137.3260535672307">
        <ele>727.23</ele>
      </trkpt>
      <trkpt lat="36.157016633078456" lon="137.32573178596795">
        <ele>725.5</ele>
      </trkpt>
      <trkpt lat="36.1570677626878" lon="137.32540640048683">
        <ele>723.77</ele>
      </trkpt>
      <trkpt lat="36.157118640840054" lon="137.32508218847215">
        <ele>722.02</ele>
      </trkpt>
      <trkpt lat="36.15714428946376" lon="137.32493919320405">
        <ele>720.38</ele>
      </trkpt>
      <trkpt lat="36.15718603134155" lon="137.3247638437897">
        <ele>718.79</ele>
      </trkpt>
      <trkpt lat="36.15723037160933" lon="137.32456712052226">
        <ele>717.19</ele>
      </trkpt>
      <trkpt lat="36.15732458420098" lon="137.32430996373296">
        <ele>715.63</ele>
      </trkpt>
      <trkpt lat="36.15742080844939" lon="137.32403646223247">
        <ele>714.06</ele>
      </trkpt>
      <trkpt lat="36.15751711651683" lon="137.32376304455101">
        <ele>712.52</ele>
      </trkpt>
      <trkpt lat="36.15761292167008" lon="137.32349063269794">
        <ele>711.04</ele>
      </trkpt>
      <trkpt lat="36.157689867541194" lon="137.32329634018242">
        <ele>709.62</ele>
      </trkpt>
      <trkpt lat="36.15777276456356" lon="137.32314026914537">
        <ele>708.28</ele>
      </trkpt>
      <trkpt lat="36.157854152843356" lon="137.323007164523">
        <ele>706.92</ele>
      </trkpt>
      <trkpt lat="36.15794979035854" lon="137.32290096580982">
        <ele>705.6</ele>
      </trkpt>
      <trkpt lat="36.15806923247874" lon="137.32283357530832">
        <ele>704.27</ele>
      </trkpt>
      <trkpt lat="36.15816495381296" lon="137.32281178236008">
        <ele>702.99</ele>
      </trkpt>
      <trkpt lat="36.15824525244534" lon="137.32280666939914">
        <ele>701.78</ele>
      </trkpt>
      <trkpt lat="36.158330999314785" lon="137.32280214317143">
        <ele>700.6</ele>
      </trkpt>
      <trkpt lat="36.158425295725465" lon="137.32282443903387">
        <ele>699.5</ele>
      </trkpt>
      <trkpt lat="36.15850073285401" lon="137.3228575475514">
        <ele>698.47</ele>
      </trkpt>
      <trkpt lat="36.15859695710242" lon="137.32291848398745">
        <ele>697.52</ele>
      </trkpt>
      <trkpt lat="36.15868555381894" lon="137.3230060748756">
        <ele>696.67</ele>
      </trkpt>
      <trkpt lat="36.158726792782545" lon="137.32306575402617">
        <ele>695.87</ele>
      </trkpt>
      <trkpt lat="36.15877985022962" lon="137.32317748479545">
        <ele>695.16</ele>
      </trkpt>
      <trkpt lat="36.158811282366514" lon="137.3232891317457">
        <ele>694.54</ele>
      </trkpt>
      <trkpt lat="36.15883349440992" lon="137.32341938652098">
        <ele>693.96</ele>
      </trkpt>
      <trkpt lat="36.15884279832244" lon="137.32360328547657">
        <ele>693.46</ele>
      </trkpt>
      <trkpt lat="36.15880088880658" lon="137.32397661544383">
        <ele>692.99</ele>
      </trkpt>
      <trkpt lat="36.15875914692879" lon="137.32434843666852">
        <ele>692.6</ele>
      </trkpt>
      <trkpt lat="36.15874213166535" lon="137.32447299174964">
        <ele>692.38</ele>
      </trkpt>
      <trkpt lat="36.15872637368739" lon="137.324645742774">
        <ele>692.24</ele>
      </trkpt>
      <trkpt lat="36.158732660114765" lon="137.3249345831573">
        <ele>692.17</ele>
      </trkpt>
      <trkpt lat="36.158757554367185" lon="137.3252002056688">
        <ele>692.18</ele>
      </trkpt>
      <trkpt lat="36.15878236480057" lon="137.3254647385329">
        <ele>692.25</ele>
      </trkpt>
      <trkpt lat="36.15881790407002" lon="137.32581661082804">
        <ele>692.4</ele>
      </trkpt>
      <trkpt lat="36.158853359520435" lon="137.32616714201868">
        <ele>692.61</ele>
      </trkpt>
      <trkpt lat="36.15887364372611" lon="137.32634131796658">
        <ele>693.0</ele>
      </trkpt>
      <trkpt lat="36.158902645111084" lon="137.3264780268073">
        <ele>693.53</ele>
      </trkpt>
      <trkpt lat="36.158933993428946" lon="137.32659336179495">
        <ele>694.13</ele>
      </trkpt>
      <trkpt lat="36.15900373086333" lon="137.326693944633">
        <ele>694.81</ele>
      </trkpt>
      <trkpt lat="36.15905184298754" lon="137.3267462477088">
        <ele>695.57</ele>
      </trkpt>
      <trkpt lat="36.15914203226566" lon="137.32684942893684">
        <ele>696.36</ele>
      </trkpt>
      <trkpt lat="36.1592280305922" lon="137.3269071802497">
        <ele>697.18</ele>
      </trkpt>
      <trkpt lat="36.15939642302692" lon="137.32696677558124">
        <ele>697.96</ele>
      </trkpt>
      <trkpt lat="36.159505220130086" lon="137.32698052190244">
        <ele>698.84</ele>
      </trkpt>
      <trkpt lat="36.15966506302357" lon="137.32697029598057">
        <ele>699.71</ele>
      </trkpt>
      <trkpt lat="36.15997494198382" lon="137.32690307311714">
        <ele>700.67</ele>
      </trkpt>
      <trkpt lat="36.160130174830556" lon="137.3268693778664">
        <ele>701.77</ele>
      </trkpt>
      <trkpt lat="36.16028624586761" lon="137.32683568261564">
        <ele>702.89</ele>
      </trkpt>
      <trkpt lat="36.16049478761852" lon="137.3267959523946">
        <ele>704.06</ele>
      </trkpt>
      <trkpt lat="36.160703329369426" lon="137.3267563059926">
        <ele>705.37</ele>
      </trkpt>
      <trkpt lat="36.16091329604387" lon="137.32671632431448">
        <ele>706.86</ele>
      </trkpt>
      <trkpt lat="36.160961240530014" lon="137.32667919248343">
        <ele>708.07</ele>
      </trkpt>
      <trkpt lat="36.16126952692866" lon="137.3266183398664">
        <ele>709.72</ele>
      </trkpt>
      <trkpt lat="36.16157772950828" lon="137.3265575710684">
        <ele>711.42</ele>
      </trkpt>
      <trkpt lat="36.16188601590693" lon="137.32649671845138">
        <ele>712.68</ele>
      </trkpt>
      <trkpt lat="36.162197068333626" lon="137.32643536292017">
        <ele>713.5</ele>
      </trkpt>
      <trkpt lat="36.16248121485114" lon="137.32637459412217">
        <ele>714.09</ele>
      </trkpt>
      <trkpt lat="36.162765277549624" lon="137.32631382532418">
        <ele>714.59</ele>
      </trkpt>
      <trkpt lat="36.16305135190487" lon="137.32625263743103">
        <ele>714.95</ele>
      </trkpt>
      <trkpt lat="36.16328118368983" lon="137.3262036871165">
        <ele>715.19</ele>
      </trkpt>
      <trkpt lat="36.16351202130318" lon="137.32615456916392">
        <ele>715.33</ele>
      </trkpt>
      <trkpt lat="36.16374243982136" lon="137.32611483894289">
        <ele>715.37</ele>
      </trkpt>
      <trkpt lat="36.16390655748546" lon="137.32609438709915">
        <ele>715.18</ele>
      </trkpt>
      <trkpt lat="36.164071345701814" lon="137.32607385143638">
        <ele>714.81</ele>
      </trkpt>
      <trkpt lat="36.164307966828346" lon="137.32605507597327">
        <ele>714.26</ele>
      </trkpt>
      <trkpt lat="36.16454467177391" lon="137.32603621669114">
        <ele>713.6</ele>
      </trkpt>
      <trkpt lat="36.16478129290044" lon="137.32601744122803">
        <ele>712.57</ele>
      </trkpt>
      <trkpt lat="36.16502017714083" lon="137.32599849812686">
        <ele>711.28</ele>
      </trkpt>
      <trkpt lat="36.16526937112212" lon="137.32598701491952">
        <ele>709.79</ele>
      </trkpt>
      <trkpt lat="36.16551864892244" lon="137.3259756155312">
        <ele>708.1</ele>
      </trkpt>
      <trkpt lat="36.16576968692243" lon="137.32596413232386">
        <ele>706.34</ele>
      </trkpt>
      <trkpt lat="36.16606037132442" lon="137.3259710893035">
        <ele>704.38</ele>
      </trkpt>
      <trkpt lat="36.16635248064995" lon="137.32597804628313">
        <ele>702.35</ele>
      </trkpt>
      <trkpt lat="36.16648122668266" lon="137.3259861767292">
        <ele>700.47</ele>
      </trkpt>
      <trkpt lat="36.1666951328516" lon="137.32598542235792">
        <ele>698.42</ele>
      </trkpt>
      <trkpt lat="36.16690996102989" lon="137.32598475180566">
        <ele>696.44</ele>
      </trkpt>
      <trkpt lat="36.16715831682086" lon="137.325959187001">
        <ele>694.51</ele>
      </trkpt>
      <trkpt lat="36.16740784607828" lon="137.32593345455825">
        <ele>692.52</ele>
      </trkpt>
      <trkpt lat="36.167436093091965" lon="137.32591752894223">
        <ele>690.64</ele>
      </trkpt>
      <trkpt lat="36.167411701753736" lon="137.32562877237797">
        <ele>688.76</ele>
      </trkpt>
      <trkpt lat="36.16738747805357" lon="137.3253410216421">
        <ele>686.89</ele>
      </trkpt>
      <trkpt lat="36.167351603507996" lon="137.32500448822975">
        <ele>685.03</ele>
      </trkpt>
      <trkpt lat="36.16731598041952" lon="137.32466929592192">
        <ele>683.2</ele>
      </trkpt>
      <trkpt lat="36.16727641783655" lon="137.32433267869055">
        <ele>681.44</ele>
      </trkpt>
      <trkpt lat="36.16723693907261" lon="137.32399731874466">
        <ele>679.7</ele>
      </trkpt>
      <trkpt lat="36.167225539684296" lon="137.32390075922012">
        <ele>677.98</ele>
      </trkpt>
      <trkpt lat="36.16722285747528" lon="137.32376396656036">
        <ele>676.31</ele>
      </trkpt>
      <trkpt lat="36.1672234442085" lon="137.32339306734502">
        <ele>674.62</ele>
      </trkpt>
      <trkpt lat="36.16722394712269" lon="137.32302367687225">
        <ele>672.93</ele>
      </trkpt>
      <trkpt lat="36.167209865525365" lon="137.3229941725731">
        <ele>671.38</ele>
      </trkpt>
      <trkpt lat="36.16718287579715" lon="137.32295922003686">
        <ele>669.88</ele>
      </trkpt>
      <trkpt lat="36.16696058772504" lon="137.3227790929377">
        <ele>668.45</ele>
      </trkpt>
      <trkpt lat="36.166737880557775" lon="137.3225985467434">
        <ele>667.2</ele>
      </trkpt>
      <trkpt lat="36.166708040982485" lon="137.3225723952055">
        <ele>665.9</ele>
      </trkpt>
      <trkpt lat="36.16673452779651" lon="137.32249796390533">
        <ele>664.6</ele>
      </trkpt>
      <trkpt lat="36.16682890802622" lon="137.32216084375978">
        <ele>663.33</ele>
      </trkpt>
      <trkpt lat="36.1669229529798" lon="137.3218247294426">
        <ele>662.2</ele>
      </trkpt>
      <trkpt lat="36.166959749534726" lon="137.32168659567833">
        <ele>661.05</ele>
      </trkpt>
      <trkpt lat="36.167044239118695" lon="137.32150688767433">
        <ele>659.86</ele>
      </trkpt>
      <trkpt lat="36.167063768953085" lon="137.32145324349403">
        <ele>658.8</ele>
      </trkpt>
      <trkpt lat="36.167079946026206" lon="137.32134897261858">
        <ele>657.78</ele>
      </trkpt>
      <trkpt lat="36.16708757355809" lon="137.321223244071">
        <ele>656.82</ele>
      </trkpt>
      <trkpt lat="36.16708975285292" lon="137.32095032930374">
        <ele>655.93</ele>
      </trkpt>
      <trkpt lat="36.16710165515542" lon="137.3206029832363">
        <ele>655.06</ele>
      </trkpt>
      <trkpt lat="36.16713518276811" lon="137.3203267995268">
        <ele>654.21</ele>
      </trkpt>
      <trkpt lat="36.16713736206293" lon="137.32023552060127">
        <ele>653.42</ele>
      </trkpt>
      <trkpt lat="36.16717843338847" lon="137.3200799524784">
        <ele>652.66</ele>
      </trkpt>
      <trkpt lat="36.16727557964623" lon="137.3197942133993">
        <ele>651.92</ele>
      </trkpt>
      <trkpt lat="36.16737239062786" lon="137.31950922869146">
        <ele>651.13</ele>
      </trkpt>
      <trkpt lat="36.16743181832135" lon="137.3192564304918">
        <ele>650.39</ele>
      </trkpt>
      <trkpt lat="36.16745352745056" lon="137.31907873414457">
        <ele>649.71</ele>
      </trkpt>
      <trkpt lat="36.16749241948128" lon="137.31879374943674">
        <ele>649.03</ele>
      </trkpt>
      <trkpt lat="36.16751957684755" lon="137.31858453713357">
        <ele>648.4</ele>
      </trkpt>
      <trkpt lat="36.16751194931567" lon="137.31852427124977">
        <ele>647.83</ele>
      </trkpt>
      <trkpt lat="36.16747297346592" lon="137.31844103895128">
        <ele>647.29</ele>
      </trkpt>
      <trkpt lat="36.16745344363153" lon="137.3183787614107">
        <ele>646.77</ele>
      </trkpt>
      <trkpt lat="36.167459981516004" lon="137.31827759183943">
        <ele>646.27</ele>
      </trkpt>
      <trkpt lat="36.16751689463854" lon="137.31798531487584">
        <ele>645.8</ele>
      </trkpt>
      <trkpt lat="36.16757364012301" lon="137.31769412755966">
        <ele>645.28</ele>
      </trkpt>
      <trkpt lat="36.16759962402284" lon="137.3173762857914">
        <ele>644.77</ele>
      </trkpt>
      <trkpt lat="36.167631559073925" lon="137.31703623197973">
        <ele>644.28</ele>
      </trkpt>
      <trkpt lat="36.16764832288027" lon="137.31680162250996">
        <ele>643.86</ele>
      </trkpt>
      <trkpt lat="36.16766491904855" lon="137.31656793504953">
        <ele>643.46</ele>
      </trkpt>
      <trkpt lat="36.167709259316325" lon="137.31637640856206">
        <ele>643.1</ele>
      </trkpt>
      <trkpt lat="36.16775334812701" lon="137.31618546880782">
        <ele>642.71</ele>
      </trkpt>
      <trkpt lat="36.16781302727759" lon="137.3159288149327">
        <ele>642.36</ele>
      </trkpt>
      <trkpt lat="36.16787270642817" lon="137.3156721610576">
        <ele>642.01</ele>
      </trkpt>
      <trkpt lat="36.167932050302625" lon="137.315416848287">
        <ele>641.65</ele>
      </trkpt>
      <trkpt lat="36.16801871918142" lon="137.3150904569775">
        <ele>641.27</ele>
      </trkpt>
      <trkpt lat="36.16810513660312" lon="137.3147651553154">
        <ele>640.96</ele>
      </trkpt>
      <trkpt lat="36.168217873200774" lon="137.31444865465164">
        <ele>640.63</ele>
      </trkpt>
      <trkpt lat="36.16829968057573" lon="137.31423986144364">
        <ele>640.33</ele>
      </trkpt>
      <trkpt lat="36.16838132031262" lon="137.31403157114983">
        <ele>640.07</ele>
      </trkpt>
      <trkpt lat="36.16849137470126" lon="137.31373753398657">
        <ele>639.8</ele>
      </trkpt>
      <trkpt lat="36.16860117763281" lon="137.31344416737556">
        <ele>639.47</ele>
      </trkpt>
      <trkpt lat="36.16867795586586" lon="137.31324962340295">
        <ele>639.18</ele>
      </trkpt>
      <trkpt lat="36.168715842068195" lon="137.31310612522066">
        <ele>638.9</ele>
      </trkpt>
      <trkpt lat="36.16874727420509" lon="137.31282524764538">
        <ele>638.68</ele>
      </trkpt>
      <trkpt lat="36.16875263862312" lon="137.3126408457756">
        <ele>638.44</ele>
      </trkpt>
      <trkpt lat="36.16877434775233" lon="137.31245309114456">
        <ele>638.16</ele>
      </trkpt>
      <trkpt lat="36.16879924200475" lon="137.31234043836594">
        <ele>637.87</ele>
      </trkpt>
      <trkpt lat="36.16890267468989" lon="137.31207489967346">
        <ele>637.6</ele>
      </trkpt>
      <trkpt lat="36.169007029384375" lon="137.31181606650352">
        <ele>637.34</ele>
      </trkpt>
      <trkpt lat="36.16910459473729" lon="137.31157592497766">
        <ele>637.07</ele>
      </trkpt>
      <trkpt lat="36.169252870604396" lon="137.3113064467907">
        <ele>636.77</ele>
      </trkpt>
      <trkpt lat="36.16928203962743" lon="137.3112266510725">
        <ele>636.55</ele>
      </trkpt>
      <trkpt lat="36.16935797967017" lon="137.3111656308174">
        <ele>636.32</ele>
      </trkpt>
      <trkpt lat="36.16940936073661" lon="137.3112205322832">
        <ele>636.15</ele>
      </trkpt>
      <trkpt lat="36.16946945898235" lon="137.3112688958645">
        <ele>635.98</ele>
      </trkpt>
      <trkpt lat="36.169563671574" lon="137.31130979955196">
        <ele>635.83</ele>
      </trkpt>
      <trkpt lat="36.16962091997266" lon="137.31130518950522">
        <ele>635.68</ele>
      </trkpt>
      <trkpt lat="36.16984614171088" lon="137.31135606765747">
        <ele>635.57</ele>
      </trkpt>
      <trkpt lat="36.170049235224724" lon="137.3114042636007">
        <ele>635.46</ele>
      </trkpt>
      <trkpt lat="36.17025325074792" lon="137.311452627182">
        <ele>635.35</ele>
      </trkpt>
      <trkpt lat="36.17029935121536" lon="137.31147207319736">
        <ele>635.23</ele>
      </trkpt>
      <trkpt lat="36.170296082273126" lon="137.311497554183">
        <ele>635.12</ele>
      </trkpt>
      <trkpt lat="36.1701403465122" lon="137.3114650323987">
        <ele>635.01</ele>
      </trkpt>
      <trkpt lat="36.17000749334693" lon="137.31143661774695">
        <ele>634.9</ele>
      </trkpt>
      <trkpt lat="36.1699487362057" lon="137.3111420776695">
        <ele>634.79</ele>
      </trkpt>
      <trkpt lat="36.169889979064465" lon="137.31084745377302">
        <ele>634.69</ele>
      </trkpt>
      <trkpt lat="36.16983122192323" lon="137.31055282987654">
        <ele>634.57</ele>
      </trkpt>
      <trkpt lat="36.16977288387716" lon="137.31026021763682">
        <ele>634.51</ele>
      </trkpt>
      <trkpt lat="36.16973432712257" lon="137.31009995564818">
        <ele>634.43</ele>
      </trkpt>
      <trkpt lat="36.169721921905875" lon="137.31001219712198">
        <ele>634.35</ele>
      </trkpt>
      <trkpt lat="36.16974572651088" lon="137.30995318852365">
        <ele>634.29</ele>
      </trkpt>
      <trkpt lat="36.16973927244544" lon="137.30986735783517">
        <ele>634.2</ele>
      </trkpt>
      <trkpt lat="36.169721921905875" lon="137.30977348051965">
        <ele>634.1</ele>
      </trkpt>
      <trkpt lat="36.16969811730087" lon="137.30973592959344">
        <ele>634.02</ele>
      </trkpt>
      <trkpt lat="36.169687220826745" lon="137.30970902368426">
        <ele>633.93</ele>
      </trkpt>
      <trkpt lat="36.16965042427182" lon="137.30935094878078">
        <ele>633.83</ele>
      </trkpt>
      <trkpt lat="36.1696342471987" lon="137.3090774472803">
        <ele>633.71</ele>
      </trkpt>
      <trkpt lat="36.16963759995997" lon="137.30901575647295">
        <ele>633.61</ele>
      </trkpt>
      <trkpt lat="36.16963315755129" lon="137.30887359939516">
        <ele>633.5</ele>
      </trkpt>
      <trkpt lat="36.16963533684611" lon="137.3087085597217">
        <ele>633.39</ele>
      </trkpt>
      <trkpt lat="36.16964832879603" lon="137.30870864354074">
        <ele>633.29</ele>
      </trkpt>
      <trkpt lat="36.16983566433191" lon="137.30874217115343">
        <ele>633.21</ele>
      </trkpt>
      <trkpt lat="36.169992573559284" lon="137.3087716754526">
        <ele>633.11</ele>
      </trkpt>
      <trkpt lat="36.16995242424309" lon="137.30908004567027">
        <ele>633.02</ele>
      </trkpt>
      <trkpt lat="36.169912442564964" lon="137.3093872424215">
        <ele>632.97</ele>
      </trkpt>
      <trkpt lat="36.16988645866513" lon="137.30963392183185">
        <ele>632.85</ele>
      </trkpt>
      <trkpt lat="36.16989676840603" lon="137.30984162539244">
        <ele>632.7</ele>
      </trkpt>
      <trkpt lat="36.169907078146935" lon="137.3100484907627">
        <ele>632.53</ele>
      </trkpt>
      <trkpt lat="36.169916884973645" lon="137.3101729620248">
        <ele>632.33</ele>
      </trkpt>
      <trkpt lat="36.170194409787655" lon="137.3102297913283">
        <ele>632.1</ele>
      </trkpt>
      <trkpt lat="36.17047327570617" lon="137.31028695590794">
        <ele>631.85</ele>
      </trkpt>
      <trkpt lat="36.17072272114456" lon="137.31033171527088">
        <ele>631.6</ele>
      </trkpt>
      <trkpt lat="36.17097208276391" lon="137.3103764746338">
        <ele>631.4</ele>
      </trkpt>
      <trkpt lat="36.17122328840196" lon="137.31042156927288">
        <ele>631.19</ele>
      </trkpt>
      <trkpt lat="36.1712746694684" lon="137.3103930708021">
        <ele>630.94</ele>
      </trkpt>
      <trkpt lat="36.17126377299428" lon="137.31025896035135">
        <ele>630.67</ele>
      </trkpt>
      <trkpt lat="36.17131792008877" lon="137.31025627814233">
        <ele>630.39</ele>
      </trkpt>
      <trkpt lat="36.171320183202624" lon="137.31020539999008">
        <ele>630.1</ele>
      </trkpt>
      <trkpt lat="36.17160592228174" lon="137.31026164256036">
        <ele>629.79</ele>
      </trkpt>
      <trkpt lat="36.17163844406605" lon="137.3099458962679">
        <ele>629.48</ele>
      </trkpt>
      <trkpt lat="36.17167088203132" lon="137.30963132344186">
        <ele>629.13</ele>
      </trkpt>
      <trkpt lat="36.171680269762874" lon="137.30937005952">
        <ele>628.77</ele>
      </trkpt>
      <trkpt lat="36.171689657494426" lon="137.30910871177912">
        <ele>628.4</ele>
      </trkpt>
      <trkpt lat="36.171698961406946" lon="137.30884895659983">
        <ele>628.05</ele>
      </trkpt>
      <trkpt lat="36.17170876823366" lon="137.30878818780184">
        <ele>627.71</ele>
      </trkpt>
      <trkpt lat="36.17173156701028" lon="137.30876916088164">
        <ele>627.38</ele>
      </trkpt>
      <trkpt lat="36.17177481763065" lon="137.30877838097513">
        <ele>627.05</ele>
      </trkpt>
      <trkpt lat="36.171941198408604" lon="137.3088211286813">
        <ele>626.74</ele>
      </trkpt>
      <trkpt lat="36.17210824973881" lon="137.30886412784457">
        <ele>626.41</ele>
      </trkpt>
      <trkpt lat="36.17213859222829" lon="137.30871392413974">
        <ele>626.1</ele>
      </trkpt>
      <trkpt lat="36.172198606655" lon="137.30835752561688">
        <ele>625.8</ele>
      </trkpt>
      <trkpt lat="36.17225853726268" lon="137.308001043275">
        <ele>625.46</ele>
      </trkpt>
      <trkpt lat="36.17231821641326" lon="137.30764657258987">
        <ele>625.17</ele>
      </trkpt>
      <trkpt lat="36.17238803766668" lon="137.3076640907675">
        <ele>624.91</ele>
      </trkpt>
      <trkpt lat="36.17252206429839" lon="137.3076902423054">
        <ele>624.66</ele>
      </trkpt>
      <trkpt lat="36.17253681644797" lon="137.3076278809458">
        <ele>624.45</ele>
      </trkpt>
      <trkpt lat="36.17276388220489" lon="137.30768579989672">
        <ele>624.23</ele>
      </trkpt>
      <trkpt lat="36.17299094796181" lon="137.30774380266666">
        <ele>624.06</ele>
      </trkpt>
      <trkpt lat="36.17321943864226" lon="137.30780214071274">
        <ele>623.93</ele>
      </trkpt>
      <trkpt lat="36.17339755408466" lon="137.30785377323627">
        <ele>623.83</ele>
      </trkpt>
      <trkpt lat="36.173613388091326" lon="137.30792778544128">
        <ele>623.78</ele>
      </trkpt>
      <trkpt lat="36.17383006028831" lon="137.30800204910338">
        <ele>623.74</ele>
      </trkpt>
      <trkpt lat="36.174096604809165" lon="137.30809240601957">
        <ele>623.67</ele>
      </trkpt>
      <trkpt lat="36.17436423897743" lon="137.30818309821188">
        <ele>623.59</ele>
      </trkpt>
      <trkpt lat="36.17463137023151" lon="137.30826934799552">
        <ele>623.62</ele>
      </trkpt>
      <trkpt lat="36.17489967495203" lon="137.3083560168743">
        <ele>623.72</ele>
      </trkpt>
      <trkpt lat="36.175099248066545" lon="137.30842030607164">
        <ele>623.9</ele>
      </trkpt>
      <trkpt lat="36.175299659371376" lon="137.30848476290703">
        <ele>624.13</ele>
      </trkpt>
      <trkpt lat="36.17551490664482" lon="137.30855240486562">
        <ele>624.42</ele>
      </trkpt>
      <trkpt lat="36.175731075927615" lon="137.3086202982813">
        <ele>624.81</ele>
      </trkpt>
      <trkpt lat="36.17582797072828" lon="137.30864502489567">
        <ele>625.29</ele>
      </trkpt>
      <trkpt lat="36.17589552886784" lon="137.30864577926695">
        <ele>625.78</ele>
      </trkpt>
      <trkpt lat="36.17598596960306" lon="137.30862826108932">
        <ele>626.31</ele>
      </trkpt>
      <trkpt lat="36.17606802843511" lon="137.30859138071537">
        <ele>626.89</ele>
      </trkpt>
      <trkpt lat="36.17615754716098" lon="137.30853036046028">
        <ele>627.56</ele>
      </trkpt>
      <trkpt lat="36.17623172700405" lon="137.30845391750336">
        <ele>628.23</ele>
      </trkpt>
      <trkpt lat="36.176273385062814" lon="137.30839365161955">
        <ele>628.88</ele>
      </trkpt>
      <trkpt lat="36.17633298039436" lon="137.3082983493805">
        <ele>629.56</ele>
      </trkpt>
      <trkpt lat="36.17644906975329" lon="137.30800992809236">
        <ele>630.41</ele>
      </trkpt>
      <trkpt lat="36.17656524293125" lon="137.30772150680423">
        <ele>631.23</ele>
      </trkpt>
      <trkpt lat="36.176680997014046" lon="137.30743409134448">
        <ele>631.95</ele>
      </trkpt>
      <trkpt lat="36.17676079273224" lon="137.30722043663263">
        <ele>632.62</ele>
      </trkpt>
      <trkpt lat="36.176876462996006" lon="137.30693394318223">
        <ele>633.32</ele>
      </trkpt>
      <trkpt lat="36.17697486653924" lon="137.30669036507607">
        <ele>634.01</ele>
      </trkpt>
      <trkpt lat="36.17702046409249" lon="137.30654736980796">
        <ele>634.68</ele>
      </trkpt>
      <trkpt lat="36.177055751904845" lon="137.30639004148543">
        <ele>635.34</ele>
      </trkpt>
      <trkpt lat="36.1770823225379" lon="137.3062837589532">
        <ele>635.94</ele>
      </trkpt>
      <trkpt lat="36.17710277438164" lon="137.30607395991683">
        <ele>636.51</ele>
      </trkpt>
      <trkpt lat="36.17712867446244" lon="137.30577439069748">
        <ele>636.99</ele>
      </trkpt>
      <trkpt lat="36.177148623391986" lon="137.3056406993419">
        <ele>637.43</ele>
      </trkpt>
      <trkpt lat="36.17716949433088" lon="137.30554229579866">
        <ele>637.81</ele>
      </trkpt>
      <trkpt lat="36.17721626535058" lon="137.305368790403">
        <ele>638.16</ele>
      </trkpt>
      <trkpt lat="36.17728776298463" lon="137.30522864498198">
        <ele>638.41</ele>
      </trkpt>
      <trkpt lat="36.17737057618797" lon="137.30509042739868">
        <ele>638.58</ele>
      </trkpt>
      <trkpt lat="36.177406534552574" lon="137.30498389340937">
        <ele>638.67</ele>
      </trkpt>
      <trkpt lat="36.177524887025356" lon="137.3048517946154">
        <ele>638.71</ele>
      </trkpt>
      <trkpt lat="36.17757308296859" lon="137.3048457596451">
        <ele>638.71</ele>
      </trkpt>
      <trkpt lat="36.17763108573854" lon="137.30482103303075">
        <ele>638.65</ele>
      </trkpt>
      <trkpt lat="36.17774055339396" lon="137.3047394771129">
        <ele>638.51</ele>
      </trkpt>
      <trkpt lat="36.17797214537859" lon="137.3045251518488">
        <ele>638.26</ele>
      </trkpt>
      <trkpt lat="36.178204072639346" lon="137.3043105751276">
        <ele>637.9</ele>
      </trkpt>
      <trkpt lat="36.17842166684568" lon="137.30411963537335">
        <ele>637.5</ele>
      </trkpt>
      <trkpt lat="36.17863917723298" lon="137.3039286956191">
        <ele>637.1</ele>
      </trkpt>
      <trkpt lat="36.178857358172536" lon="137.30373725295067">
        <ele>636.64</ele>
      </trkpt>
      <trkpt lat="36.17907294072211" lon="137.30354027822614">
        <ele>636.08</ele>
      </trkpt>
      <trkpt lat="36.17928860709071" lon="137.3033433035016">
        <ele>635.47</ele>
      </trkpt>
      <trkpt lat="36.179504776373506" lon="137.30314582586288">
        <ele>634.74</ele>
      </trkpt>
      <trkpt lat="36.17952095344663" lon="137.30308815836906">
        <ele>634.02</ele>
      </trkpt>
      <trkpt lat="36.17968875914812" lon="137.30277702212334">
        <ele>633.21</ele>
      </trkpt>
      <trkpt lat="36.17972346022725" lon="137.3026859946549">
        <ele>632.38</ele>
      </trkpt>
      <trkpt lat="36.17981432005763" lon="137.3025168478489">
        <ele>631.5</ele>
      </trkpt>
      <trkpt lat="36.17996854707599" lon="137.30223957449198">
        <ele>630.57</ele>
      </trkpt>
      <trkpt lat="36.18012269027531" lon="137.30196230113506">
        <ele>629.68</ele>
      </trkpt>
      <trkpt lat="36.18027658201754" lon="137.3016854468733">
        <ele>628.67</ele>
      </trkpt>
      <trkpt lat="36.1804220918566" lon="137.30141705833375">
        <ele>627.48</ele>
      </trkpt>
      <trkpt lat="36.18056768551469" lon="137.3011486697942">
        <ele>626.39</ele>
      </trkpt>
      <trkpt lat="36.18071327917278" lon="137.30088019743562">
        <ele>625.31</ele>
      </trkpt>
      <trkpt lat="36.18085887283087" lon="137.30061180889606">
        <ele>624.12</ele>
      </trkpt>
      <trkpt lat="36.18100396357477" lon="137.30034425854683">
        <ele>622.99</ele>
      </trkpt>
      <trkpt lat="36.181118628010154" lon="137.30015382170677">
        <ele>621.9</ele>
      </trkpt>
      <trkpt lat="36.18122692219913" lon="137.29996212758124">
        <ele>620.77</ele>
      </trkpt>
      <trkpt lat="36.18130059912801" lon="137.29981653392315">
        <ele>619.62</ele>
      </trkpt>
      <trkpt lat="36.18136555887759" lon="137.29967404156923">
        <ele>618.48</ele>
      </trkpt>
      <trkpt lat="36.1814099829644" lon="137.299551833421">
        <ele>617.37</ele>
      </trkpt>
      <trkpt lat="36.181433787569404" lon="137.2994323913008">
        <ele>616.3</ele>
      </trkpt>
      <trkpt lat="36.18144107982516" lon="137.29931764304638">
        <ele>615.28</ele>
      </trkpt>
      <trkpt lat="36.1814374756068" lon="137.29914665222168">
        <ele>614.29</ele>
      </trkpt>
      <trkpt lat="36.181430853903294" lon="137.29878547601402">
        <ele>613.35</ele>
      </trkpt>
      <trkpt lat="36.181424148380756" lon="137.2984243836254">
        <ele>612.34</ele>
      </trkpt>
      <trkpt lat="36.18141752667725" lon="137.29806320741773">
        <ele>611.28</ele>
      </trkpt>
      <trkpt lat="36.18141098879278" lon="137.29770496487617">
        <ele>610.33</ele>
      </trkpt>
      <trkpt lat="36.18142079561949" lon="137.29758962988853">
        <ele>609.41</ele>
      </trkpt>
      <trkpt lat="36.18144233711064" lon="137.29744755662978">
        <ele>608.53</ele>
      </trkpt>
      <trkpt lat="36.18149279616773" lon="137.2971391864121">
        <ele>607.68</ele>
      </trkpt>
      <trkpt lat="36.18154317140579" lon="137.29683081619442">
        <ele>606.82</ele>
      </trkpt>
      <trkpt lat="36.181593630462885" lon="137.29652244597673">
        <ele>606.07</ele>
      </trkpt>
      <trkpt lat="36.18164367042482" lon="137.2962163388729">
        <ele>605.34</ele>
      </trkpt>
      <trkpt lat="36.181684574112296" lon="137.2959715873003">
        <ele>604.68</ele>
      </trkpt>
      <trkpt lat="36.18168868124485" lon="137.29587703943253">
        <ele>604.04</ele>
      </trkpt>
      <trkpt lat="36.181690441444516" lon="137.29580126702785">
        <ele>603.46</ele>
      </trkpt>
      <trkpt lat="36.18168381974101" lon="137.29565743356943">
        <ele>602.95</ele>
      </trkpt>
      <trkpt lat="36.181671833619475" lon="137.2954787313938">
        <ele>602.48</ele>
      </trkpt>
      <trkpt lat="36.181649370118976" lon="137.2952355723828">
        <ele>602.04</ele>
      </trkpt>
      <trkpt lat="36.18162699043751" lon="137.29499325156212">
        <ele>601.69</ele>
      </trkpt>
      <trkpt lat="36.18160067126155" lon="137.2947500925511">
        <ele>601.39</ele>
      </trkpt>
      <trkpt lat="36.18157443590462" lon="137.29450785554945">
        <ele>601.16</ele>
      </trkpt>
      <trkpt lat="36.18155708536506" lon="137.29428950697184">
        <ele>601.02</ele>
      </trkpt>
      <trkpt lat="36.18153973482549" lon="137.29407199658453">
        <ele>600.95</ele>
      </trkpt>
      <trkpt lat="36.181555576622486" lon="137.29386479593813">
        <ele>600.98</ele>
      </trkpt>
      <trkpt lat="36.18158608675003" lon="137.2936538234353">
        <ele>601.08</ele>
      </trkpt>
      <trkpt lat="36.1816533934325" lon="137.2934143524617">
        <ele>601.29</ele>
      </trkpt>
      <trkpt lat="36.18174232542515" lon="137.29312718845904">
        <ele>601.6</ele>
      </trkpt>
      <trkpt lat="36.181831089779735" lon="137.2928408626467">
        <ele>602.07</ele>
      </trkpt>
      <trkpt lat="36.18191817775369" lon="137.29254808276892">
        <ele>602.62</ele>
      </trkpt>
      <trkpt lat="36.18200534954667" lon="137.2922552190721">
        <ele>603.23</ele>
      </trkpt>
      <trkpt lat="36.182092521339655" lon="137.29196243919432">
        <ele>603.92</ele>
      </trkpt>
      <trkpt lat="36.18217919021845" lon="137.29167133569717">
        <ele>604.76</ele>
      </trkpt>
      <trkpt lat="36.18219645693898" lon="137.29156999848783">
        <ele>605.68</ele>
      </trkpt>
      <trkpt lat="36.18229846470058" lon="137.29165432043374">
        <ele>606.82</ele>
      </trkpt>
      <trkpt lat="36.182510778307915" lon="137.2917440906167">
        <ele>608.19</ele>
      </trkpt>
      <trkpt lat="36.18256668560207" lon="137.29176294989884">
        <ele>609.54</ele>
      </trkpt>
      <trkpt lat="36.18262242525816" lon="137.29175792075694">
        <ele>610.97</ele>
      </trkpt>
      <trkpt lat="36.182744884863496" lon="137.29170754551888">
        <ele>612.54</ele>
      </trkpt>
      <trkpt lat="36.182819148525596" lon="137.29165096767247">
        <ele>614.18</ele>
      </trkpt>
      <trkpt lat="36.18302031420171" lon="137.29138257913291">
        <ele>616.01</ele>
      </trkpt>
      <trkpt lat="36.18322147987783" lon="137.2911142744124">
        <ele>617.99</ele>
      </trkpt>
      <trkpt lat="36.183312674984336" lon="137.29091956280172">
        <ele>619.95</ele>
      </trkpt>
      <trkpt lat="36.18334368802607" lon="137.29083063080907">
        <ele>621.93</ele>
      </trkpt>
      <trkpt lat="36.183360535651445" lon="137.290756450966">
        <ele>623.97</ele>
      </trkpt>
      <trkpt lat="36.1833799816668" lon="137.2906290460378">
        <ele>626.08</ele>
      </trkpt>
      <trkpt lat="36.18340806104243" lon="137.2905122861266">
        <ele>628.28</ele>
      </trkpt>
      <trkpt lat="36.183443516492844" lon="137.2904220968485">
        <ele>630.6</ele>
      </trkpt>
      <trkpt lat="36.18348442018032" lon="137.29038412682712">
        <ele>633.01</ele>
      </trkpt>
      <trkpt lat="36.183592630550265" lon="137.29033215902746">
        <ele>635.56</ele>
      </trkpt>
      <trkpt lat="36.18365105241537" lon="137.29031229391694">
        <ele>638.14</ele>
      </trkpt>
      <trkpt lat="36.18370972573757" lon="137.29032746516168">
        <ele>640.81</ele>
      </trkpt>
      <trkpt lat="36.183885326609015" lon="137.29056886397302">
        <ele>643.87</ele>
      </trkpt>
      <trkpt lat="36.18403695523739" lon="137.2908520884812">
        <ele>646.97</ele>
      </trkpt>
      <trkpt lat="36.184039218351245" lon="137.2909712791443">
        <ele>649.88</ele>
      </trkpt>
      <trkpt lat="36.1839983984828" lon="137.2910904698074">
        <ele>652.75</ele>
      </trkpt>
      <trkpt lat="36.18392522446811" lon="137.2913920506835">
        <ele>655.64</ele>
      </trkpt>
      <trkpt lat="36.18394089862704" lon="137.29144292883575">
        <ele>658.57</ele>
      </trkpt>
      <trkpt lat="36.18410895578563" lon="137.29168575257063">
        <ele>661.72</ele>
      </trkpt>
      <trkpt lat="36.18427692912519" lon="137.29192849248648">
        <ele>664.8</ele>
      </trkpt>
      <trkpt lat="36.18442252278328" lon="137.29208020493388">
        <ele>667.87</ele>
      </trkpt>
      <trkpt lat="36.18456828407943" lon="137.29223216883838">
        <ele>670.93</ele>
      </trkpt>
      <trkpt lat="36.18465377949178" lon="137.29225077666342">
        <ele>673.93</ele>
      </trkpt>
      <trkpt lat="36.18477598764002" lon="137.29222646914423">
        <ele>676.96</ele>
      </trkpt>
      <trkpt lat="36.18484949693084" lon="137.29219662956893">
        <ele>679.96</ele>
      </trkpt>
      <trkpt lat="36.18494387716055" lon="137.29215463623405">
        <ele>682.97</ele>
      </trkpt>
      <trkpt lat="36.18511838838458" lon="137.29199999012053">
        <ele>685.97</ele>
      </trkpt>
      <trkpt lat="36.185189466923475" lon="137.29196193628013">
        <ele>688.92</ele>
      </trkpt>
      <trkpt lat="36.18544737808406" lon="137.2918958030641">
        <ele>692.04</ele>
      </trkpt>
      <trkpt lat="36.185706378892064" lon="137.29182933457196">
        <ele>695.14</ele>
      </trkpt>
      <trkpt lat="36.1859377194196" lon="137.29170612059534">
        <ele>698.09</ele>
      </trkpt>
      <trkpt lat="36.18616989813745" lon="137.29158248752356">
        <ele>700.9</ele>
      </trkpt>
      <trkpt lat="36.18628456257284" lon="137.29154141619802">
        <ele>703.68</ele>
      </trkpt>
      <trkpt lat="36.18645337410271" lon="137.29152465239167">
        <ele>706.48</ele>
      </trkpt>
      <trkpt lat="36.18662495166063" lon="137.29146027937531">
        <ele>709.27</ele>
      </trkpt>
      <trkpt lat="36.18679376319051" lon="137.29134955443442">
        <ele>712.1</ele>
      </trkpt>
      <trkpt lat="36.186964670196176" lon="137.29120136238635">
        <ele>714.89</ele>
      </trkpt>
      <trkpt lat="36.18714228272438" lon="137.29101059027016">
        <ele>717.64</ele>
      </trkpt>
      <trkpt lat="36.18731603957713" lon="137.29073298163712">
        <ele>720.14</ele>
      </trkpt>
      <trkpt lat="36.18748962879181" lon="137.29045554064214">
        <ele>722.58</ele>
      </trkpt>
      <trkpt lat="36.187517289072275" lon="137.29039669968188">
        <ele>724.9</ele>
      </trkpt>
      <trkpt lat="36.187527598813176" lon="137.29034305550158">
        <ele>727.11</ele>
      </trkpt>
      <trkpt lat="36.18753715418279" lon="137.29024305939674">
        <ele>729.2</ele>
      </trkpt>
      <trkpt lat="36.18752785027027" lon="137.29018237441778">
        <ele>731.23</ele>
      </trkpt>
      <trkpt lat="36.18750345893204" lon="137.2901403810829">
        <ele>733.19</ele>
      </trkpt>
      <trkpt lat="36.187460627406836" lon="137.2900846414268">
        <ele>735.06</ele>
      </trkpt>
      <trkpt lat="36.187370270490646" lon="137.2900449950248">
        <ele>736.84</ele>
      </trkpt>
      <trkpt lat="36.187288044020534" lon="137.29001213796437">
        <ele>738.61</ele>
      </trkpt>
      <trkpt lat="36.18723406456411" lon="137.289979448542">
        <ele>740.35</ele>
      </trkpt>
      <trkpt lat="36.18719785474241" lon="137.289918679744">
        <ele>742.08</ele>
      </trkpt>
      <trkpt lat="36.187181174755096" lon="137.28983636945486">
        <ele>743.8</ele>
      </trkpt>
      <trkpt lat="36.187190394848585" lon="137.28974458761513">
        <ele>745.52</ele>
      </trkpt>
      <trkpt lat="36.18723842315376" lon="137.28966345079243">
        <ele>747.2</ele>
      </trkpt>
      <trkpt lat="36.187469847500324" lon="137.28941316716373">
        <ele>749.11</ele>
      </trkpt>
      <trkpt lat="36.18762851692736" lon="137.28912709280849">
        <ele>751.06</ele>
      </trkpt>
      <trkpt lat="36.18766556493938" lon="137.28902525268495">
        <ele>752.7</ele>
      </trkpt>
      <trkpt lat="36.18767009116709" lon="137.28897973895073">
        <ele>754.27</ele>
      </trkpt>
      <trkpt lat="36.18766472674906" lon="137.28894352912903">
        <ele>755.79</ele>
      </trkpt>
      <trkpt lat="36.18764469400048" lon="137.28887664154172">
        <ele>757.31</ele>
      </trkpt>
      <trkpt lat="36.18762155994773" lon="137.28884453885257">
        <ele>758.78</ele>
      </trkpt>
      <trkpt lat="36.187592055648565" lon="137.2888419404626">
        <ele>760.22</ele>
      </trkpt>
      <trkpt lat="36.18755802512169" lon="137.2888448741287">
        <ele>761.65</ele>
      </trkpt>
      <trkpt lat="36.187327187508345" lon="137.28895233012736">
        <ele>762.85</ele>
      </trkpt>
      <trkpt lat="36.187159130349755" lon="137.28906355798244">
        <ele>764.16</ele>
      </trkpt>
      <trkpt lat="36.18705661967397" lon="137.2890922240913">
        <ele>765.61</ele>
      </trkpt>
      <trkpt lat="36.1870083399117" lon="137.28909951634705">
        <ele>767.13</ele>
      </trkpt>
      <trkpt lat="36.186939189210534" lon="137.289022738114">
        <ele>768.67</ele>
      </trkpt>
      <trkpt lat="36.18690884672105" lon="137.28893514722586">
        <ele>770.24</ele>
      </trkpt>
      <trkpt lat="36.18689049035311" lon="137.28882785886526">
        <ele>771.86</ele>
      </trkpt>
      <trkpt lat="36.18692929856479" lon="137.28873448446393">
        <ele>773.56</ele>
      </trkpt>
      <trkpt lat="36.187106324359775" lon="137.28867991827428">
        <ele>775.46</ele>
      </trkpt>
      <trkpt lat="36.187284188345075" lon="137.28862518444657">
        <ele>777.33</ele>
      </trkpt>
      <trkpt lat="36.187484515830874" lon="137.28855351917446">
        <ele>779.23</ele>
      </trkpt>
      <trkpt lat="36.18768576532602" lon="137.2884815186262">
        <ele>781.11</ele>
      </trkpt>
      <trkpt lat="36.18787653744221" lon="137.28837096132338">
        <ele>783.07</ele>
      </trkpt>
      <trkpt lat="36.188067980110645" lon="137.28826006874442">
        <ele>785.2</ele>
      </trkpt>
      <trkpt lat="36.188279120251536" lon="137.2882037423551">
        <ele>787.23</ele>
      </trkpt>
      <trkpt lat="36.1884986422956" lon="137.28820038959384">
        <ele>789.18</ele>
      </trkpt>
      <trkpt lat="36.188731491565704" lon="137.28827389888465">
        <ele>791.02</ele>
      </trkpt>
      <trkpt lat="36.188777927309275" lon="137.28832938708365">
        <ele>792.72</ele>
      </trkpt>
      <trkpt lat="36.1887816991657" lon="137.2884183190763">
        <ele>794.36</ele>
      </trkpt>
      <trkpt lat="36.188718751072884" lon="137.28860297240317">
        <ele>795.9</ele>
      </trkpt>
      <trkpt lat="36.18861045688391" lon="137.28877413086593">
        <ele>797.31</ele>
      </trkpt>
      <trkpt lat="36.18857097811997" lon="137.2888982668519">
        <ele>798.76</ele>
      </trkpt>
      <trkpt lat="36.18856796063483" lon="137.28898049332201">
        <ele>800.27</ele>
      </trkpt>
      <trkpt lat="36.1885866522789" lon="137.289046542719">
        <ele>801.82</ele>
      </trkpt>
      <trkpt lat="36.18871254846454" lon="137.28918224573135">
        <ele>803.46</ele>
      </trkpt>
      <trkpt lat="36.18881296366453" lon="137.28921216912568">
        <ele>805.11</ele>
      </trkpt>
      <trkpt lat="36.18891346268356" lon="137.28921527042985">
        <ele>806.77</ele>
      </trkpt>
      <trkpt lat="36.18903852067888" lon="137.2891437727958">
        <ele>808.42</ele>
      </trkpt>
      <trkpt lat="36.18920775130391" lon="137.28911343030632">
        <ele>810.01</ele>
      </trkpt>
      <trkpt lat="36.189342364668846" lon="137.28915466926992">
        <ele>811.48</ele>
      </trkpt>
      <trkpt lat="36.18939097970724" lon="137.289220970124">
        <ele>812.85</ele>
      </trkpt>
      <trkpt lat="36.18937086313963" lon="137.2893988341093">
        <ele>814.11</ele>
      </trkpt>
      <trkpt lat="36.18928913958371" lon="137.2896115668118">
        <ele>815.24</ele>
      </trkpt>
      <trkpt lat="36.1892896424979" lon="137.28965406306088">
        <ele>816.4</ele>
      </trkpt>
      <trkpt lat="36.189304227009416" lon="137.2896858304739">
        <ele>817.55</ele>
      </trkpt>
      <trkpt lat="36.18934043683112" lon="137.28970762342215">
        <ele>818.68</ele>
      </trkpt>
      <trkpt lat="36.18938854895532" lon="137.2896998282522">
        <ele>819.76</ele>
      </trkpt>
      <trkpt lat="36.18942626751959" lon="137.28961592540145">
        <ele>820.78</ele>
      </trkpt>
      <trkpt lat="36.189442444592714" lon="137.28950226679444">
        <ele>821.71</ele>
      </trkpt>
      <trkpt lat="36.18952668271959" lon="137.28928769007325">
        <ele>822.68</ele>
      </trkpt>
      <trkpt lat="36.189579321071506" lon="137.28920102119446">
        <ele>823.58</ele>
      </trkpt>
      <trkpt lat="36.18957999162376" lon="137.28913153521717">
        <ele>824.38</ele>
      </trkpt>
      <trkpt lat="36.18955166079104" lon="137.28904503397644">
        <ele>825.12</ele>
      </trkpt>
      <trkpt lat="36.18946096859872" lon="137.28890153579414">
        <ele>825.77</ele>
      </trkpt>
      <trkpt lat="36.18937974795699" lon="137.28882576338947">
        <ele>826.4</ele>
      </trkpt>
      <trkpt lat="36.189286625012755" lon="137.28865074925125">
        <ele>827.01</ele>
      </trkpt>
      <trkpt lat="36.18950128555298" lon="137.28851596824825">
        <ele>827.87</ele>
      </trkpt>
      <trkpt lat="36.189663810655475" lon="137.28843298740685">
        <ele>828.66</ele>
      </trkpt>
      <trkpt lat="36.18982683867216" lon="137.28834975510836">
        <ele>829.5</ele>
      </trkpt>
      <trkpt lat="36.189855923876166" lon="137.2884066682309">
        <ele>830.06</ele>
      </trkpt>
      <trkpt lat="36.1898956540972" lon="137.2886955924332">
        <ele>830.52</ele>
      </trkpt>
      <trkpt lat="36.18993395939469" lon="137.28885618969798">
        <ele>831.02</ele>
      </trkpt>
      <trkpt lat="36.18994879536331" lon="137.2889323811978">
        <ele>831.49</ele>
      </trkpt>
      <trkpt lat="36.18994846008718" lon="137.2890341375023">
        <ele>831.92</ele>
      </trkpt>
      <trkpt lat="36.189951561391354" lon="137.28916087187827">
        <ele>832.32</ele>
      </trkpt>
      <trkpt lat="36.18992507457733" lon="137.28927469812334">
        <ele>832.73</ele>
      </trkpt>
      <trkpt lat="36.18993882089853" lon="137.2893805615604">
        <ele>833.16</ele>
      </trkpt>
      <trkpt lat="36.18996245786548" lon="137.28947293013334">
        <ele>833.55</ele>
      </trkpt>
      <trkpt lat="36.19001777842641" lon="137.28954132646322">
        <ele>833.97</ele>
      </trkpt>
      <trkpt lat="36.19021391496062" lon="137.28955381549895">
        <ele>834.48</ele>
      </trkpt>
      <trkpt lat="36.190410973504186" lon="137.2895663883537">
        <ele>834.97</ele>
      </trkpt>
      <trkpt lat="36.19048481807113" lon="137.2895711660385">
        <ele>835.47</ele>
      </trkpt>
      <trkpt lat="36.190553130581975" lon="137.2896001674235">
        <ele>835.96</ele>
      </trkpt>
      <trkpt lat="36.190599985420704" lon="137.2896686475724">
        <ele>836.43</ele>
      </trkpt>
      <trkpt lat="36.19061314500868" lon="137.28975581936538">
        <ele>836.91</ele>
      </trkpt>
      <trkpt lat="36.19057869538665" lon="137.2898203600198">
        <ele>837.42</ele>
      </trkpt>
      <trkpt lat="36.19054793380201" lon="137.28985933586955">
        <ele>838.01</ele>
      </trkpt>
      <trkpt lat="36.190515076741576" lon="137.2898742556572">
        <ele>838.67</ele>
      </trkpt>
      <trkpt lat="36.19036906398833" lon="137.2899408917874">
        <ele>839.32</ele>
      </trkpt>
      <trkpt lat="36.190341068431735" lon="137.28997668251395">
        <ele>840.07</ele>
      </trkpt>
      <trkpt lat="36.190357245504856" lon="137.290027057752">
        <ele>840.86</ele>
      </trkpt>
      <trkpt lat="36.1904345266521" lon="137.29005153290927">
        <ele>841.68</ele>
      </trkpt>
      <trkpt lat="36.190626472234726" lon="137.29004440829158">
        <ele>842.59</ele>
      </trkpt>
      <trkpt lat="36.19081925600767" lon="137.29003719985485">
        <ele>843.61</ele>
      </trkpt>
      <trkpt lat="36.19101363234222" lon="137.29001599363983">
        <ele>844.73</ele>
      </trkpt>
      <trkpt lat="36.191208930686116" lon="137.28999461978674">
        <ele>845.93</ele>
      </trkpt>
      <trkpt lat="36.191469859331846" lon="137.28988632559776">
        <ele>847.27</ele>
      </trkpt>
      <trkpt lat="36.19174235500395" lon="137.28974936529994">
        <ele>848.57</ele>
      </trkpt>
      <trkpt lat="36.19192499667406" lon="137.28973838500679">
        <ele>849.7</ele>
      </trkpt>
      <trkpt lat="36.19206874631345" lon="137.28972405195236">
        <ele>850.84</ele>
      </trkpt>
      <trkpt lat="36.19223571382463" lon="137.28959371335804">
        <ele>852.04</ele>
      </trkpt>
      <trkpt lat="36.192403016611934" lon="137.2894630394876">
        <ele>853.25</ele>
      </trkpt>
      <trkpt lat="36.192516423761845" lon="137.2894506342709">
        <ele>854.39</ele>
      </trkpt>
      <trkpt lat="36.19270241819322" lon="137.2896440885961">
        <ele>855.42</ele>
      </trkpt>
      <trkpt lat="36.192786656320095" lon="137.2898375429213">
        <ele>856.42</ele>
      </trkpt>
      <trkpt lat="36.19293727912009" lon="137.2901018243283">
        <ele>857.4</ele>
      </trkpt>
      <trkpt lat="36.19310952723026" lon="137.29027507826686">
        <ele>858.48</ele>
      </trkpt>
      <trkpt lat="36.19338939897716" lon="137.29033215902746">
        <ele>859.75</ele>
      </trkpt>
      <trkpt lat="36.19348025880754" lon="137.2904329933226">
        <ele>860.73</ele>
      </trkpt>
      <trkpt lat="36.19346902705729" lon="137.29066064581275">
        <ele>861.51</ele>
      </trkpt>
      <trkpt lat="36.19345352053642" lon="137.29084135964513">
        <ele>862.22</ele>
      </trkpt>
      <trkpt lat="36.193467350676656" lon="137.29090665467083">
        <ele>862.97</ele>
      </trkpt>
      <trkpt lat="36.19358100928366" lon="137.2911261767149">
        <ele>863.8</ele>
      </trkpt>
      <trkpt lat="36.19369466789067" lon="137.29134569875896">
        <ele>864.62</ele>
      </trkpt>
      <trkpt lat="36.19380807504058" lon="137.29156471788883">
        <ele>865.36</ele>
      </trkpt>
      <trkpt lat="36.19382567703724" lon="137.2916565835476">
        <ele>865.83</ele>
      </trkpt>
      <trkpt lat="36.19382685050368" lon="137.29177082888782">
        <ele>866.21</ele>
      </trkpt>
      <trkpt lat="36.19380757212639" lon="137.29190125130117">
        <ele>866.48</ele>
      </trkpt>
      <trkpt lat="36.19376574642956" lon="137.2921275626868">
        <ele>866.64</ele>
      </trkpt>
      <trkpt lat="36.19374454021454" lon="137.29227164760232">
        <ele>866.7</ele>
      </trkpt>
      <trkpt lat="36.19374747388065" lon="137.2923865634948">
        <ele>866.7</ele>
      </trkpt>
      <trkpt lat="36.193789299577475" lon="137.29246669448912">
        <ele>866.67</ele>
      </trkpt>
      <trkpt lat="36.19390731677413" lon="137.2926719672978">
        <ele>866.58</ele>
      </trkpt>
      <trkpt lat="36.193909496068954" lon="137.2927372623235">
        <ele>866.32</ele>
      </trkpt>
      <trkpt lat="36.19388225488365" lon="137.29282267391682">
        <ele>865.93</ele>
      </trkpt>
      <trkpt lat="36.19377044029534" lon="137.2929600533098">
        <ele>865.41</ele>
      </trkpt>
      <trkpt lat="36.19362627156079" lon="137.2931067366153">
        <ele>864.8</ele>
      </trkpt>
      <trkpt lat="36.19348662905395" lon="137.29329574853182">
        <ele>864.17</ele>
      </trkpt>
      <trkpt lat="36.193318320438266" lon="137.29343296028674">
        <ele>863.27</ele>
      </trkpt>
      <trkpt lat="36.19321731850505" lon="137.29355215094984">
        <ele>862.46</ele>
      </trkpt>
      <trkpt lat="36.19320088997483" lon="137.29362063109875">
        <ele>861.65</ele>
      </trkpt>
      <trkpt lat="36.19321254082024" lon="137.2936891950667">
        <ele>860.83</ele>
      </trkpt>
      <trkpt lat="36.19335159659386" lon="137.29389715008438">
        <ele>860.08</ele>
      </trkpt>
      <trkpt lat="36.193379424512386" lon="137.29394417256117">
        <ele>859.16</ele>
      </trkpt>
      <trkpt lat="36.193396439775825" lon="137.29399915784597">
        <ele>858.18</ele>
      </trkpt>
      <trkpt lat="36.19339535012841" lon="137.29408255778253">
        <ele>857.11</ele>
      </trkpt>
      <trkpt lat="36.193377831950784" lon="137.2941741719842">
        <ele>855.97</ele>
      </trkpt>
      <trkpt lat="36.193284625187516" lon="137.29427928104997">
        <ele>854.71</ele>
      </trkpt>
      <trkpt lat="36.1932441405952" lon="137.2943369485438">
        <ele>853.51</ele>
      </trkpt>
      <trkpt lat="36.193212289363146" lon="137.29445756413043">
        <ele>852.27</ele>
      </trkpt>
      <trkpt lat="36.193184377625585" lon="137.29468387551606">
        <ele>850.99</ele>
      </trkpt>
      <trkpt lat="36.19315663352609" lon="137.29490934871137">
        <ele>849.66</ele>
      </trkpt>
      <trkpt lat="36.1931558791548" lon="137.29500783607364">
        <ele>848.38</ele>
      </trkpt>
      <trkpt lat="36.19318219833076" lon="137.29508075863123">
        <ele>847.15</ele>
      </trkpt>
      <trkpt lat="36.19321153499186" lon="137.29515745304525">
        <ele>845.9</ele>
      </trkpt>
      <trkpt lat="36.19324036873877" lon="137.2951998654753">
        <ele>844.69</ele>
      </trkpt>
      <trkpt lat="36.193292839452624" lon="137.29523146525025">
        <ele>843.48</ele>
      </trkpt>
      <trkpt lat="36.193504398688674" lon="137.29532324708998">
        <ele>842.29</ele>
      </trkpt>
      <trkpt lat="36.19371662847698" lon="137.29541536420584">
        <ele>841.06</ele>
      </trkpt>
      <trkpt lat="36.19379935786128" lon="137.29547479189932">
        <ele>839.83</ele>
      </trkpt>
      <trkpt lat="36.19385618716478" lon="137.29555835947394">
        <ele>838.59</ele>
      </trkpt>
      <trkpt lat="36.19391947053373" lon="137.29571669362485">
        <ele>837.33</ele>
      </trkpt>
      <trkpt lat="36.19397638365626" lon="137.29582129977643">
        <ele>836.11</ele>
      </trkpt>
      <trkpt lat="36.19412558153272" lon="137.29591065086424">
        <ele>834.94</ele>
      </trkpt>
      <trkpt lat="36.19424259290099" lon="137.29595934972167">
        <ele>833.82</ele>
      </trkpt>
      <trkpt lat="36.19445834308863" lon="137.29608876630664">
        <ele>832.7</ele>
      </trkpt>
      <trkpt lat="36.1945824790746" lon="137.29619102552533">
        <ele>831.58</ele>
      </trkpt>
      <trkpt lat="36.19465682655573" lon="137.29627995751798">
        <ele>830.48</ele>
      </trkpt>
      <trkpt lat="36.19479412212968" lon="137.296459749341">
        <ele>829.34</ele>
      </trkpt>
      <trkpt lat="36.194888753816485" lon="137.29656443931162">
        <ele>828.27</ele>
      </trkpt>
      <trkpt lat="36.19497902691364" lon="137.29665437713265">
        <ele>827.18</ele>
      </trkpt>
      <trkpt lat="36.19508136995137" lon="137.29669452644885">
        <ele>826.15</ele>
      </trkpt>
      <trkpt lat="36.19515881873667" lon="137.2967025730759">
        <ele>825.16</ele>
      </trkpt>
      <trkpt lat="36.19526082649827" lon="137.2966867312789">
        <ele>824.17</ele>
      </trkpt>
      <trkpt lat="36.19533995166421" lon="137.29665337130427">
        <ele>823.21</ele>
      </trkpt>
      <trkpt lat="36.19539854116738" lon="137.29658774100244">
        <ele>822.29</ele>
      </trkpt>
      <trkpt lat="36.195450676605105" lon="137.29648372158408">
        <ele>821.39</ele>
      </trkpt>
      <trkpt lat="36.195446318015456" lon="137.29637844488025">
        <ele>820.54</ele>
      </trkpt>
      <trkpt lat="36.19540935382247" lon="137.29626243934035">
        <ele>819.7</ele>
      </trkpt>
      <trkpt lat="36.195369036868215" lon="137.29614106938243">
        <ele>818.82</ele>
      </trkpt>
      <trkpt lat="36.19525923393667" lon="137.29601735249162">
        <ele>818.02</ele>
      </trkpt>
      <trkpt lat="36.195225957781076" lon="137.29592196643353">
        <ele>817.1</ele>
      </trkpt>
      <trkpt lat="36.195207852870226" lon="137.2957300208509">
        <ele>816.08</ele>
      </trkpt>
      <trkpt lat="36.195200057700276" lon="137.29554067365825">
        <ele>815.08</ele>
      </trkpt>
      <trkpt lat="36.19516837410629" lon="137.29546129703522">
        <ele>814.18</ele>
      </trkpt>
      <trkpt lat="36.19509285315871" lon="137.29534906335175">
        <ele>813.35</ele>
      </trkpt>
      <trkpt lat="36.195026049390435" lon="137.29523146525025">
        <ele>812.48</ele>
      </trkpt>
      <trkpt lat="36.19503032416105" lon="137.29509182274342">
        <ele>811.52</ele>
      </trkpt>
      <trkpt lat="36.19508254341781" lon="137.29496533982456">
        <ele>810.53</ele>
      </trkpt>
      <trkpt lat="36.19518446736038" lon="137.29489526711404">
        <ele>809.46</ele>
      </trkpt>
      <trkpt lat="36.195270298048854" lon="137.29490063153207">
        <ele>808.36</ele>
      </trkpt>
      <trkpt lat="36.19546685367823" lon="137.2950127813965">
        <ele>807.14</ele>
      </trkpt>
      <trkpt lat="36.19574504904449" lon="137.29519198648632">
        <ele>805.83</ele>
      </trkpt>
      <trkpt lat="36.19600706733763" lon="137.2954004444182">
        <ele>804.47</ele>
      </trkpt>
      <trkpt lat="36.19626900181174" lon="137.2956089861691">
        <ele>803.22</ele>
      </trkpt>
      <trkpt lat="36.196531020104885" lon="137.29581744410098">
        <ele>801.87</ele>
      </trkpt>
      <trkpt lat="36.19679412804544" lon="137.2960268240422">
        <ele>800.25</ele>
      </trkpt>
      <trkpt lat="36.19694324210286" lon="137.29612229391932">
        <ele>798.75</ele>
      </trkpt>
      <trkpt lat="36.19705807417631" lon="137.29619521647692">
        <ele>797.31</ele>
      </trkpt>
      <trkpt lat="36.19712295010686" lon="137.29619697667658">
        <ele>795.93</ele>
      </trkpt>
      <trkpt lat="36.197246331721544" lon="137.29608055204153">
        <ele>794.78</ele>
      </trkpt>
      <trkpt lat="36.1972985509783" lon="137.29604283347726">
        <ele>793.4</ele>
      </trkpt>
      <trkpt lat="36.1975181568414" lon="137.29599388316274">
        <ele>791.9</ele>
      </trkpt>
      <trkpt lat="36.19782309047878" lon="137.29596957564354">
        <ele>790.12</ele>
      </trkpt>
      <trkpt lat="36.197948483750224" lon="137.29595339857042">
        <ele>788.45</ele>
      </trkpt>
      <trkpt lat="36.19803817011416" lon="137.29592104442418">
        <ele>786.91</ele>
      </trkpt>
      <trkpt lat="36.198107320815325" lon="137.29587184265256">
        <ele>785.38</ele>
      </trkpt>
      <trkpt lat="36.19827906601131" lon="137.2956811543554">
        <ele>783.99</ele>
      </trkpt>
      <trkpt lat="36.198355592787266" lon="137.29564486071467">
        <ele>782.48</ele>
      </trkpt>
      <trkpt lat="36.19844863191247" lon="137.29567595757544">
        <ele>780.83</ele>
      </trkpt>
      <trkpt lat="36.19852867908776" lon="137.29576874524355">
        <ele>779.04</ele>
      </trkpt>
      <trkpt lat="36.19856589473784" lon="137.295830687508">
        <ele>777.29</ele>
      </trkpt>
      <trkpt lat="36.19858676567674" lon="137.29596228338778">
        <ele>775.44</ele>
      </trkpt>
      <trkpt lat="36.19864636100829" lon="137.29605029337108">
        <ele>773.62</ele>
      </trkpt>
      <trkpt lat="36.19875649921596" lon="137.2961272392422">
        <ele>771.83</ele>
      </trkpt>
      <trkpt lat="36.1988752707839" lon="137.2961787879467">
        <ele>770.04</ele>
      </trkpt>
      <trkpt lat="36.19899328798056" lon="137.29616998694837">
        <ele>768.29</ele>
      </trkpt>
      <trkpt lat="36.19913016445935" lon="137.29606848210096">
        <ele>766.67</ele>
      </trkpt>
      <trkpt lat="36.19926268234849" lon="137.2959374729544">
        <ele>765.17</ele>
      </trkpt>
      <trkpt lat="36.19938765652478" lon="137.2959076333791">
        <ele>763.44</ele>
      </trkpt>
      <trkpt lat="36.19966886937618" lon="137.29589975439012">
        <ele>761.75</ele>
      </trkpt>
      <trkpt lat="36.19995008222759" lon="137.2958917915821">
        <ele>760.09</ele>
      </trkpt>
      <trkpt lat="36.20023322291672" lon="137.2958838287741">
        <ele>758.43</ele>
      </trkpt>
      <trkpt lat="36.200291058048606" lon="137.29591366834939">
        <ele>756.72</ele>
      </trkpt>
      <trkpt lat="36.20045400224626" lon="137.29608063586056">
        <ele>754.78</ele>
      </trkpt>
      <trkpt lat="36.20061719790101" lon="137.29624785482883">
        <ele>752.85</ele>
      </trkpt>
      <trkpt lat="36.20070428587496" lon="137.29630652815104">
        <ele>751.11</ele>
      </trkpt>
      <trkpt lat="36.200758684426546" lon="137.29632379487157">
        <ele>749.46</ele>
      </trkpt>
      <trkpt lat="36.200815262272954" lon="137.296324968338">
        <ele>747.84</ele>
      </trkpt>
      <trkpt lat="36.20093076489866" lon="137.2962831426412">
        <ele>746.25</ele>
      </trkpt>
      <trkpt lat="36.20096202939749" lon="137.29622069746256">
        <ele>744.7</ele>
      </trkpt>
      <trkpt lat="36.200981391593814" lon="137.2961526364088">
        <ele>743.15</ele>
      </trkpt>
      <trkpt lat="36.20100762695074" lon="137.295788442716">
        <ele>741.83</ele>
      </trkpt>
      <trkpt lat="36.20105808600783" lon="137.2956665698439">
        <ele>740.35</ele>
      </trkpt>
      <trkpt lat="36.20119923725724" lon="137.29552298784256">
        <ele>738.78</ele>
      </trkpt>
      <trkpt lat="36.201340556144714" lon="137.29537923820317">
        <ele>737.2</ele>
      </trkpt>
      <trkpt lat="36.20138984173536" lon="137.29529248550534">
        <ele>735.75</ele>
      </trkpt>
      <trkpt lat="36.201430493965745" lon="137.29516264982522">
        <ele>734.3</ele>
      </trkpt>
      <trkpt lat="36.201417334377766" lon="137.2948613204062">
        <ele>732.99</ele>
      </trkpt>
      <trkpt lat="36.20140425860882" lon="137.2945600748062">
        <ele>731.59</ele>
      </trkpt>
      <trkpt lat="36.2013912666589" lon="137.2942605894059">
        <ele>730.3</ele>
      </trkpt>
      <trkpt lat="36.20138171128929" lon="137.29404299519956">
        <ele>729.02</ele>
      </trkpt>
      <trkpt lat="36.2013722397387" lon="137.29382623918355">
        <ele>727.71</ele>
      </trkpt>
      <trkpt lat="36.20137894526124" lon="137.2935433499515">
        <ele>726.25</ele>
      </trkpt>
      <trkpt lat="36.20140291750431" lon="137.293354338035">
        <ele>724.86</ele>
      </trkpt>
      <trkpt lat="36.20137953199446" lon="137.29327018372715">
        <ele>723.65</ele>
      </trkpt>
      <trkpt lat="36.20129688642919" lon="137.29316163808107">
        <ele>722.58</ele>
      </trkpt>
      <trkpt lat="36.20121298357844" lon="137.29303976520896">
        <ele>721.57</ele>
      </trkpt>
      <trkpt lat="36.201145676895976" lon="137.29291412048042">
        <ele>720.53</ele>
      </trkpt>
      <trkpt lat="36.201141234487295" lon="137.29285393841565">
        <ele>719.41</ele>
      </trkpt>
      <trkpt lat="36.201161686331034" lon="137.2927858773619">
        <ele>718.28</ele>
      </trkpt>
      <trkpt lat="36.2011943757534" lon="137.29270624928176">
        <ele>717.14</ele>
      </trkpt>
      <trkpt lat="36.20130652561784" lon="137.29253609664738">
        <ele>715.81</ele>
      </trkpt>
      <trkpt lat="36.20134483091533" lon="137.29248915798962">
        <ele>714.67</ele>
      </trkpt>
      <trkpt lat="36.20144407264888" lon="137.29223501868546">
        <ele>713.22</ele>
      </trkpt>
      <trkpt lat="36.20148489251733" lon="137.29216603562236">
        <ele>712.2</ele>
      </trkpt>
      <trkpt lat="36.20162470266223" lon="137.29204701259732">
        <ele>711.12</ele>
      </trkpt>
      <trkpt lat="36.201764764264226" lon="137.29192765429616">
        <ele>710.14</ele>
      </trkpt>
      <trkpt lat="36.201993925496936" lon="137.29177015833557">
        <ele>709.22</ele>
      </trkpt>
      <trkpt lat="36.20206483639777" lon="137.2917514666915">
        <ele>708.38</ele>
      </trkpt>
      <trkpt lat="36.20212619192898" lon="137.29175406508148">
        <ele>707.58</ele>
      </trkpt>
      <trkpt lat="36.20216893963516" lon="137.29180921800435">
        <ele>706.82</ele>
      </trkpt>
      <trkpt lat="36.202206490561366" lon="137.291911393404">
        <ele>706.09</ele>
      </trkpt>
      <trkpt lat="36.20220665819943" lon="137.29198104701936">
        <ele>705.36</ele>
      </trkpt>
      <trkpt lat="36.202176567167044" lon="137.2920546401292">
        <ele>704.67</ele>
      </trkpt>
      <trkpt lat="36.2020995374769" lon="137.29209889657795">
        <ele>704.0</ele>
      </trkpt>
      <trkpt lat="36.201917650178075" lon="137.29215648025274">
        <ele>703.32</ele>
      </trkpt>
      <trkpt lat="36.20171229355037" lon="137.29222646914423">
        <ele>702.72</ele>
      </trkpt>
      <trkpt lat="36.201611794531345" lon="137.29230986908078">
        <ele>702.19</ele>
      </trkpt>
      <trkpt lat="36.20156074874103" lon="137.2924291435629">
        <ele>701.67</ele>
      </trkpt>
      <trkpt lat="36.201528226956725" lon="137.29255235753953">
        <ele>701.23</ele>
      </trkpt>
      <trkpt lat="36.201557479798794" lon="137.29266467504203">
        <ele>700.65</ele>
      </trkpt>
      <trkpt lat="36.20162134990096" lon="137.29271521791816">
        <ele>699.97</ele>
      </trkpt>
      <trkpt lat="36.201662169769406" lon="137.29274715296924">
        <ele>699.31</ele>
      </trkpt>
      <trkpt lat="36.2019182369113" lon="137.2927924990654">
        <ele>698.32</ele>
      </trkpt>
      <trkpt lat="36.2020596396178" lon="137.29286089539528">
        <ele>697.57</ele>
      </trkpt>
      <trkpt lat="36.20214655995369" lon="137.29291923344135">
        <ele>696.85</ele>
      </trkpt>
      <trkpt lat="36.20219559408724" lon="137.2929788287729">
        <ele>696.18</ele>
      </trkpt>
      <trkpt lat="36.202227445319295" lon="137.29309676215053">
        <ele>695.48</ele>
      </trkpt>
      <trkpt lat="36.20221981778741" lon="137.2932367399335">
        <ele>694.88</ele>
      </trkpt>
      <trkpt lat="36.20218846946955" lon="137.29334997944534">
        <ele>694.24</ele>
      </trkpt>
      <trkpt lat="36.202183021232486" lon="137.29339339770377">
        <ele>693.55</ele>
      </trkpt>
      <trkpt lat="36.202203053981066" lon="137.29346053674817">
        <ele>692.8</ele>
      </trkpt>
      <trkpt lat="36.20225745253265" lon="137.29353714734316">
        <ele>691.97</ele>
      </trkpt>
      <trkpt lat="36.20229215361178" lon="137.29359414428473">
        <ele>691.16</ele>
      </trkpt>
      <trkpt lat="36.202294416725636" lon="137.29367536492646">
        <ele>690.41</ele>
      </trkpt>
      <trkpt lat="36.20224831625819" lon="137.2938551567495">
        <ele>689.74</ele>
      </trkpt>
      <trkpt lat="36.20222174562514" lon="137.29397317394614">
        <ele>689.02</ele>
      </trkpt>
      <trkpt lat="36.20223892852664" lon="137.2940806299448">
        <ele>688.19</ele>
      </trkpt>
      <trkpt lat="36.2022842746228" lon="137.2941625211388">
        <ele>687.28</ele>
      </trkpt>
      <trkpt lat="36.20236105285585" lon="137.29422169737518">
        <ele>686.29</ele>
      </trkpt>
      <trkpt lat="36.20246867649257" lon="137.29424851946533">
        <ele>685.24</ele>
      </trkpt>
      <trkpt lat="36.20259272865951" lon="137.29424851946533">
        <ele>684.17</ele>
      </trkpt>
      <trkpt lat="36.20277746580541" lon="137.29422312229872">
        <ele>683.03</ele>
      </trkpt>
      <trkpt lat="36.202867990359664" lon="137.294244999066">
        <ele>681.94</ele>
      </trkpt>
      <trkpt lat="36.202915431931615" lon="137.29427995160222">
        <ele>680.87</ele>
      </trkpt>
      <trkpt lat="36.202952060848475" lon="137.2943552210927">
        <ele>679.82</ele>
      </trkpt>
      <trkpt lat="36.20298299007118" lon="137.29446996934712">
        <ele>678.73</ele>
      </trkpt>
      <trkpt lat="36.202996568754315" lon="137.2946128807962">
        <ele>677.63</ele>
      </trkpt>
      <trkpt lat="36.20299187488854" lon="137.2947294730693">
        <ele>676.49</ele>
      </trkpt>
      <trkpt lat="36.20296128094196" lon="137.29486215859652">
        <ele>675.33</ele>
      </trkpt>
      <trkpt lat="36.20293999090791" lon="137.29491462931037">
        <ele>674.16</ele>
      </trkpt>
      <trkpt lat="36.2028643861413" lon="137.2949958499521">
        <ele>673.04</ele>
      </trkpt>
      <trkpt lat="36.20275843888521" lon="137.29506365954876">
        <ele>671.93</ele>
      </trkpt>
      <trkpt lat="36.20259943418205" lon="137.29517094790936">
        <ele>670.79</ele>
      </trkpt>
      <trkpt lat="36.2025379948318" lon="137.29522056877613">
        <ele>669.54</ele>
      </trkpt>
      <trkpt lat="36.20247496291995" lon="137.29528645053506">
        <ele>668.27</ele>
      </trkpt>
      <trkpt lat="36.20244118385017" lon="137.2953925654292">
        <ele>666.93</ele>
      </trkpt>
      <trkpt lat="36.20245828293264" lon="137.2956573497504">
        <ele>665.42</ele>
      </trkpt>
      <trkpt lat="36.2024687603116" lon="137.29596546851099">
        <ele>663.9</ele>
      </trkpt>
      <trkpt lat="36.20244059711695" lon="137.29631608352065">
        <ele>662.39</ele>
      </trkpt>
      <trkpt lat="36.20242173783481" lon="137.29651808738708">
        <ele>660.96</ele>
      </trkpt>
      <trkpt lat="36.202435065060854" lon="137.29662403464317">
        <ele>659.49</ele>
      </trkpt>
      <trkpt lat="36.2024758849293" lon="137.2966616693884">
        <ele>657.96</ele>
      </trkpt>
      <trkpt lat="36.202538246288896" lon="137.29668589308858">
        <ele>656.39</ele>
      </trkpt>
      <trkpt lat="36.20262499898672" lon="137.296676421538">
        <ele>654.77</ele>
      </trkpt>
      <trkpt lat="36.20267386548221" lon="137.29664691723883">
        <ele>653.22</ele>
      </trkpt>
      <trkpt lat="36.20271636173129" lon="137.29655496776104">
        <ele>651.71</ele>
      </trkpt>
      <trkpt lat="36.202746871858835" lon="137.29632874019444">
        <ele>650.27</ele>
      </trkpt>
      <trkpt lat="36.202791379764676" lon="137.2959699947387">
        <ele>648.9</ele>
      </trkpt>
      <trkpt lat="36.20283412747085" lon="137.29572616517544">
        <ele>647.45</ele>
      </trkpt>
      <trkpt lat="36.20288349688053" lon="137.29556682519615">
        <ele>645.98</ele>
      </trkpt>
      <trkpt lat="36.20295566506684" lon="137.29550186544657">
        <ele>644.43</ele>
      </trkpt>
      <trkpt lat="36.20302774943411" lon="137.2954689245671">
        <ele>642.79</ele>
      </trkpt>
      <trkpt lat="36.20309849269688" lon="137.29548937641084">
        <ele>641.13</ele>
      </trkpt>
      <trkpt lat="36.203143168240786" lon="137.29552851989865">
        <ele>639.5</ele>
      </trkpt>
      <trkpt lat="36.20322975330055" lon="137.29564787819982">
        <ele>637.79</ele>
      </trkpt>
      <trkpt lat="36.20329714380205" lon="137.29594577103853">
        <ele>636.12</ele>
      </trkpt>
      <trkpt lat="36.20331441052258" lon="137.29614039883018">
        <ele>634.54</ele>
      </trkpt>
      <trkpt lat="36.20333159342408" lon="137.29633427225053">
        <ele>632.93</ele>
      </trkpt>
      <trkpt lat="36.20336386375129" lon="137.29647886008024">
        <ele>631.35</ele>
      </trkpt>
      <trkpt lat="36.20341457426548" lon="137.2965939436108">
        <ele>629.8</ele>
      </trkpt>
      <trkpt lat="36.20347484014928" lon="137.29666024446487">
        <ele>628.28</ele>
      </trkpt>
      <trkpt lat="36.203548181802034" lon="137.29670114815235">
        <ele>626.79</ele>
      </trkpt>
      <trkpt lat="36.20368346571922" lon="137.2966867312789">
        <ele>625.32</ele>
      </trkpt>
      <trkpt lat="36.2038089428097" lon="137.29666175320745">
        <ele>623.9</ele>
      </trkpt>
      <trkpt lat="36.20388127863407" lon="137.29661045596004">
        <ele>622.59</ele>
      </trkpt>
      <trkpt lat="36.203914135694504" lon="137.2965056821704">
        <ele>621.35</ele>
      </trkpt>
      <trkpt lat="36.20393198914826" lon="137.29633913375437">
        <ele>620.22</ele>
      </trkpt>
      <trkpt lat="36.203965013846755" lon="137.2959528118372">
        <ele>619.03</ele>
      </trkpt>
      <trkpt lat="36.20399787090719" lon="137.2955679986626">
        <ele>617.9</ele>
      </trkpt>
      <trkpt lat="36.204009437933564" lon="137.2954234946519">
        <ele>616.82</ele>
      </trkpt>
      <trkpt lat="36.20401513762772" lon="137.29531763121486">
        <ele>615.79</ele>
      </trkpt>
      <trkpt lat="36.20399753563106" lon="137.29523389600217">
        <ele>614.83</ele>
      </trkpt>
      <trkpt lat="36.203967025503516" lon="137.29515586048365">
        <ele>613.91</ele>
      </trkpt>
      <trkpt lat="36.203936683014035" lon="137.2950859554112">
        <ele>613.04</ele>
      </trkpt>
      <trkpt lat="36.20389971882105" lon="137.29501336812973">
        <ele>612.21</ele>
      </trkpt>
      <trkpt lat="36.203874154016376" lon="137.29495134204626">
        <ele>611.42</ele>
      </trkpt>
      <trkpt lat="36.20386694557965" lon="137.29484908282757">
        <ele>610.65</ele>
      </trkpt>
      <trkpt lat="36.20387038215995" lon="137.294778842479">
        <ele>609.92</ele>
      </trkpt>
      <trkpt lat="36.203912794589996" lon="137.29470608755946">
        <ele>609.18</ele>
      </trkpt>
      <trkpt lat="36.20398856699467" lon="137.29465738870203">
        <ele>608.48</ele>
      </trkpt>
      <trkpt lat="36.204107673838735" lon="137.29462193325162">
        <ele>607.77</ele>
      </trkpt>
      <trkpt lat="36.20406626723707" lon="137.2944099549204">
        <ele>607.19</ele>
      </trkpt>
      <trkpt lat="36.20402502827346" lon="137.29419864714146">
        <ele>606.74</ele>
      </trkpt>
      <trkpt lat="36.20397389866412" lon="137.2939878422767">
        <ele>606.31</ele>
      </trkpt>
      <trkpt lat="36.2039228528738" lon="137.2937777917832">
        <ele>605.9</ele>
      </trkpt>
      <trkpt lat="36.203873651102185" lon="137.29349909350276">
        <ele>605.47</ele>
      </trkpt>
      <trkpt lat="36.203865855932236" lon="137.29332734830678">
        <ele>605.19</ele>
      </trkpt>
      <trkpt lat="36.20388069190085" lon="137.2931503225118">
        <ele>604.88</ele>
      </trkpt>
      <trkpt lat="36.2039315700531" lon="137.29291655123234">
        <ele>604.59</ele>
      </trkpt>
      <trkpt lat="36.203978173434734" lon="137.29280347935855">
        <ele>604.3</ele>
      </trkpt>
      <trkpt lat="36.20410163886845" lon="137.2925921715796">
        <ele>603.93</ele>
      </trkpt>
      <trkpt lat="36.204268438741565" lon="137.2922776825726">
        <ele>603.78</ele>
      </trkpt>
      <trkpt lat="36.20436608791351" lon="137.2919370420277">
        <ele>603.79</ele>
      </trkpt>
      <trkpt lat="36.20446348562837" lon="137.29159749113023">
        <ele>603.73</ele>
      </trkpt>
      <trkpt lat="36.20453833602369" lon="137.2913656476885">
        <ele>603.68</ele>
      </trkpt>
      <trkpt lat="36.20461301878095" lon="137.29113455861807">
        <ele>603.67</ele>
      </trkpt>
      <trkpt lat="36.20470454916358" lon="137.29093397967517">
        <ele>603.72</ele>
      </trkpt>
      <trkpt lat="36.20475928299129" lon="137.29082182981074">
        <ele>603.79</ele>
      </trkpt>
      <trkpt lat="36.20490940287709" lon="137.29057271964848">
        <ele>603.86</ele>
      </trkpt>
      <trkpt lat="36.20505935512483" lon="137.29032386094332">
        <ele>604.01</ele>
      </trkpt>
      <trkpt lat="36.20520377531648" lon="137.28999436832964">
        <ele>604.28</ele>
      </trkpt>
      <trkpt lat="36.20525968261063" lon="137.28984215296805">
        <ele>604.49</ele>
      </trkpt>
      <trkpt lat="36.20529723353684" lon="137.28968205861747">
        <ele>604.68</ele>
      </trkpt>
      <trkpt lat="36.20534325018525" lon="137.2893750295043">
        <ele>604.95</ele>
      </trkpt>
      <trkpt lat="36.205386919900775" lon="137.289162799716">
        <ele>605.22</ele>
      </trkpt>
      <trkpt lat="36.205430421978235" lon="137.28895132429898">
        <ele>605.47</ele>
      </trkpt>
      <trkpt lat="36.20551407337189" lon="137.28870355524123">
        <ele>605.67</ele>
      </trkpt>
      <trkpt lat="36.205592108890414" lon="137.28852812200785">
        <ele>605.86</ele>
      </trkpt>
      <trkpt lat="36.20566997677088" lon="137.28835294023156">
        <ele>606.03</ele>
      </trkpt>
      <trkpt lat="36.205819342285395" lon="137.28803995996714">
        <ele>606.2</ele>
      </trkpt>
      <trkpt lat="36.205990836024284" lon="137.28776637464762">
        <ele>606.41</ele>
      </trkpt>
      <trkpt lat="36.20606694370508" lon="137.2876254748553">
        <ele>606.65</ele>
      </trkpt>
      <trkpt lat="36.20612997561693" lon="137.28749002330005">
        <ele>606.9</ele>
      </trkpt>
      <trkpt lat="36.206151684746146" lon="137.2873437590897">
        <ele>607.04</ele>
      </trkpt>
      <trkpt lat="36.20615277439356" lon="137.28723227977753">
        <ele>607.18</ele>
      </trkpt>
      <trkpt lat="36.20613047853112" lon="137.2870622947812">
        <ele>607.27</ele>
      </trkpt>
      <trkpt lat="36.20610164478421" lon="137.28693245910108">
        <ele>607.34</ele>
      </trkpt>
      <trkpt lat="36.20602578856051" lon="137.28663448244333">
        <ele>607.35</ele>
      </trkpt>
      <trkpt lat="36.20601003058255" lon="137.28648469783366">
        <ele>607.42</ele>
      </trkpt>
      <trkpt lat="36.20602905750275" lon="137.28627322241664">
        <ele>607.49</ele>
      </trkpt>
      <trkpt lat="36.20614062063396" lon="137.2859096992761">
        <ele>607.54</ele>
      </trkpt>
      <trkpt lat="36.206232737749815" lon="137.28563468903303">
        <ele>607.59</ele>
      </trkpt>
      <trkpt lat="36.20630926452577" lon="137.28548699989915">
        <ele>607.67</ele>
      </trkpt>
      <trkpt lat="36.206390066072345" lon="137.28536613285542">
        <ele>607.77</ele>
      </trkpt>
      <trkpt lat="36.20659961365163" lon="137.28512330912054">
        <ele>607.88</ele>
      </trkpt>
      <trkpt lat="36.20680924504995" lon="137.2848803177476">
        <ele>607.98</ele>
      </trkpt>
      <trkpt lat="36.206960286945105" lon="137.28471904993057">
        <ele>607.95</ele>
      </trkpt>
      <trkpt lat="36.20711149647832" lon="137.28455769829452">
        <ele>607.92</ele>
      </trkpt>
      <trkpt lat="36.207229010760784" lon="137.2844212409109">
        <ele>607.84</ele>
      </trkpt>
      <trkpt lat="36.20734669268131" lon="137.28428469970822">
        <ele>607.81</ele>
      </trkpt>
      <trkpt lat="36.20749329216778" lon="137.28412888012826">
        <ele>607.72</ele>
      </trkpt>
      <trkpt lat="36.207640059292316" lon="137.28397289291024">
        <ele>607.56</ele>
      </trkpt>
      <trkpt lat="36.20786980725825" lon="137.28377290070057">
        <ele>607.42</ele>
      </trkpt>
      <trkpt lat="36.20810005813837" lon="137.28357257321477">
        <ele>607.39</ele>
      </trkpt>
      <trkpt lat="36.208235174417496" lon="137.28345799259841">
        <ele>607.32</ele>
      </trkpt>
      <trkpt lat="36.208370542153716" lon="137.28334316052496">
        <ele>607.12</ele>
      </trkpt>
      <trkpt lat="36.20862568728626" lon="137.28322623297572">
        <ele>606.99</ele>
      </trkpt>
      <trkpt lat="36.20884386822581" lon="137.28313218802214">
        <ele>606.84</ele>
      </trkpt>
      <trkpt lat="36.20908702723682" lon="137.28299765847623">
        <ele>606.79</ele>
      </trkpt>
      <trkpt lat="36.20925173163414" lon="137.28287964127958">
        <ele>606.75</ele>
      </trkpt>
      <trkpt lat="36.20941685512662" lon="137.28276137262583">
        <ele>606.72</ele>
      </trkpt>
      <trkpt lat="36.20964467525482" lon="137.2825911361724">
        <ele>606.7</ele>
      </trkpt>
      <trkpt lat="36.209872998297215" lon="137.28242056444287">
        <ele>606.75</ele>
      </trkpt>
      <trkpt lat="36.21000258252025" lon="137.28235208429396">
        <ele>606.71</ele>
      </trkpt>
      <trkpt lat="36.21010391972959" lon="137.28231579065323">
        <ele>606.7</ele>
      </trkpt>
      <trkpt lat="36.21031606569886" lon="137.28228393942118">
        <ele>606.7</ele>
      </trkpt>
      <trkpt lat="36.21045243926346" lon="137.28227614425123">
        <ele>606.75</ele>
      </trkpt>
      <trkpt lat="36.210568863898516" lon="137.28222484700382">
        <ele>606.82</ele>
      </trkpt>
      <trkpt lat="36.210676822811365" lon="137.28214027360082">
        <ele>606.8</ele>
      </trkpt>
      <trkpt lat="36.21073616668582" lon="137.2820649202913">
        <ele>606.88</ele>
      </trkpt>
      <trkpt lat="36.21092249639332" lon="137.2818169835955">
        <ele>607.01</ele>
      </trkpt>
      <trkpt lat="36.210922580212355" lon="137.2818169835955">
        <ele>607.26</ele>
      </trkpt>
      <trkpt lat="36.210922664031386" lon="137.2818169835955">
        <ele>607.4</ele>
      </trkpt>
      <trkpt lat="36.210923586040735" lon="137.28181589394808">
        <ele>607.54</ele>
      </trkpt>
      <trkpt lat="36.2109237536788" lon="137.28181581012905">
        <ele>607.69</ele>
      </trkpt>
      <trkpt lat="36.21111142449081" lon="137.2815666999668">
        <ele>607.89</ele>
      </trkpt>
      <trkpt lat="36.21129901148379" lon="137.28131758980453">
        <ele>608.04</ele>
      </trkpt>
      <trkpt lat="36.21148659847677" lon="137.28106847964227">
        <ele>608.31</ele>
      </trkpt>
      <trkpt lat="36.21167426928878" lon="137.28081936948">
        <ele>608.63</ele>
      </trkpt>
      <trkpt lat="36.21179488487542" lon="137.28065843693912">
        <ele>608.86</ele>
      </trkpt>
      <trkpt lat="36.21190896257758" lon="137.2804009448737">
        <ele>608.86</ele>
      </trkpt>
      <trkpt lat="36.21195154264569" lon="137.28012283332646">
        <ele>608.85</ele>
      </trkpt>
      <trkpt lat="36.211982890963554" lon="137.2798026446253">
        <ele>608.92</ele>
      </trkpt>
      <trkpt lat="36.21201432310045" lon="137.27948237210512">
        <ele>608.99</ele>
      </trkpt>
      <trkpt lat="36.212045419961214" lon="137.27916394360363">
        <ele>609.04</ele>
      </trkpt>
      <trkpt lat="36.21205707080662" lon="137.27893595583737">
        <ele>609.06</ele>
      </trkpt>
      <trkpt lat="36.212062519043684" lon="137.27881282567978">
        <ele>609.02</ele>
      </trkpt>
      <trkpt lat="36.21202312409878" lon="137.27855005301535">
        <ele>608.84</ele>
      </trkpt>
      <trkpt lat="36.21200015768409" lon="137.27836774662137">
        <ele>608.6</ele>
      </trkpt>
      <trkpt lat="36.21197836473584" lon="137.27803523652256">
        <ele>608.23</ele>
      </trkpt>
      <trkpt lat="36.21196369640529" lon="137.27771647274494">
        <ele>607.93</ele>
      </trkpt>
      <trkpt lat="36.211949195712805" lon="137.2773989662528">
        <ele>607.62</ele>
      </trkpt>
      <trkpt lat="36.21193536557257" lon="137.27718556299806">
        <ele>607.29</ele>
      </trkpt>
      <trkpt lat="36.211923798546195" lon="137.2769668791443">
        <ele>606.89</ele>
      </trkpt>
      <trkpt lat="36.21192731894553" lon="137.27685271762311">
        <ele>606.4</ele>
      </trkpt>
      <trkpt lat="36.211933018639684" lon="137.27676277980208">
        <ele>605.88</ele>
      </trkpt>
      <trkpt lat="36.21194668114185" lon="137.27668767794967">
        <ele>605.33</ele>
      </trkpt>
      <trkpt lat="36.212018430233" lon="137.2764649707824">
        <ele>604.63</ele>
      </trkpt>
      <trkpt lat="36.21208808384836" lon="137.2762799821794">
        <ele>603.89</ele>
      </trkpt>
      <trkpt lat="36.21211205609143" lon="137.27621426805854">
        <ele>603.21</ele>
      </trkpt>
      <trkpt lat="36.212164191529155" lon="137.27616665884852">
        <ele>602.52</ele>
      </trkpt>
      <trkpt lat="36.21223468333483" lon="137.27609625086188">
        <ele>601.77</ele>
      </trkpt>
      <trkpt lat="36.21236435137689" lon="137.27600363083184">
        <ele>601.0</ele>
      </trkpt>
      <trkpt lat="36.21257163584232" lon="137.27586382068694">
        <ele>600.34</ele>
      </trkpt>
      <trkpt lat="36.21260575018823" lon="137.2758259344846">
        <ele>599.54</ele>
      </trkpt>
      <trkpt lat="36.212642043828964" lon="137.27578612044454">
        <ele>598.71</ele>
      </trkpt>
      <trkpt lat="36.21267842128873" lon="137.2757196519524">
        <ele>597.83</ele>
      </trkpt>
      <trkpt lat="36.21273114345968" lon="137.2755941748619">
        <ele>596.94</ele>
      </trkpt>
      <trkpt lat="36.21275972574949" lon="137.27549384348094">
        <ele>595.99</ele>
      </trkpt>
      <trkpt lat="36.212816471233964" lon="137.27515219710767">
        <ele>594.9</ele>
      </trkpt>
      <trkpt lat="36.212874138727784" lon="137.27481884881854">
        <ele>593.76</ele>
      </trkpt>
      <trkpt lat="36.212931890040636" lon="137.27457409724593">
        <ele>592.62</ele>
      </trkpt>
      <trkpt lat="36.21298092417419" lon="137.27435189299285">
        <ele>591.48</ele>
      </trkpt>
      <trkpt lat="36.21304839849472" lon="137.27409213781357">
        <ele>590.31</ele>
      </trkpt>
      <trkpt lat="36.213115537539124" lon="137.2738332208246">
        <ele>589.06</ele>
      </trkpt>
      <trkpt lat="36.21317286975682" lon="137.2736381739378">
        <ele>587.82</ele>
      </trkpt>
      <trkpt lat="36.21321436017752" lon="137.27348696440458">
        <ele>586.65</ele>
      </trkpt>
      <trkpt lat="36.21323003433645" lon="137.2733759880066">
        <ele>585.6</ele>
      </trkpt>
      <trkpt lat="36.213227938860655" lon="137.27324405685067">
        <ele>584.51</ele>
      </trkpt>
      <trkpt lat="36.21321075595915" lon="137.2730720601976">
        <ele>583.44</ele>
      </trkpt>
      <trkpt lat="36.213178066536784" lon="137.27280643768609">
        <ele>582.26</ele>
      </trkpt>
      <trkpt lat="36.21314554475248" lon="137.27254182100296">
        <ele>580.93</ele>
      </trkpt>
      <trkpt lat="36.213109670206904" lon="137.27223789319396">
        <ele>579.63</ele>
      </trkpt>
      <trkpt lat="36.21307387948036" lon="137.2719351388514">
        <ele>578.44</ele>
      </trkpt>
      <trkpt lat="36.21306776069105" lon="137.27179172448814">
        <ele>577.34</ele>
      </trkpt>
      <trkpt lat="36.21306792832911" lon="137.27172802202404">
        <ele>576.29</ele>
      </trkpt>
      <trkpt lat="36.21309416368604" lon="137.27164688520133">
        <ele>575.27</ele>
      </trkpt>
      <trkpt lat="36.213231794536114" lon="137.27142124436796">
        <ele>574.34</ele>
      </trkpt>
      <trkpt lat="36.213417956605554" lon="137.27114321663976">
        <ele>573.41</ele>
      </trkpt>
      <trkpt lat="36.21359498240054" lon="137.27088731713593">
        <ele>572.44</ele>
      </trkpt>
      <trkpt lat="36.21377209201455" lon="137.2706314176321">
        <ele>571.53</ele>
      </trkpt>
      <trkpt lat="36.2139490339905" lon="137.27037551812828">
        <ele>570.65</ele>
      </trkpt>
      <trkpt lat="36.21413310058415" lon="137.27011241018772">
        <ele>569.79</ele>
      </trkpt>
      <trkpt lat="36.214317167177796" lon="137.26984930224717">
        <ele>568.84</ele>
      </trkpt>
      <trkpt lat="36.214501317590475" lon="137.2695861943066">
        <ele>567.92</ele>
      </trkpt>
      <trkpt lat="36.21468521654606" lon="137.2693231701851">
        <ele>567.07</ele>
      </trkpt>
      <trkpt lat="36.21486718766391" lon="137.2690597269684">
        <ele>566.15</ele>
      </trkpt>
      <trkpt lat="36.21504915878177" lon="137.2687961999327">
        <ele>565.34</ele>
      </trkpt>
      <trkpt lat="36.21523104608059" lon="137.268532756716">
        <ele>564.64</ele>
      </trkpt>
      <trkpt lat="36.21541284956038" lon="137.2682694811374">
        <ele>564.03</ele>
      </trkpt>
      <trkpt lat="36.215609991922975" lon="137.2679957281798">
        <ele>563.41</ele>
      </trkpt>
      <trkpt lat="36.21580713428557" lon="137.26772197522223">
        <ele>562.82</ele>
      </trkpt>
      <trkpt lat="36.215984327718616" lon="137.26746490225196">
        <ele>562.29</ele>
      </trkpt>
      <trkpt lat="36.2161613535136" lon="137.26720799691975">
        <ele>561.86</ele>
      </trkpt>
      <trkpt lat="36.21629781089723" lon="137.26701026782393">
        <ele>561.41</ele>
      </trkpt>
      <trkpt lat="36.216434268280864" lon="137.26681253872812">
        <ele>560.98</ele>
      </trkpt>
      <trkpt lat="36.216570641845465" lon="137.26661497727036">
        <ele>560.51</ele>
      </trkpt>
      <trkpt lat="36.21660123579204" lon="137.26656904444098">
        <ele>560.11</ele>
      </trkpt>
      <trkpt lat="36.21674339286983" lon="137.26631758734584">
        <ele>559.74</ele>
      </trkpt>
      <trkpt lat="36.216902397572994" lon="137.2660101391375">
        <ele>559.45</ele>
      </trkpt>
      <trkpt lat="36.21697314083576" lon="137.26585507392883">
        <ele>559.14</ele>
      </trkpt>
      <trkpt lat="36.21705159544945" lon="137.26573353633285">
        <ele>558.84</ele>
      </trkpt>
      <trkpt lat="36.217175060883164" lon="137.26558509282768">
        <ele>558.52</ele>
      </trkpt>
      <trkpt lat="36.21724764816463" lon="137.2655187919736">
        <ele>558.25</ele>
      </trkpt>
      <trkpt lat="36.2174132745713" lon="137.26534377783537">
        <ele>557.99</ele>
      </trkpt>
      <trkpt lat="36.21747588738799" lon="137.26527295075357">
        <ele>557.78</ele>
      </trkpt>
      <trkpt lat="36.21753833256662" lon="137.26517186500132">
        <ele>557.6</ele>
      </trkpt>
      <trkpt lat="36.217685267329216" lon="137.26491646841168">
        <ele>557.44</ele>
      </trkpt>
      <trkpt lat="36.21783211827278" lon="137.26466115564108">
        <ele>557.19</ele>
      </trkpt>
      <trkpt lat="36.21797871775925" lon="137.2644061781466">
        <ele>556.97</ele>
      </trkpt>
      <trkpt lat="36.21812263503671" lon="137.26416008546948">
        <ele>556.84</ele>
      </trkpt>
      <trkpt lat="36.21826646849513" lon="137.26391399279237">
        <ele>556.72</ele>
      </trkpt>
      <trkpt lat="36.21841013431549" lon="137.26366823539138">
        <ele>556.64</ele>
      </trkpt>
      <trkpt lat="36.21819564141333" lon="137.2634574305266">
        <ele>556.48</ele>
      </trkpt>
      <trkpt lat="36.21798072941601" lon="137.26324629038572">
        <ele>556.36</ele>
      </trkpt>
      <trkpt lat="36.21812523342669" lon="137.26297555491328">
        <ele>556.31</ele>
      </trkpt>
      <trkpt lat="36.218269653618336" lon="137.26270490325987">
        <ele>556.24</ele>
      </trkpt>
      <trkpt lat="36.21841415762901" lon="137.26243425160646">
        <ele>556.19</ele>
      </trkpt>
      <trkpt lat="36.21855857782066" lon="137.26216351613402">
        <ele>556.2</ele>
      </trkpt>
      <trkpt lat="36.218702578917146" lon="137.26189378648996">
        <ele>556.27</ele>
      </trkpt>
      <trkpt lat="36.21879159472883" lon="137.26171483285725">
        <ele>556.32</ele>
      </trkpt>
      <trkpt lat="36.218880442902446" lon="137.26153613068163">
        <ele>556.39</ele>
      </trkpt>
      <trkpt lat="36.21893433853984" lon="137.26136329583824">
        <ele>556.44</ele>
      </trkpt>
      <trkpt lat="36.21897976845503" lon="137.2611031215638">
        <ele>556.49</ele>
      </trkpt>
      <trkpt lat="36.21901002712548" lon="137.26089416071773">
        <ele>556.55</ele>
      </trkpt>
      <trkpt lat="36.218821769580245" lon="137.26087563671172">
        <ele>556.51</ele>
      </trkpt>
      <trkpt lat="36.21875261887908" lon="137.26087865419686">
        <ele>556.53</ele>
      </trkpt>
      <trkpt lat="36.21856436133385" lon="137.26093498058617">
        <ele>556.51</ele>
      </trkpt>
      <trkpt lat="36.2183752655983" lon="137.26099155843258">
        <ele>556.52</ele>
      </trkpt>
      <trkpt lat="36.218216847628355" lon="137.26104134693742">
        <ele>556.55</ele>
      </trkpt>
      <trkpt lat="36.218115761876106" lon="137.2611007746309">
        <ele>556.62</ele>
      </trkpt>
      <trkpt lat="36.21795767918229" lon="137.26121476851404">
        <ele>556.69</ele>
      </trkpt>
      <trkpt lat="36.21779917739332" lon="137.2613290976733">
        <ele>556.78</ele>
      </trkpt>
      <trkpt lat="36.21768199838698" lon="137.26141224615276">
        <ele>556.86</ele>
      </trkpt>
      <trkpt lat="36.21754084713757" lon="137.26152506656945">
        <ele>556.95</ele>
      </trkpt>
      <trkpt lat="36.21735703200102" lon="137.26172480732203">
        <ele>557.03</ele>
      </trkpt>
      <trkpt lat="36.21717296540737" lon="137.2619247995317">
        <ele>557.14</ele>
      </trkpt>
      <trkpt lat="36.21701178140938" lon="137.262078858912">
        <ele>557.19</ele>
      </trkpt>
      <trkpt lat="36.2168503459543" lon="137.26223316974938">
        <ele>557.27</ele>
      </trkpt>
      <trkpt lat="36.21678873896599" lon="137.2622284758836">
        <ele>557.31</ele>
      </trkpt>
      <trkpt lat="36.21678873896599" lon="137.26217919029295">
        <ele>557.35</ele>
      </trkpt>
      <trkpt lat="36.216785218566656" lon="137.26209646090865">
        <ele>557.38</ele>
      </trkpt>
      <trkpt lat="36.21673886664212" lon="137.26171726360917">
        <ele>557.35</ele>
      </trkpt>
      <trkpt lat="36.21669251471758" lon="137.26133798249066">
        <ele>557.33</ele>
      </trkpt>
      <trkpt lat="36.21664616279304" lon="137.26095878519118">
        <ele>557.34</ele>
      </trkpt>
      <trkpt lat="36.21660014614463" lon="137.26058243773878">
        <ele>557.34</ele>
      </trkpt>
      <trkpt lat="36.21656225994229" lon="137.26026308722794">
        <ele>557.35</ele>
      </trkpt>
      <trkpt lat="36.21656653471291" lon="137.2601051721722">
        <ele>557.35</ele>
      </trkpt>
      <trkpt lat="36.21659042313695" lon="137.25994465872645">
        <ele>557.32</ele>
      </trkpt>
      <trkpt lat="36.216661585494876" lon="137.25970418192446">
        <ele>557.31</ele>
      </trkpt>
      <trkpt lat="36.2167536187917" lon="137.25940679199994">
        <ele>557.26</ele>
      </trkpt>
      <trkpt lat="36.216845316812396" lon="137.25911024026573">
        <ele>557.24</ele>
      </trkpt>
      <trkpt lat="36.216922430321574" lon="137.25883866660297">
        <ele>557.16</ele>
      </trkpt>
      <trkpt lat="36.21699929237366" lon="137.2585678473115">
        <ele>557.02</ele>
      </trkpt>
      <trkpt lat="36.217075902968645" lon="137.25835184566677">
        <ele>556.8</ele>
      </trkpt>
      <trkpt lat="36.21715234592557" lon="137.25813643075526">
        <ele>556.62</ele>
      </trkpt>
      <trkpt lat="36.217258712276816" lon="137.2578878235072">
        <ele>556.54</ele>
      </trkpt>
      <trkpt lat="36.21736482717097" lon="137.2576397191733">
        <ele>556.34</ele>
      </trkpt>
      <trkpt lat="36.21746792457998" lon="137.25743084214628">
        <ele>556.04</ele>
      </trkpt>
      <trkpt lat="36.21761477552354" lon="137.25718558765948">
        <ele>555.53</ele>
      </trkpt>
      <trkpt lat="36.217763889580965" lon="137.25684586912394">
        <ele>555.09</ele>
      </trkpt>
      <trkpt lat="36.217841589823365" lon="137.25660933181643">
        <ele>554.81</ele>
      </trkpt>
      <trkpt lat="36.21791903860867" lon="137.2563734650612">
        <ele>554.5</ele>
      </trkpt>
      <trkpt lat="36.21802305802703" lon="137.25608814507723">
        <ele>554.17</ele>
      </trkpt>
      <trkpt lat="36.21812682598829" lon="137.25580357946455">
        <ele>553.73</ele>
      </trkpt>
      <trkpt lat="36.218217769637704" lon="137.25556679069996">
        <ele>553.31</ele>
      </trkpt>
      <trkpt lat="36.21830217540264" lon="137.2552388906479">
        <ele>552.91</ele>
      </trkpt>
      <trkpt lat="36.21829639188945" lon="137.25512665696442">
        <ele>552.53</ele>
      </trkpt>
      <trkpt lat="36.218276442959905" lon="137.25489581935108">
        <ele>552.13</ele>
      </trkpt>
      <trkpt lat="36.21822204440832" lon="137.2546342201531">
        <ele>551.77</ele>
      </trkpt>
      <trkpt lat="36.21816772967577" lon="137.25437345914543">
        <ele>551.51</ele>
      </trkpt>
      <trkpt lat="36.21813017874956" lon="137.25405218079686">
        <ele>551.21</ele>
      </trkpt>
      <trkpt lat="36.21809262782335" lon="137.25373098626733">
        <ele>550.83</ele>
      </trkpt>
      <trkpt lat="36.21805524453521" lon="137.25341155193746">
        <ele>550.38</ele>
      </trkpt>
      <trkpt lat="36.21803529560566" lon="137.25313737988472">
        <ele>549.94</ele>
      </trkpt>
      <trkpt lat="36.218041498214006" lon="137.2529909480363">
        <ele>549.47</ele>
      </trkpt>
      <trkpt lat="36.21807158924639" lon="137.25278014317155">
        <ele>548.9</ele>
      </trkpt>
      <trkpt lat="36.21809346601367" lon="137.25261409766972">
        <ele>548.41</ele>
      </trkpt>
      <trkpt lat="36.21815096586943" lon="137.2524115908891">
        <ele>547.94</ele>
      </trkpt>
      <trkpt lat="36.21822355315089" lon="137.25207103416324">
        <ele>547.5</ele>
      </trkpt>
      <trkpt lat="36.218246184289455" lon="137.25180046632886">
        <ele>547.03</ele>
      </trkpt>
      <trkpt lat="36.218259343877435" lon="137.25146410055459">
        <ele>546.49</ele>
      </trkpt>
      <trkpt lat="36.218272587284446" lon="137.25112765096128">
        <ele>546.08</ele>
      </trkpt>
      <trkpt lat="36.218285746872425" lon="137.250791285187">
        <ele>545.72</ele>
      </trkpt>
      <trkpt lat="36.218298990279436" lon="137.25045491941273">
        <ele>545.32</ele>
      </trkpt>
      <trkpt lat="36.218312066048384" lon="137.2501218225807">
        <ele>544.82</ele>
      </trkpt>
      <trkpt lat="36.218332685530186" lon="137.24978931248188">
        <ele>544.36</ele>
      </trkpt>
      <trkpt lat="36.21835330501199" lon="137.24945671856403">
        <ele>543.94</ele>
      </trkpt>
      <trkpt lat="36.21837400831282" lon="137.2491241246462">
        <ele>543.52</ele>
      </trkpt>
      <trkpt lat="36.21839446015656" lon="137.24879412911832">
        <ele>543.07</ele>
      </trkpt>
      <trkpt lat="36.21842974796891" lon="137.24841887131333">
        <ele>542.67</ele>
      </trkpt>
      <trkpt lat="36.218465035781264" lon="137.2480435296893">
        <ele>542.28</ele>
      </trkpt>
      <trkpt lat="36.21850040741265" lon="137.24766827188432">
        <ele>541.82</ele>
      </trkpt>
      <trkpt lat="36.218535695225" lon="137.24729301407933">
        <ele>541.39</ele>
      </trkpt>
      <trkpt lat="36.21857098303735" lon="137.2469176724553">
        <ele>541.03</ele>
      </trkpt>
      <trkpt lat="36.218605851754546" lon="137.24654677323997">
        <ele>540.66</ele>
      </trkpt>
      <trkpt lat="36.2186374515295" lon="137.24620713852346">
        <ele>540.31</ele>
      </trkpt>
      <trkpt lat="36.21866896748543" lon="137.24586876109242">
        <ele>540.0</ele>
      </trkpt>
      <trkpt lat="36.21870685368776" lon="137.2456855326891">
        <ele>539.66</ele>
      </trkpt>
      <trkpt lat="36.21875999495387" lon="137.2454608976841">
        <ele>539.32</ele>
      </trkpt>
      <trkpt lat="36.218812968581915" lon="137.24523693323135">
        <ele>538.99</ele>
      </trkpt>
      <trkpt lat="36.218918999657035" lon="137.2448789421469">
        <ele>538.67</ele>
      </trkpt>
      <trkpt lat="36.21902486309409" lon="137.24458356387913">
        <ele>538.35</ele>
      </trkpt>
      <trkpt lat="36.21913047507405" lon="137.24428893998265">
        <ele>538.0</ele>
      </trkpt>
      <trkpt lat="36.219217060133815" lon="137.24397897720337">
        <ele>537.65</ele>
      </trkpt>
      <trkpt lat="36.21922217309475" lon="137.24385609850287">
        <ele>537.32</ele>
      </trkpt>
      <trkpt lat="36.21922326274216" lon="137.24375828169286">
        <ele>537.01</ele>
      </trkpt>
      <trkpt lat="36.21921295300126" lon="137.24344186484814">
        <ele>536.7</ele>
      </trkpt>
      <trkpt lat="36.21920264326036" lon="137.24312662146986">
        <ele>536.39</ele>
      </trkpt>
      <trkpt lat="36.21918939985335" lon="137.24283610470593">
        <ele>536.09</ele>
      </trkpt>
      <trkpt lat="36.21917624026537" lon="137.24254567176104">
        <ele>535.77</ele>
      </trkpt>
      <trkpt lat="36.21916308067739" lon="137.24225683137774">
        <ele>535.49</ele>
      </trkpt>
      <trkpt lat="36.21913868933916" lon="137.24208047613502">
        <ele>535.21</ele>
      </trkpt>
      <trkpt lat="36.219124775379896" lon="137.24176623858511">
        <ele>534.93</ele>
      </trkpt>
      <trkpt lat="36.21911094523966" lon="137.2414520010352">
        <ele>534.65</ele>
      </trkpt>
      <trkpt lat="36.21909719891846" lon="137.24113969132304">
        <ele>534.35</ele>
      </trkpt>
      <trkpt lat="36.21907557360828" lon="137.2409860510379">
        <ele>534.07</ele>
      </trkpt>
      <trkpt lat="36.21905067935586" lon="137.24075253121555">
        <ele>533.79</ele>
      </trkpt>
      <trkpt lat="36.21902586892247" lon="137.24051993340254">
        <ele>533.52</ele>
      </trkpt>
      <trkpt lat="36.2189915869385" lon="137.2402597591281">
        <ele>533.2</ele>
      </trkpt>
      <trkpt lat="36.21895747259259" lon="137.24000059068203">
        <ele>532.87</ele>
      </trkpt>
      <trkpt lat="36.21891531161964" lon="137.23967009223998">
        <ele>532.6</ele>
      </trkpt>
      <trkpt lat="36.218873066827655" lon="137.23933967761695">
        <ele>532.34</ele>
      </trkpt>
      <trkpt lat="36.2188309058547" lon="137.23900926299393">
        <ele>532.02</ele>
      </trkpt>
      <trkpt lat="36.218789080157876" lon="137.23868136294186">
        <ele>531.72</ele>
      </trkpt>
      <trkpt lat="36.218747003003955" lon="137.23834734410048">
        <ele>531.41</ele>
      </trkpt>
      <trkpt lat="36.218704842031" lon="137.2380133252591">
        <ele>531.1</ele>
      </trkpt>
      <trkpt lat="36.21866276487708" lon="137.23767922259867">
        <ele>530.82</ele>
      </trkpt>
      <trkpt lat="36.21862068772316" lon="137.2373452037573">
        <ele>530.57</ele>
      </trkpt>
      <trkpt lat="36.21857861056924" lon="137.2370111849159">
        <ele>530.27</ele>
      </trkpt>
      <trkpt lat="36.218536952510476" lon="137.23668093793094">
        <ele>529.97</ele>
      </trkpt>
      <trkpt lat="36.218493366613984" lon="137.236321689561">
        <ele>529.66</ele>
      </trkpt>
      <trkpt lat="36.218449864536524" lon="137.23596378229558">
        <ele>529.42</ele>
      </trkpt>
      <trkpt lat="36.218418600037694" lon="137.23566957749426">
        <ele>529.15</ele>
      </trkpt>
      <trkpt lat="36.218387335538864" lon="137.23537545651197">
        <ele>528.87</ele>
      </trkpt>
      <trkpt lat="36.2183562386781" lon="137.2350829280913">
        <ele>528.6</ele>
      </trkpt>
      <trkpt lat="36.21831868775189" lon="137.23480196669698">
        <ele>528.32</ele>
      </trkpt>
      <trkpt lat="36.21828122064471" lon="137.23452100530267">
        <ele>528.02</ele>
      </trkpt>
      <trkpt lat="36.21824383735657" lon="137.23424163646996">
        <ele>527.68</ele>
      </trkpt>
      <trkpt lat="36.21819279156625" lon="137.23387006670237">
        <ele>527.35</ele>
      </trkpt>
      <trkpt lat="36.218141661956906" lon="137.23349849693477">
        <ele>527.02</ele>
      </trkpt>
      <trkpt lat="36.21809086762369" lon="137.23312893882394">
        <ele>526.7</ele>
      </trkpt>
      <trkpt lat="36.21804443188012" lon="137.23278108984232">
        <ele>526.39</ele>
      </trkpt>
      <trkpt lat="36.21799816377461" lon="137.23243449814618">
        <ele>526.02</ele>
      </trkpt>
      <trkpt lat="36.21797561645508" lon="137.2322670277208">
        <ele>525.72</ele>
      </trkpt>
      <trkpt lat="36.217927085235715" lon="137.2319831326604">
        <ele>525.4</ele>
      </trkpt>
      <trkpt lat="36.217881152406335" lon="137.2317740879953">
        <ele>525.07</ele>
      </trkpt>
      <trkpt lat="36.21781149879098" lon="137.2315597627312">
        <ele>524.73</ele>
      </trkpt>
      <trkpt lat="36.21773614548147" lon="137.23137075081468">
        <ele>524.41</ele>
      </trkpt>
      <trkpt lat="36.21766095981002" lon="137.23118215799332">
        <ele>524.12</ele>
      </trkpt>
      <trkpt lat="36.217553755268455" lon="137.23094679415226">
        <ele>523.85</ele>
      </trkpt>
      <trkpt lat="36.217446718364954" lon="137.2307119332254">
        <ele>523.57</ele>
      </trkpt>
      <trkpt lat="36.217377316206694" lon="137.23054236732423">
        <ele>523.23</ele>
      </trkpt>
      <trkpt lat="36.21730145998299" lon="137.23030423745513">
        <ele>522.88</ele>
      </trkpt>
      <trkpt lat="36.21724613942206" lon="137.2300776746124">
        <ele>522.56</ele>
      </trkpt>
      <trkpt lat="36.21721303090453" lon="137.2298691328615">
        <ele>522.25</ele>
      </trkpt>
      <trkpt lat="36.2171886395663" lon="137.22962446510792">
        <ele>521.93</ele>
      </trkpt>
      <trkpt lat="36.21718109585345" lon="137.22931726835668">
        <ele>521.55</ele>
      </trkpt>
      <trkpt lat="36.21718696318567" lon="137.22900009714067">
        <ele>521.19</ele>
      </trkpt>
      <trkpt lat="36.21719283051789" lon="137.22868418321013">
        <ele>520.86</ele>
      </trkpt>
      <trkpt lat="36.217206325381994" lon="137.2284287866205">
        <ele>520.53</ele>
      </trkpt>
      <trkpt lat="36.21721973642707" lon="137.22817447967827">
        <ele>520.23</ele>
      </trkpt>
      <trkpt lat="36.21724278666079" lon="137.22783928737044">
        <ele>519.94</ele>
      </trkpt>
      <trkpt lat="36.21724622324109" lon="137.2276985552162">
        <ele>519.65</ele>
      </trkpt>
      <trkpt lat="36.21725192293525" lon="137.22741306759417">
        <ele>519.31</ele>
      </trkpt>
      <trkpt lat="36.21725452132523" lon="137.2270539868623">
        <ele>518.95</ele>
      </trkpt>
      <trkpt lat="36.21724857017398" lon="137.226841757074">
        <ele>518.63</ele>
      </trkpt>
      <trkpt lat="36.21724857017398" lon="137.2266689222306">
        <ele>518.33</ele>
      </trkpt>
      <trkpt lat="36.21723448857665" lon="137.22648804076016">
        <ele>518.06</ele>
      </trkpt>
      <trkpt lat="36.21722476556897" lon="137.22614756785333">
        <ele>517.78</ele>
      </trkpt>
      <trkpt lat="36.217215126380324" lon="137.225808436051">
        <ele>517.47</ele>
      </trkpt>
      <trkpt lat="36.21720029041171" lon="137.22542194649577">
        <ele>517.15</ele>
      </trkpt>
      <trkpt lat="36.21718553826213" lon="137.22503554075956">
        <ele>516.86</ele>
      </trkpt>
      <trkpt lat="36.217170702293515" lon="137.22464905120432">
        <ele>516.51</ele>
      </trkpt>
      <trkpt lat="36.21715595014393" lon="137.22426566295326">
        <ele>516.25</ele>
      </trkpt>
      <trkpt lat="36.21714203618467" lon="137.2241087537259">
        <ele>516.0</ele>
      </trkpt>
      <trkpt lat="36.21711948886514" lon="137.22399484366179">
        <ele>515.74</ele>
      </trkpt>
      <trkpt lat="36.217072047293186" lon="137.22380189225078">
        <ele>515.49</ele>
      </trkpt>
      <trkpt lat="36.21696878224611" lon="137.22348036244512">
        <ele>515.24</ele>
      </trkpt>
      <trkpt lat="36.216865852475166" lon="137.22315983846784">
        <ele>514.98</ele>
      </trkpt>
      <trkpt lat="36.216762335971" lon="137.2228505462408">
        <ele>514.7</ele>
      </trkpt>
      <trkpt lat="36.2166587356478" lon="137.22254125401378">
        <ele>514.41</ele>
      </trkpt>
      <trkpt lat="36.21655521914363" lon="137.22223196178675">
        <ele>514.19</ele>
      </trkpt>
      <trkpt lat="36.21645161882043" lon="137.22192266955972">
        <ele>513.96</ele>
      </trkpt>
      <trkpt lat="36.216348772868514" lon="137.22161547280848">
        <ele>513.74</ele>
      </trkpt>
      <trkpt lat="36.21625271625817" lon="137.22133979201317">
        <ele>513.48</ele>
      </trkpt>
      <trkpt lat="36.21615665964782" lon="137.2210641950369">
        <ele>513.22</ele>
      </trkpt>
      <trkpt lat="36.2160609383136" lon="137.22078968770802">
        <ele>512.97</ele>
      </trkpt>
      <trkpt lat="36.21594434604049" lon="137.22046530805528">
        <ele>512.71</ele>
      </trkpt>
      <trkpt lat="36.21582775376737" lon="137.22014092840254">
        <ele>512.49</ele>
      </trkpt>
      <trkpt lat="36.215711580589414" lon="137.21981772221625">
        <ele>512.31</ele>
      </trkpt>
      <trkpt lat="36.21559917926788" lon="137.21949082799256">
        <ele>512.12</ele>
      </trkpt>
      <trkpt lat="36.215486861765385" lon="137.21916393376887">
        <ele>511.9</ele>
      </trkpt>
      <trkpt lat="36.215374460443854" lon="137.21883703954518">
        <ele>511.7</ele>
      </trkpt>
      <trkpt lat="36.215262059122324" lon="137.21851006150246">
        <ele>511.46</ele>
      </trkpt>
      <trkpt lat="36.21515049599111" lon="137.2181853465736">
        <ele>511.26</ele>
      </trkpt>
      <trkpt lat="36.21505435556173" lon="137.21790715120733">
        <ele>511.09</ele>
      </trkpt>
      <trkpt lat="36.214958215132356" lon="137.21762895584106">
        <ele>510.93</ele>
      </trkpt>
      <trkpt lat="36.21486207470298" lon="137.21735067665577">
        <ele>510.77</ele>
      </trkpt>
      <trkpt lat="36.21476643718779" lon="137.21707399003208">
        <ele>510.6</ele>
      </trkpt>
      <trkpt lat="36.21465219184756" lon="137.21675681881607">
        <ele>510.46</ele>
      </trkpt>
      <trkpt lat="36.214537946507335" lon="137.2164397314191">
        <ele>510.38</ele>
      </trkpt>
      <trkpt lat="36.214423617348075" lon="137.21612256020308">
        <ele>510.25</ele>
      </trkpt>
      <trkpt lat="36.21430995874107" lon="137.2158070653677">
        <ele>510.12</ele>
      </trkpt>
      <trkpt lat="36.21421616524458" lon="137.21563515253365">
        <ele>510.05</ele>
      </trkpt>
      <trkpt lat="36.21402891352773" lon="137.21537271514535">
        <ele>510.02</ele>
      </trkpt>
      <trkpt lat="36.21384157799184" lon="137.21511027775705">
        <ele>510.03</ele>
      </trkpt>
      <trkpt lat="36.21365432627499" lon="137.21484792418778">
        <ele>510.01</ele>
      </trkpt>
      <trkpt lat="36.21346900239587" lon="137.21459328196943">
        <ele>509.97</ele>
      </trkpt>
      <trkpt lat="36.213283678516746" lon="137.21433863975108">
        <ele>509.91</ele>
      </trkpt>
      <trkpt lat="36.21309835463762" lon="137.21408408135176">
        <ele>509.99</ele>
      </trkpt>
      <trkpt lat="36.21306189335883" lon="137.21407938748598">
        <ele>510.05</ele>
      </trkpt>
      <trkpt lat="36.2128665111959" lon="137.21423386596143">
        <ele>510.09</ele>
      </trkpt>
      <trkpt lat="36.21267079375684" lon="137.21438876353204">
        <ele>510.15</ele>
      </trkpt>
      <trkpt lat="36.21254808269441" lon="137.21450778655708">
        <ele>510.26</ele>
      </trkpt>
      <trkpt lat="36.212466694414616" lon="137.21460384316742">
        <ele>510.39</ele>
      </trkpt>
      <trkpt lat="36.2123102042824" lon="137.2148363571614">
        <ele>510.59</ele>
      </trkpt>
      <trkpt lat="36.21215379796922" lon="137.21506878733635">
        <ele>510.76</ele>
      </trkpt>
      <trkpt lat="36.21224222704768" lon="137.21515688113868">
        <ele>510.97</ele>
      </trkpt>
      <trkpt lat="36.21224113740027" lon="137.21521438099444">
        <ele>511.17</ele>
      </trkpt>
      <trkpt lat="36.212148098275065" lon="137.21530934795737">
        <ele>511.38</ele>
      </trkpt>
      <trkpt lat="36.21196394786239" lon="137.2153786662966">
        <ele>511.58</ele>
      </trkpt>
      <trkpt lat="36.21184492483735" lon="137.21556248143315">
        <ele>511.78</ele>
      </trkpt>
      <trkpt lat="36.21173646301031" lon="137.2157325502485">
        <ele>512.02</ele>
      </trkpt>
      <trkpt lat="36.2116280850023" lon="137.21590253524482">
        <ele>512.27</ele>
      </trkpt>
      <trkpt lat="36.21144259348512" lon="137.21621057018638">
        <ele>512.59</ele>
      </trkpt>
      <trkpt lat="36.211275793612" lon="137.21650142222643">
        <ele>512.85</ele>
      </trkpt>
      <trkpt lat="36.211197758093476" lon="137.21665363758802">
        <ele>513.15</ele>
      </trkpt>
      <trkpt lat="36.211136067286134" lon="137.2167632728815">
        <ele>513.44</ele>
      </trkpt>
      <trkpt lat="36.211091643199325" lon="137.21683125011623">
        <ele>513.71</ele>
      </trkpt>
      <trkpt lat="36.21094495989382" lon="137.21705538220704">
        <ele>513.99</ele>
      </trkpt>
      <trkpt lat="36.21079836040735" lon="137.21727934665978">
        <ele>514.22</ele>
      </trkpt>
      <trkpt lat="36.210644133388996" lon="137.21750213764608">
        <ele>514.51</ele>
      </trkpt>
      <trkpt lat="36.21045319363475" lon="137.21777848899364">
        <ele>514.84</ele>
      </trkpt>
      <trkpt lat="36.21035101823509" lon="137.21793397329748">
        <ele>515.15</ele>
      </trkpt>
      <trkpt lat="36.21024892665446" lon="137.21808937378228">
        <ele>515.38</ele>
      </trkpt>
      <trkpt lat="36.21007718145847" lon="137.21831308677793">
        <ele>515.54</ele>
      </trkpt>
      <trkpt lat="36.20993728749454" lon="137.21850084140897">
        <ele>515.71</ele>
      </trkpt>
      <trkpt lat="36.20979747734964" lon="137.21868867985904">
        <ele>516.01</ele>
      </trkpt>
      <trkpt lat="36.20967878960073" lon="137.21884760074317">
        <ele>516.22</ele>
      </trkpt>
      <trkpt lat="36.20956001803279" lon="137.2190065216273">
        <ele>516.49</ele>
      </trkpt>
      <trkpt lat="36.20944459922612" lon="137.21915253438056">
        <ele>516.63</ele>
      </trkpt>
      <trkpt lat="36.20932909660041" lon="137.2192985471338">
        <ele>516.76</ele>
      </trkpt>
      <trkpt lat="36.209130361676216" lon="137.21957464702427">
        <ele>516.85</ele>
      </trkpt>
      <trkpt lat="36.20899759232998" lon="137.21976877190173">
        <ele>516.91</ele>
      </trkpt>
      <trkpt lat="36.20886482298374" lon="137.21996272914112">
        <ele>516.86</ele>
      </trkpt>
      <trkpt lat="36.208747224882245" lon="137.2201582789421">
        <ele>516.81</ele>
      </trkpt>
      <trkpt lat="36.20862962678075" lon="137.22035366110504">
        <ele>516.72</ele>
      </trkpt>
      <trkpt lat="36.20851722545922" lon="137.22052699886262">
        <ele>516.59</ele>
      </trkpt>
      <trkpt lat="36.2084265332669" lon="137.22072313539684">
        <ele>516.48</ele>
      </trkpt>
      <trkpt lat="36.208330895751715" lon="137.22099931910634">
        <ele>516.32</ele>
      </trkpt>
      <trkpt lat="36.208235174417496" lon="137.22127550281584">
        <ele>516.19</ele>
      </trkpt>
      <trkpt lat="36.20813945308328" lon="137.22155168652534">
        <ele>516.01</ele>
      </trkpt>
      <trkpt lat="36.20804423466325" lon="137.22182636149228">
        <ele>515.77</ele>
      </trkpt>
      <trkpt lat="36.20793962851167" lon="137.22212936729193">
        <ele>515.5</ele>
      </trkpt>
      <trkpt lat="36.207835022360086" lon="137.22243228927255">
        <ele>515.32</ele>
      </trkpt>
      <trkpt lat="36.207730416208506" lon="137.2227352950722">
        <ele>515.15</ele>
      </trkpt>
      <trkpt lat="36.207625810056925" lon="137.22303830087185">
        <ele>514.92</ele>
      </trkpt>
      <trkpt lat="36.2075218744576" lon="137.22333929501474">
        <ele>514.64</ele>
      </trkpt>
      <trkpt lat="36.20743026025593" lon="137.22361505962908">
        <ele>514.41</ele>
      </trkpt>
      <trkpt lat="36.207338981330395" lon="137.22389015369117">
        <ele>514.27</ele>
      </trkpt>
      <trkpt lat="36.20724895969033" lon="137.22413834184408">
        <ele>514.12</ele>
      </trkpt>
      <trkpt lat="36.2071590218693" lon="137.22438644617796">
        <ele>513.97</ele>
      </trkpt>
      <trkpt lat="36.207069335505366" lon="137.2246336285025">
        <ele>513.87</ele>
      </trkpt>
      <trkpt lat="36.207010578364134" lon="137.22474619746208">
        <ele>513.75</ele>
      </trkpt>
      <trkpt lat="36.206928016617894" lon="137.2249484527856">
        <ele>513.67</ele>
      </trkpt>
      <trkpt lat="36.20684411376715" lon="137.22512170672417">
        <ele>513.57</ele>
      </trkpt>
      <trkpt lat="36.20676037855446" lon="137.2252946253866">
        <ele>513.48</ele>
      </trkpt>
      <trkpt lat="36.2066859472543" lon="137.22545119933784">
        <ele>513.42</ele>
      </trkpt>
      <trkpt lat="36.2065289542079" lon="137.2257383633405">
        <ele>513.41</ele>
      </trkpt>
      <trkpt lat="36.206416888162494" lon="137.22594070248306">
        <ele>513.39</ele>
      </trkpt>
      <trkpt lat="36.206304989755154" lon="137.22614279016852">
        <ele>513.31</ele>
      </trkpt>
      <trkpt lat="36.20619133114815" lon="137.22632752731442">
        <ele>513.31</ele>
      </trkpt>
      <trkpt lat="36.20607775636017" lon="137.2265121806413">
        <ele>513.34</ele>
      </trkpt>
      <trkpt lat="36.20589486323297" lon="137.2267936449498">
        <ele>513.45</ele>
      </trkpt>
      <trkpt lat="36.2057120539248" lon="137.22707494162023">
        <ele>513.53</ele>
      </trkpt>
      <trkpt lat="36.20558054186404" lon="137.22728080116212">
        <ele>513.65</ele>
      </trkpt>
      <trkpt lat="36.20544919744134" lon="137.22748649306595">
        <ele>513.77</ele>
      </trkpt>
      <trkpt lat="36.20535012334585" lon="137.22764868289232">
        <ele>513.88</ele>
      </trkpt>
      <trkpt lat="36.205251133069396" lon="137.22781078889966">
        <ele>514.03</ele>
      </trkpt>
      <trkpt lat="36.20511735789478" lon="137.22802167758346">
        <ele>514.18</ele>
      </trkpt>
      <trkpt lat="36.20498349890113" lon="137.22823265008628">
        <ele>514.37</ele>
      </trkpt>
      <trkpt lat="36.204849891364574" lon="137.22844337113202">
        <ele>514.57</ele>
      </trkpt>
      <trkpt lat="36.20472148060799" lon="137.22864361479878">
        <ele>514.83</ele>
      </trkpt>
      <trkpt lat="36.20459315367043" lon="137.22884377464652">
        <ele>515.11</ele>
      </trkpt>
      <trkpt lat="36.20440657250583" lon="137.22912901081145">
        <ele>515.39</ele>
      </trkpt>
      <trkpt lat="36.2042201589793" lon="137.2294140793383">
        <ele>515.71</ele>
      </trkpt>
      <trkpt lat="36.20406442321837" lon="137.2296577412635">
        <ele>516.03</ele>
      </trkpt>
      <trkpt lat="36.203908855095506" lon="137.22990123555064">
        <ele>516.44</ele>
      </trkpt>
      <trkpt lat="36.20373803190887" lon="137.23016652278602">
        <ele>516.83</ele>
      </trkpt>
      <trkpt lat="36.203567292541265" lon="137.23043164238334">
        <ele>517.21</ele>
      </trkpt>
      <trkpt lat="36.20350409299135" lon="137.23053113557398">
        <ele>517.61</ele>
      </trkpt>
      <trkpt lat="36.20340719819069" lon="137.23069231957197">
        <ele>518.04</ele>
      </trkpt>
      <trkpt lat="36.20331047102809" lon="137.2308533359319">
        <ele>518.48</ele>
      </trkpt>
      <trkpt lat="36.2031286675483" lon="137.23113094456494">
        <ele>518.94</ele>
      </trkpt>
      <trkpt lat="36.20294694788754" lon="137.23140838555992">
        <ele>519.49</ele>
      </trkpt>
      <trkpt lat="36.2028263323009" lon="137.23159538581967">
        <ele>520.02</ele>
      </trkpt>
      <trkpt lat="36.20270571671426" lon="137.23178238607943">
        <ele>520.51</ele>
      </trkpt>
      <trkpt lat="36.20253372006118" lon="137.23206385038793">
        <ele>521.02</ele>
      </trkpt>
      <trkpt lat="36.202364321798086" lon="137.23234095610678">
        <ele>521.52</ele>
      </trkpt>
      <trkpt lat="36.202292740345" lon="137.23247012123466">
        <ele>522.05</ele>
      </trkpt>
      <trkpt lat="36.20213013142347" lon="137.23279776982963">
        <ele>522.63</ele>
      </trkpt>
      <trkpt lat="36.202039355412126" lon="137.2329924814403">
        <ele>523.19</ele>
      </trkpt>
      <trkpt lat="36.20196484029293" lon="137.23319792188704">
        <ele>523.8</ele>
      </trkpt>
      <trkpt lat="36.201879009604454" lon="137.2334660589695">
        <ele>524.41</ele>
      </trkpt>
      <trkpt lat="36.20179343037307" lon="137.23373344168067">
        <ele>525.04</ele>
      </trkpt>
      <trkpt lat="36.201736852526665" lon="137.23398255184293">
        <ele>525.57</ele>
      </trkpt>
      <trkpt lat="36.20168044231832" lon="137.23423073999584">
        <ele>526.14</ele>
      </trkpt>
      <trkpt lat="36.2016314920038" lon="137.23451932892203">
        <ele>526.65</ele>
      </trkpt>
      <trkpt lat="36.201582457870245" lon="137.23480791784823">
        <ele>527.23</ele>
      </trkpt>
      <trkpt lat="36.20153375901282" lon="137.2350948303938">
        <ele>527.84</ele>
      </trkpt>
      <trkpt lat="36.20149117894471" lon="137.23543899133801">
        <ele>528.42</ele>
      </trkpt>
      <trkpt lat="36.20144876651466" lon="137.23578189499676">
        <ele>528.82</ele>
      </trkpt>
      <trkpt lat="36.20141448453069" lon="137.23613946698606">
        <ele>529.17</ele>
      </trkpt>
      <trkpt lat="36.201380202546716" lon="137.2364971227944">
        <ele>529.55</ele>
      </trkpt>
      <trkpt lat="36.20134617201984" lon="137.23685268312693">
        <ele>529.8</ele>
      </trkpt>
      <trkpt lat="36.20131918229163" lon="137.23716801032424">
        <ele>529.84</ele>
      </trkpt>
      <trkpt lat="36.201292192563415" lon="137.23748325370252">
        <ele>529.89</ele>
      </trkpt>
      <trkpt lat="36.201265370473266" lon="137.23779673688114">
        <ele>529.93</ele>
      </trkpt>
      <trkpt lat="36.201238045468926" lon="137.2381053585559">
        <ele>529.94</ele>
      </trkpt>
      <trkpt lat="36.20121072046459" lon="137.23841389641166">
        <ele>529.97</ele>
      </trkpt>
      <trkpt lat="36.20118356309831" lon="137.23872067406774">
        <ele>530.14</ele>
      </trkpt>
      <trkpt lat="36.20115623809397" lon="137.23910464905202">
        <ele>530.24</ele>
      </trkpt>
      <trkpt lat="36.201128996908665" lon="137.2394886240363">
        <ele>530.35</ele>
      </trkpt>
      <trkpt lat="36.20110183954239" lon="137.23987033590674">
        <ele>530.51</ele>
      </trkpt>
      <trkpt lat="36.20110183954239" lon="137.24004928953946">
        <ele>530.65</ele>
      </trkpt>
      <trkpt lat="36.20110971853137" lon="137.24017904140055">
        <ele>530.78</ele>
      </trkpt>
      <trkpt lat="36.20112195611" lon="137.24025917239487">
        <ele>530.91</ele>
      </trkpt>
      <trkpt lat="36.201132852584124" lon="137.24031834863126">
        <ele>531.04</ele>
      </trkpt>
      <trkpt lat="36.201154477894306" lon="137.24038682878017">
        <ele>531.18</ele>
      </trkpt>
      <trkpt lat="36.20118456892669" lon="137.24049562588334">
        <ele>531.32</ele>
      </trkpt>
      <trkpt lat="36.20120502077043" lon="137.24057617597282">
        <ele>531.46</ele>
      </trkpt>
      <trkpt lat="36.201208624988794" lon="137.24059394560754">
        <ele>531.59</ele>
      </trkpt>
      <trkpt lat="36.20121222920716" lon="137.24060584791005">
        <ele>531.73</ele>
      </trkpt>
      <trkpt lat="36.201216923072934" lon="137.24062378518283">
        <ele>531.87</ele>
      </trkpt>
      <trkpt lat="36.20122304186225" lon="137.24064767360687">
        <ele>532.01</ele>
      </trkpt>
      <trkpt lat="36.20123578235507" lon="137.24070064723492">
        <ele>532.15</ele>
      </trkpt>
      <trkpt lat="36.201286325231194" lon="137.24089317955077">
        <ele>532.3</ele>
      </trkpt>
      <trkpt lat="36.20133678428829" lon="137.2410851251334">
        <ele>532.47</ele>
      </trkpt>
      <trkpt lat="36.20141515508294" lon="137.2413131967187">
        <ele>532.71</ele>
      </trkpt>
      <trkpt lat="36.20151959359646" lon="137.24151427857578">
        <ele>532.95</ele>
      </trkpt>
      <trkpt lat="36.20162294246256" lon="137.24170236848295">
        <ele>533.22</ele>
      </trkpt>
      <trkpt lat="36.20170868933201" lon="137.24189448170364">
        <ele>533.5</ele>
      </trkpt>
      <trkpt lat="36.201766692101955" lon="137.24202129989862">
        <ele>533.63</ele>
      </trkpt>
      <trkpt lat="36.20179787278175" lon="137.24211157299578">
        <ele>533.71</ele>
      </trkpt>
      <trkpt lat="36.201816061511636" lon="137.24220444448292">
        <ele>533.78</ele>
      </trkpt>
      <trkpt lat="36.20182259939611" lon="137.2423278260976">
        <ele>533.79</ele>
      </trkpt>
      <trkpt lat="36.20180633850396" lon="137.24263653159142">
        <ele>533.7</ele>
      </trkpt>
      <trkpt lat="36.201790077611804" lon="137.2429451532662">
        <ele>533.57</ele>
      </trkpt>
      <trkpt lat="36.20177381671965" lon="137.24325377494097">
        <ele>533.47</ele>
      </trkpt>
      <trkpt lat="36.20175763964653" lon="137.24355996586382">
        <ele>533.44</ele>
      </trkpt>
      <trkpt lat="36.20173676870763" lon="137.24381963722408">
        <ele>533.42</ele>
      </trkpt>
      <trkpt lat="36.201715813949704" lon="137.24407930858433">
        <ele>533.32</ele>
      </trkpt>
      <trkpt lat="36.20169502682984" lon="137.24433747120202">
        <ele>533.18</ele>
      </trkpt>
      <trkpt lat="36.201651776209474" lon="137.24458515644073">
        <ele>533.02</ele>
      </trkpt>
      <trkpt lat="36.20159880258143" lon="137.24485957995057">
        <ele>532.88</ele>
      </trkpt>
      <trkpt lat="36.201545745134354" lon="137.24513408727944">
        <ele>532.77</ele>
      </trkpt>
      <trkpt lat="36.201493022963405" lon="137.24540708586574">
        <ele>532.61</ele>
      </trkpt>
      <trkpt lat="36.2014274764806" lon="137.24577287212014">
        <ele>532.44</ele>
      </trkpt>
      <trkpt lat="36.20136184617877" lon="137.24613865837455">
        <ele>532.26</ele>
      </trkpt>
      <trkpt lat="36.201296551153064" lon="137.2465024329722">
        <ele>532.07</ele>
      </trkpt>
      <trkpt lat="36.20122362859547" lon="137.24680652841926">
        <ele>531.89</ele>
      </trkpt>
      <trkpt lat="36.201150957494974" lon="137.2471095342189">
        <ele>531.66</ele>
      </trkpt>
      <trkpt lat="36.20112195611" lon="137.2472376935184">
        <ele>531.42</ele>
      </trkpt>
      <trkpt lat="36.201092367991805" lon="137.24749501794577">
        <ele>531.23</ele>
      </trkpt>
      <trkpt lat="36.20106906630099" lon="137.24773096852005">
        <ele>530.99</ele>
      </trkpt>
      <trkpt lat="36.20104534551501" lon="137.24779475480318">
        <ele>530.72</ele>
      </trkpt>
      <trkpt lat="36.20099337771535" lon="137.24788963794708">
        <ele>530.45</ele>
      </trkpt>
      <trkpt lat="36.200951132923365" lon="137.24796985276043">
        <ele>530.14</ele>
      </trkpt>
      <trkpt lat="36.20088927447796" lon="137.24795694462955">
        <ele>529.81</ele>
      </trkpt>
      <trkpt lat="36.20081442408264" lon="137.24793154746294">
        <ele>529.46</ele>
      </trkpt>
      <trkpt lat="36.20058442465961" lon="137.24786901846528">
        <ele>529.06</ele>
      </trkpt>
      <trkpt lat="36.20034956373274" lon="137.24780942313373">
        <ele>528.66</ele>
      </trkpt>
      <trkpt lat="36.20022182352841" lon="137.24779802374542">
        <ele>528.3</ele>
      </trkpt>
      <trkpt lat="36.20023272000253" lon="137.2476158849895">
        <ele>527.98</ele>
      </trkpt>
      <trkpt lat="36.20014697313309" lon="137.24760146811604">
        <ele>527.66</ele>
      </trkpt>
      <trkpt lat="36.20013339444995" lon="137.24763189442456">
        <ele>527.37</ele>
      </trkpt>
      <trkpt lat="36.2001081649214" lon="137.24766039289534">
        <ele>527.1</ele>
      </trkpt>
      <trkpt lat="36.20004395954311" lon="137.24765812978148">
        <ele>526.83</ele>
      </trkpt>
      <trkpt lat="36.19983281940222" lon="137.24763155914843">
        <ele>526.56</ele>
      </trkpt>
      <trkpt lat="36.199621595442295" lon="137.24760498851538">
        <ele>526.29</ele>
      </trkpt>
      <trkpt lat="36.19940894655883" lon="137.24757816642523">
        <ele>525.99</ele>
      </trkpt>
      <trkpt lat="36.19920744560659" lon="137.24755939096212">
        <ele>525.75</ele>
      </trkpt>
      <trkpt lat="36.19900778867304" lon="137.24753776565194">
        <ele>525.55</ele>
      </trkpt>
      <trkpt lat="36.19882724247873" lon="137.24751295521855">
        <ele>525.44</ele>
      </trkpt>
      <trkpt lat="36.19864594191313" lon="137.24748806096613">
        <ele>525.41</ele>
      </trkpt>
      <trkpt lat="36.198484590277076" lon="137.24745243787766">
        <ele>525.44</ele>
      </trkpt>
      <trkpt lat="36.19831963442266" lon="137.24743156693876">
        <ele>525.53</ele>
      </trkpt>
      <trkpt lat="36.19815384037793" lon="137.2474105283618">
        <ele>525.63</ele>
      </trkpt>
      <trkpt lat="36.19799332693219" lon="137.2473896574229">
        <ele>525.75</ele>
      </trkpt>
      <trkpt lat="36.197966085746884" lon="137.24737532436848">
        <ele>525.88</ele>
      </trkpt>
      <trkpt lat="36.197953429073095" lon="137.2474758233875">
        <ele>526.02</ele>
      </trkpt>
      <trkpt lat="36.197935324162245" lon="137.24751672707498">
        <ele>526.21</ele>
      </trkpt>
      <trkpt lat="36.19792032055557" lon="137.24772124551237">
        <ele>526.41</ele>
      </trkpt>
      <trkpt lat="36.197896264493465" lon="137.24796432070434">
        <ele>526.69</ele>
      </trkpt>
      <trkpt lat="36.197872292250395" lon="137.24820639006793">
        <ele>526.96</ele>
      </trkpt>
      <trkpt lat="36.197851337492466" lon="137.24841174669564">
        <ele>527.23</ele>
      </trkpt>
      <trkpt lat="36.19782275520265" lon="137.24871617741883">
        <ele>527.54</ele>
      </trkpt>
      <trkpt lat="36.19780163280666" lon="137.24897635169327">
        <ele>527.9</ele>
      </trkpt>
      <trkpt lat="36.197768272832036" lon="137.24933509714901">
        <ele>528.29</ele>
      </trkpt>
      <trkpt lat="36.197734996676445" lon="137.2496939264238">
        <ele>528.74</ele>
      </trkpt>
      <trkpt lat="36.19770163670182" lon="137.25005267187953">
        <ele>529.22</ele>
      </trkpt>
      <trkpt lat="36.1976682767272" lon="137.25041141733527">
        <ele>529.81</ele>
      </trkpt>
      <trkpt lat="36.19763491675258" lon="137.250770162791">
        <ele>530.4</ele>
      </trkpt>
      <trkpt lat="36.19760197587311" lon="137.25112471729517">
        <ele>530.84</ele>
      </trkpt>
      <trkpt lat="36.19756769388914" lon="137.25151112303138">
        <ele>531.28</ele>
      </trkpt>
      <trkpt lat="36.1975334957242" lon="137.25189752876759">
        <ele>531.72</ele>
      </trkpt>
      <trkpt lat="36.197499465197325" lon="137.25228167138994">
        <ele>532.19</ele>
      </trkpt>
      <trkpt lat="36.19746543467045" lon="137.25239155814052">
        <ele>532.72</ele>
      </trkpt>
      <trkpt lat="36.19743961840868" lon="137.25269481539726">
        <ele>533.25</ele>
      </trkpt>
      <trkpt lat="36.19741371832788" lon="137.25299798883498">
        <ele>533.79</ele>
      </trkpt>
      <trkpt lat="36.197388069704175" lon="137.25329948589206">
        <ele>534.33</ele>
      </trkpt>
      <trkpt lat="36.19734674692154" lon="137.25347567349672">
        <ele>534.92</ele>
      </trkpt>
      <trkpt lat="36.19727625511587" lon="137.2536389529705">
        <ele>535.49</ele>
      </trkpt>
      <trkpt lat="36.19716142304242" lon="137.2539201658219">
        <ele>536.05</ele>
      </trkpt>
      <trkpt lat="36.19705270975828" lon="137.25414907559752">
        <ele>536.55</ele>
      </trkpt>
      <trkpt lat="36.19694416411221" lon="137.254377650097">
        <ele>537.06</ele>
      </trkpt>
      <trkpt lat="36.19689051993191" lon="137.254380248487">
        <ele>537.56</ele>
      </trkpt>
      <trkpt lat="36.19692128151655" lon="137.25443749688566">
        <ele>538.04</ele>
      </trkpt>
      <trkpt lat="36.196845173835754" lon="137.2545885387808">
        <ele>538.51</ele>
      </trkpt>
      <trkpt lat="36.196777783334255" lon="137.25473606027663">
        <ele>538.96</ele>
      </trkpt>
      <trkpt lat="36.196681559085846" lon="137.2549046203494">
        <ele>539.41</ele>
      </trkpt>
      <trkpt lat="36.19658659212291" lon="137.25504317320883">
        <ele>539.85</ele>
      </trkpt>
      <trkpt lat="36.19646782055497" lon="137.25522682070732">
        <ele>540.29</ele>
      </trkpt>
      <trkpt lat="36.196359023451805" lon="137.25539739243686">
        <ele>540.76</ele>
      </trkpt>
      <trkpt lat="36.196177219972014" lon="137.25567324087024">
        <ele>541.31</ele>
      </trkpt>
      <trkpt lat="36.19599558413029" lon="137.2559490893036">
        <ele>541.69</ele>
      </trkpt>
      <trkpt lat="36.19586331769824" lon="137.25615318864584">
        <ele>542.01</ele>
      </trkpt>
      <trkpt lat="36.19579483754933" lon="137.25626349449158">
        <ele>542.21</ele>
      </trkpt>
      <trkpt lat="36.195691991597414" lon="137.25642140954733">
        <ele>542.34</ele>
      </trkpt>
      <trkpt lat="36.1955891456455" lon="137.25657924078405">
        <ele>542.38</ele>
      </trkpt>
      <trkpt lat="36.1954612378031" lon="137.25671184249222">
        <ele>542.38</ele>
      </trkpt>
      <trkpt lat="36.19533743709326" lon="137.2568235732615">
        <ele>542.44</ele>
      </trkpt>
      <trkpt lat="36.19521975517273" lon="137.25690353661776">
        <ele>542.48</ele>
      </trkpt>
      <trkpt lat="36.19496528059244" lon="137.25708525627851">
        <ele>542.45</ele>
      </trkpt>
      <trkpt lat="36.194817423820496" lon="137.2571999207139">
        <ele>542.48</ele>
      </trkpt>
      <trkpt lat="36.194728491827846" lon="137.25725959986448">
        <ele>542.5</ele>
      </trkpt>
      <trkpt lat="36.19449857622385" lon="137.25742572918534">
        <ele>542.49</ele>
      </trkpt>
      <trkpt lat="36.194410817697644" lon="137.25751499645412">
        <ele>542.48</ele>
      </trkpt>
      <trkpt lat="36.194320963695645" lon="137.25757735781372">
        <ele>542.46</ele>
      </trkpt>
      <trkpt lat="36.19421811774373" lon="137.2576365340501">
        <ele>542.46</ele>
      </trkpt>
      <trkpt lat="36.19408719241619" lon="137.25770065560937">
        <ele>542.44</ele>
      </trkpt>
      <trkpt lat="36.19391326792538" lon="137.25773795507848">
        <ele>542.42</ele>
      </trkpt>
      <trkpt lat="36.193711180239916" lon="137.2577364463359">
        <ele>542.38</ele>
      </trkpt>
      <trkpt lat="36.193616297096014" lon="137.2577152401209">
        <ele>542.33</ele>
      </trkpt>
      <trkpt lat="36.193519150838256" lon="137.25772093981504">
        <ele>542.28</ele>
      </trkpt>
      <trkpt lat="36.19348478503525" lon="137.25772496312857">
        <ele>542.26</ele>
      </trkpt>
      <trkpt lat="36.19339182972908" lon="137.25781615823507">
        <ele>542.19</ele>
      </trkpt>
      <trkpt lat="36.19334296323359" lon="137.257871478796">
        <ele>542.15</ele>
      </trkpt>
      <trkpt lat="36.19329426437616" lon="137.25790064781904">
        <ele>542.14</ele>
      </trkpt>
      <trkpt lat="36.19323877617717" lon="137.2578928526491">
        <ele>542.16</ele>
      </trkpt>
      <trkpt lat="36.193174067884684" lon="137.25785831920803">
        <ele>542.2</ele>
      </trkpt>
      <trkpt lat="36.19311187416315" lon="137.25780048407614">
        <ele>542.26</ele>
      </trkpt>
      <trkpt lat="36.192897129803896" lon="137.25769931450486">
        <ele>542.33</ele>
      </trkpt>
      <trkpt lat="36.19268246926367" lon="137.2575982287526">
        <ele>542.5</ele>
      </trkpt>
      <trkpt lat="36.192466551437974" lon="137.25749655626714">
        <ele>542.59</ele>
      </trkpt>
      <trkpt lat="36.19228516705334" lon="137.25739077664912">
        <ele>542.7</ele>
      </trkpt>
      <trkpt lat="36.19215994141996" lon="137.25730779580772">
        <ele>542.81</ele>
      </trkpt>
      <trkpt lat="36.19202063418925" lon="137.25719732232392">
        <ele>542.92</ele>
      </trkpt>
      <trkpt lat="36.191844530403614" lon="137.25706815719604">
        <ele>543.03</ele>
      </trkpt>
      <trkpt lat="36.191728273406625" lon="137.2569747827947">
        <ele>543.12</ele>
      </trkpt>
      <trkpt lat="36.19158427231014" lon="137.25687336176634">
        <ele>543.22</ele>
      </trkpt>
      <trkpt lat="36.19143985211849" lon="137.25677168928087">
        <ele>543.32</ele>
      </trkpt>
      <trkpt lat="36.19133331812918" lon="137.25666507147253">
        <ele>543.47</ele>
      </trkpt>
      <trkpt lat="36.1911166459322" lon="137.25646130740643">
        <ele>543.64</ele>
      </trkpt>
      <trkpt lat="36.190899638459086" lon="137.25625729188323">
        <ele>543.73</ele>
      </trkpt>
      <trkpt lat="36.190714314579964" lon="137.25605679675937">
        <ele>543.76</ele>
      </trkpt>
      <trkpt lat="36.190528739243746" lon="137.25585613399744">
        <ele>543.9</ele>
      </trkpt>
      <trkpt lat="36.1903134919703" lon="137.25557542406023">
        <ele>544.25</ele>
      </trkpt>
      <trkpt lat="36.19015012867749" lon="137.25534165278077">
        <ele>544.6</ele>
      </trkpt>
      <trkpt lat="36.189986849203706" lon="137.25510788150132">
        <ele>544.89</ele>
      </trkpt>
      <trkpt lat="36.189823569729924" lon="137.25487411022186">
        <ele>545.15</ele>
      </trkpt>
      <trkpt lat="36.189660374075174" lon="137.25464042276144">
        <ele>545.4</ele>
      </trkpt>
      <trkpt lat="36.18950539268553" lon="137.25441545248032">
        <ele>545.72</ele>
      </trkpt>
      <trkpt lat="36.18935049511492" lon="137.2541904821992">
        <ele>545.9</ele>
      </trkpt>
      <trkpt lat="36.189195681363344" lon="137.25396567955613">
        <ele>546.02</ele>
      </trkpt>
      <trkpt lat="36.18905612267554" lon="137.25375512614846">
        <ele>546.1</ele>
      </trkpt>
      <trkpt lat="36.188916647806764" lon="137.2535445727408">
        <ele>546.23</ele>
      </trkpt>
      <trkpt lat="36.18877725675702" lon="137.2533341869712">
        <ele>546.44</ele>
      </trkpt>
      <trkpt lat="36.18861841969192" lon="137.2531069535762">
        <ele>546.56</ele>
      </trkpt>
      <trkpt lat="36.18845958262682" lon="137.25287972018123">
        <ele>546.68</ele>
      </trkpt>
      <trkpt lat="36.18832144886255" lon="137.25268651731312">
        <ele>546.82</ele>
      </trkpt>
      <trkpt lat="36.18820192292333" lon="137.25250680930912">
        <ele>546.94</ele>
      </trkpt>
      <trkpt lat="36.18808248080313" lon="137.25232718512416">
        <ele>546.95</ele>
      </trkpt>
      <trkpt lat="36.187968319281936" lon="137.25215745158494">
        <ele>546.91</ele>
      </trkpt>
      <trkpt lat="36.18785424157977" lon="137.25198788568377">
        <ele>546.88</ele>
      </trkpt>
      <trkpt lat="36.18772465735674" lon="137.2517977003008">
        <ele>546.81</ele>
      </trkpt>
      <trkpt lat="36.18759507313371" lon="137.25160759873688">
        <ele>546.79</ele>
      </trkpt>
      <trkpt lat="36.187418131157756" lon="137.25137868896127">
        <ele>546.72</ele>
      </trkpt>
      <trkpt lat="36.187273459509015" lon="137.25121909752488">
        <ele>546.63</ele>
      </trkpt>
      <trkpt lat="36.187074556946754" lon="137.25104450248182">
        <ele>546.5</ele>
      </trkpt>
      <trkpt lat="36.186875235289335" lon="137.25086965598166">
        <ele>546.32</ele>
      </trkpt>
      <trkpt lat="36.18672444485128" lon="137.25073596462607">
        <ele>546.26</ele>
      </trkpt>
      <trkpt lat="36.186573319137096" lon="137.2506020218134">
        <ele>546.18</ele>
      </trkpt>
      <trkpt lat="36.186357820406556" lon="137.2504083160311">
        <ele>546.12</ele>
      </trkpt>
      <trkpt lat="36.186141818761826" lon="137.25021427497268">
        <ele>546.04</ele>
      </trkpt>
      <trkpt lat="36.18600091896951" lon="137.25007890723646">
        <ele>545.96</ele>
      </trkpt>
      <trkpt lat="36.185859851539135" lon="137.24994337186217">
        <ele>545.9</ele>
      </trkpt>
      <trkpt lat="36.185724986717105" lon="137.2498321440071">
        <ele>545.83</ele>
      </trkpt>
      <trkpt lat="36.18558978661895" lon="137.2497206646949">
        <ele>545.77</ele>
      </trkpt>
      <trkpt lat="36.18542080745101" lon="137.24959501996636">
        <ele>545.72</ele>
      </trkpt>
      <trkpt lat="36.185251493006945" lon="137.24946912378073">
        <ele>545.68</ele>
      </trkpt>
      <trkpt lat="36.18499282747507" lon="137.24928162060678">
        <ele>545.61</ele>
      </trkpt>
      <trkpt lat="36.1847341619432" lon="137.24909411743283">
        <ele>545.5</ele>
      </trkpt>
      <trkpt lat="36.184474574401975" lon="137.2489058598876">
        <ele>545.4</ele>
      </trkpt>
      <trkpt lat="36.18422915227711" lon="137.24873478524387">
        <ele>545.34</ele>
      </trkpt>
      <trkpt lat="36.18398373015225" lon="137.24856379441917">
        <ele>545.27</ele>
      </trkpt>
      <trkpt lat="36.18373839184642" lon="137.24839271977544">
        <ele>545.21</ele>
      </trkpt>
      <trkpt lat="36.18349162861705" lon="137.24822072312236">
        <ele>545.19</ele>
      </trkpt>
      <trkpt lat="36.18333740159869" lon="137.24811787717044">
        <ele>545.14</ele>
      </trkpt>
      <trkpt lat="36.183182671666145" lon="137.2480146959424">
        <ele>545.11</ele>
      </trkpt>
      <trkpt lat="36.18299433030188" lon="137.24788092076778">
        <ele>545.08</ele>
      </trkpt>
      <trkpt lat="36.182805486023426" lon="137.24774689413607">
        <ele>545.04</ele>
      </trkpt>
      <trkpt lat="36.18262670002878" lon="137.2476182319224">
        <ele>545.01</ele>
      </trkpt>
      <trkpt lat="36.18244749493897" lon="137.2474893182516">
        <ele>544.97</ele>
      </trkpt>
      <trkpt lat="36.18221280165017" lon="137.24732268601656">
        <ele>544.9</ele>
      </trkpt>
      <trkpt lat="36.181978192180395" lon="137.24715596996248">
        <ele>544.84</ele>
      </trkpt>
      <trkpt lat="36.181742660701275" lon="137.24698866717517">
        <ele>544.83</ele>
      </trkpt>
      <trkpt lat="36.18154258467257" lon="137.24684776738286">
        <ele>544.83</ele>
      </trkpt>
      <trkpt lat="36.1813425924629" lon="137.24670686759055">
        <ele>544.79</ele>
      </trkpt>
      <trkpt lat="36.18114176206291" lon="137.24656546488404">
        <ele>544.74</ele>
      </trkpt>
      <trkpt lat="36.18102357722819" lon="137.246496649459">
        <ele>544.72</ele>
      </trkpt>
      <trkpt lat="36.18097085505724" lon="137.24650519900024">
        <ele>544.71</ele>
      </trkpt>
      <trkpt lat="36.18087857030332" lon="137.24644233472645">
        <ele>544.72</ele>
      </trkpt>
      <trkpt lat="36.18086088448763" lon="137.2463822364807">
        <ele>544.75</ele>
      </trkpt>
      <trkpt lat="36.180651085451245" lon="137.24627151153982">
        <ele>544.78</ele>
      </trkpt>
      <trkpt lat="36.18044069968164" lon="137.24616036750376">
        <ele>544.85</ele>
      </trkpt>
      <trkpt lat="36.180258644744754" lon="137.24603237584233">
        <ele>544.9</ele>
      </trkpt>
      <trkpt lat="36.1799849756062" lon="137.24586733616889">
        <ele>544.95</ele>
      </trkpt>
      <trkpt lat="36.1797780264169" lon="137.24576096981764">
        <ele>545.01</ele>
      </trkpt>
      <trkpt lat="36.17957049049437" lon="137.24565418437123">
        <ele>545.08</ele>
      </trkpt>
      <trkpt lat="36.17934711277485" lon="137.24553323350847">
        <ele>545.14</ele>
      </trkpt>
      <trkpt lat="36.17912373505533" lon="137.24541236646473">
        <ele>545.2</ele>
      </trkpt>
      <trkpt lat="36.178899267688394" lon="137.24529082886875">
        <ele>545.27</ele>
      </trkpt>
      <trkpt lat="36.17867371067405" lon="137.24518823437393">
        <ele>545.32</ele>
      </trkpt>
      <trkpt lat="36.178447399288416" lon="137.24508522078395">
        <ele>545.39</ele>
      </trkpt>
      <trkpt lat="36.17816015146673" lon="137.24496678449214">
        <ele>545.49</ele>
      </trkpt>
      <trkpt lat="36.17787290364504" lon="137.24484834820032">
        <ele>545.61</ele>
      </trkpt>
      <trkpt lat="36.177583979442716" lon="137.24472915753722">
        <ele>545.71</ele>
      </trkpt>
      <trkpt lat="36.177295641973615" lon="137.24461055360734">
        <ele>545.81</ele>
      </trkpt>
      <trkpt lat="36.17700629867613" lon="137.2444915305823">
        <ele>545.91</ele>
      </trkpt>
      <trkpt lat="36.176746878772974" lon="137.24438901990652">
        <ele>546.0</ele>
      </trkpt>
      <trkpt lat="36.176486453041434" lon="137.24428609013557">
        <ele>546.1</ele>
      </trkpt>
      <trkpt lat="36.17630213499069" lon="137.24420964717865">
        <ele>546.2</ele>
      </trkpt>
      <trkpt lat="36.176117146387696" lon="137.2441328689456">
        <ele>546.25</ele>
      </trkpt>
      <trkpt lat="36.17591262795031" lon="137.2440512292087">
        <ele>546.3</ele>
      </trkpt>
      <trkpt lat="36.17570727132261" lon="137.24396933801472">
        <ele>546.36</ele>
      </trkpt>
      <trkpt lat="36.175643065944314" lon="137.24394117482007">
        <ele>546.46</ele>
      </trkpt>
      <trkpt lat="36.17559394799173" lon="137.24393446929753">
        <ele>546.56</ele>
      </trkpt>
      <trkpt lat="36.17544558830559" lon="137.2439164482057">
        <ele>546.66</ele>
      </trkpt>
      <trkpt lat="36.17521424777806" lon="137.24391544237733">
        <ele>546.76</ele>
      </trkpt>
      <trkpt lat="36.17495583370328" lon="137.24394536577165">
        <ele>546.89</ele>
      </trkpt>
      <trkpt lat="36.17466615512967" lon="137.24401309154928">
        <ele>546.99</ele>
      </trkpt>
      <trkpt lat="36.17444244213402" lon="137.24406061694026">
        <ele>547.12</ele>
      </trkpt>
      <trkpt lat="36.174218729138374" lon="137.24410814233124">
        <ele>547.26</ele>
      </trkpt>
      <trkpt lat="36.17399342358112" lon="137.24415591917932">
        <ele>547.38</ele>
      </trkpt>
      <trkpt lat="36.173851769417524" lon="137.24418425001204">
        <ele>547.51</ele>
      </trkpt>
      <trkpt lat="36.173731070011854" lon="137.2441917937249">
        <ele>547.66</ele>
      </trkpt>
      <trkpt lat="36.173588745296" lon="137.24419246427715">
        <ele>547.81</ele>
      </trkpt>
      <trkpt lat="36.17345086298883" lon="137.24418726749718">
        <ele>547.94</ele>
      </trkpt>
      <trkpt lat="36.173242488875985" lon="137.24415122531354">
        <ele>548.07</ele>
      </trkpt>
      <trkpt lat="36.173068480566144" lon="137.2441119980067">
        <ele>548.2</ele>
      </trkpt>
      <trkpt lat="36.17284359410405" lon="137.24400697275996">
        <ele>548.35</ele>
      </trkpt>
      <trkpt lat="36.172658521682024" lon="137.2439047973603">
        <ele>548.51</ele>
      </trkpt>
      <trkpt lat="36.172497840598226" lon="137.24378258921206">
        <ele>548.7</ele>
      </trkpt>
      <trkpt lat="36.17238367907703" lon="137.2436724510044">
        <ele>548.86</ele>
      </trkpt>
      <trkpt lat="36.172283347696066" lon="137.24355862475932">
        <ele>549.03</ele>
      </trkpt>
      <trkpt lat="36.17217228747904" lon="137.24339651875198">
        <ele>549.21</ele>
      </trkpt>
      <trkpt lat="36.17210095748305" lon="137.2432726342231">
        <ele>549.39</ele>
      </trkpt>
      <trkpt lat="36.172030633315444" lon="137.2430936805904">
        <ele>549.62</ele>
      </trkpt>
      <trkpt lat="36.17198394611478" lon="137.24293417297304">
        <ele>549.84</ele>
      </trkpt>
      <trkpt lat="36.17195134051144" lon="137.24279335699975">
        <ele>550.05</ele>
      </trkpt>
      <trkpt lat="36.1719084251672" lon="137.24257165566087">
        <ele>550.28</ele>
      </trkpt>
      <trkpt lat="36.17186567746103" lon="137.24235062487423">
        <ele>550.5</ele>
      </trkpt>
      <trkpt lat="36.17183726280928" lon="137.24230494350195">
        <ele>550.71</ele>
      </trkpt>
      <trkpt lat="36.171816224232316" lon="137.24217024631798">
        <ele>550.92</ele>
      </trkpt>
      <trkpt lat="36.17182318121195" lon="137.24213101901114">
        <ele>551.13</ele>
      </trkpt>
      <trkpt lat="36.17180264554918" lon="137.24198944866657">
        <ele>551.33</ele>
      </trkpt>
      <trkpt lat="36.171759562566876" lon="137.2418182902038">
        <ele>551.54</ele>
      </trkpt>
      <trkpt lat="36.17173475213349" lon="137.24173782393336">
        <ele>551.74</ele>
      </trkpt>
      <trkpt lat="36.17169426754117" lon="137.24164528772235">
        <ele>551.95</ele>
      </trkpt>
      <trkpt lat="36.171591924503446" lon="137.24148569628596">
        <ele>552.14</ele>
      </trkpt>
      <trkpt lat="36.171442307531834" lon="137.24126634187996">
        <ele>552.34</ele>
      </trkpt>
      <trkpt lat="36.17129277437925" lon="137.24104715511203">
        <ele>552.57</ele>
      </trkpt>
      <trkpt lat="36.17115966975689" lon="137.2408512700349">
        <ele>552.75</ele>
      </trkpt>
      <trkpt lat="36.17110837250948" lon="137.24080969579518">
        <ele>552.92</ele>
      </trkpt>
      <trkpt lat="36.17105129174888" lon="137.24077675491571">
        <ele>553.08</ele>
      </trkpt>
      <trkpt lat="36.17093495093286" lon="137.24062085151672">
        <ele>553.24</ele>
      </trkpt>
      <trkpt lat="36.17091475054622" lon="137.2405335959047">
        <ele>553.38</ele>
      </trkpt>
      <trkpt lat="36.17083285935223" lon="137.24040862172842">
        <ele>553.51</ele>
      </trkpt>
      <trkpt lat="36.17064770311117" lon="137.24013486877084">
        <ele>553.59</ele>
      </trkpt>
      <trkpt lat="36.17046254687011" lon="137.23986128345132">
        <ele>553.66</ele>
      </trkpt>
      <trkpt lat="36.170414267107844" lon="137.23978106863797">
        <ele>553.77</ele>
      </trkpt>
      <trkpt lat="36.17028267122805" lon="137.23960429430008">
        <ele>553.87</ele>
      </trkpt>
      <trkpt lat="36.170187033712864" lon="137.2394283581525">
        <ele>553.96</ele>
      </trkpt>
      <trkpt lat="36.17008066736162" lon="137.2391907311976">
        <ele>554.07</ele>
      </trkpt>
      <trkpt lat="36.16993415169418" lon="137.23892368376255">
        <ele>554.15</ele>
      </trkpt>
      <trkpt lat="36.169809931889176" lon="137.2387041617185">
        <ele>554.19</ele>
      </trkpt>
      <trkpt lat="36.16968587972224" lon="137.23848489113152">
        <ele>554.21</ele>
      </trkpt>
      <trkpt lat="36.169581189751625" lon="137.23829026333988">
        <ele>554.24</ele>
      </trkpt>
      <trkpt lat="36.169476667419076" lon="137.23809597082436">
        <ele>554.31</ele>
      </trkpt>
      <trkpt lat="36.16937776096165" lon="137.2379147540778">
        <ele>554.37</ele>
      </trkpt>
      <trkpt lat="36.16927893832326" lon="137.23773387260735">
        <ele>554.43</ele>
      </trkpt>
      <trkpt lat="36.16913787089288" lon="137.23748761229217">
        <ele>554.46</ele>
      </trkpt>
      <trkpt lat="36.16899688728154" lon="137.23724168725312">
        <ele>554.48</ele>
      </trkpt>
      <trkpt lat="36.168885827064514" lon="137.23703063093126">
        <ele>554.49</ele>
      </trkpt>
      <trkpt lat="36.16879521869123" lon="137.23686726763844">
        <ele>554.52</ele>
      </trkpt>
      <trkpt lat="36.16868524812162" lon="137.2367146331817">
        <ele>554.51</ele>
      </trkpt>
      <trkpt lat="36.16862565279007" lon="137.2366300597787">
        <ele>554.51</ele>
      </trkpt>
      <trkpt lat="36.16854753345251" lon="137.2365346737206">
        <ele>554.52</ele>
      </trkpt>
      <trkpt lat="36.16846597753465" lon="137.2364437300712">
        <ele>554.54</ele>
      </trkpt>
      <trkpt lat="36.16821426898241" lon="137.23622672259808">
        <ele>554.61</ele>
      </trkpt>
      <trkpt lat="36.168064065277576" lon="137.23612404428422">
        <ele>554.6</ele>
      </trkpt>
      <trkpt lat="36.16795099340379" lon="137.23606738261878">
        <ele>554.6</ele>
      </trkpt>
      <trkpt lat="36.167883686721325" lon="137.23601893521845">
        <ele>554.6</ele>
      </trkpt>
      <trkpt lat="36.16780129261315" lon="137.23596386611462">
        <ele>554.61</ele>
      </trkpt>
      <trkpt lat="36.16772753186524" lon="137.23589739762247">
        <ele>554.62</ele>
      </trkpt>
      <trkpt lat="36.16768319159746" lon="137.23585515283048">
        <ele>554.63</ele>
      </trkpt>
      <trkpt lat="36.167501136660576" lon="137.23573084920645">
        <ele>554.61</ele>
      </trkpt>
      <trkpt lat="36.16731866262853" lon="137.23560629412532">
        <ele>554.62</ele>
      </trkpt>
      <trkpt lat="36.167270969599485" lon="137.23557176068425">
        <ele>554.64</ele>
      </trkpt>
      <trkpt lat="36.16715596988797" lon="137.23548852838576">
        <ele>554.64</ele>
      </trkpt>
      <trkpt lat="36.16690878756344" lon="137.23534268327057">
        <ele>554.66</ele>
      </trkpt>
      <trkpt lat="36.16685983724892" lon="137.2353554237634">
        <ele>554.7</ele>
      </trkpt>
      <trkpt lat="36.166707621887326" lon="137.2352692577988">
        <ele>554.74</ele>
      </trkpt>
      <trkpt lat="36.166686583310366" lon="137.23520723171532">
        <ele>554.8</ele>
      </trkpt>
      <trkpt lat="36.166426157578826" lon="137.23508946597576">
        <ele>554.87</ele>
      </trkpt>
      <trkpt lat="36.16614846512675" lon="137.23497178405523">
        <ele>554.98</ele>
      </trkpt>
      <trkpt lat="36.16598912514746" lon="137.23491864278913">
        <ele>555.09</ele>
      </trkpt>
      <trkpt lat="36.16582919843495" lon="137.23486533388495">
        <ele>555.2</ele>
      </trkpt>
      <trkpt lat="36.165566174313426" lon="137.23478713072836">
        <ele>555.29</ele>
      </trkpt>
      <trkpt lat="36.16539535112679" lon="137.2347396891564">
        <ele>555.41</ele>
      </trkpt>
      <trkpt lat="36.1652238573879" lon="137.23469199612737">
        <ele>555.53</ele>
      </trkpt>
      <trkpt lat="36.16513039916754" lon="137.2346941754222">
        <ele>555.67</ele>
      </trkpt>
      <trkpt lat="36.1650216858834" lon="137.2346709575504">
        <ele>555.81</ele>
      </trkpt>
      <trkpt lat="36.1648765951395" lon="137.234598537907">
        <ele>555.98</ele>
      </trkpt>
      <trkpt lat="36.16467065177858" lon="137.23451094701886">
        <ele>556.2</ele>
      </trkpt>
      <trkpt lat="36.16446395404637" lon="137.23442293703556">
        <ele>556.38</ele>
      </trkpt>
      <trkpt lat="36.16434928961098" lon="137.2345031518489">
        <ele>556.54</ele>
      </trkpt>
      <trkpt lat="36.1641204636544" lon="137.2343384474516">
        <ele>556.75</ele>
      </trkpt>
      <trkpt lat="36.16407746449113" lon="137.23422755487263">
        <ele>556.93</ele>
      </trkpt>
      <trkpt lat="36.163942432031035" lon="137.23413954488933">
        <ele>557.14</ele>
      </trkpt>
      <trkpt lat="36.1637351475656" lon="137.23400317132473">
        <ele>557.36</ele>
      </trkpt>
      <trkpt lat="36.163524677976966" lon="137.2338265646249">
        <ele>557.58</ele>
      </trkpt>
      <trkpt lat="36.163392663002014" lon="137.23370008170605">
        <ele>557.8</ele>
      </trkpt>
      <trkpt lat="36.163260480389" lon="137.23357343114913">
        <ele>558.03</ele>
      </trkpt>
      <trkpt lat="36.163073144853115" lon="137.23338525742292">
        <ele>558.32</ele>
      </trkpt>
      <trkpt lat="36.16285018622875" lon="137.23315676674247">
        <ele>558.6</ele>
      </trkpt>
      <trkpt lat="36.162605518475175" lon="137.23291830159724">
        <ele>558.83</ele>
      </trkpt>
      <trkpt lat="36.16236043162644" lon="137.2326795849949">
        <ele>559.05</ele>
      </trkpt>
      <trkpt lat="36.16213956847787" lon="137.23245377652347">
        <ele>559.32</ele>
      </trkpt>
      <trkpt lat="36.16191837005317" lon="137.23222771659493">
        <ele>559.56</ele>
      </trkpt>
      <trkpt lat="36.16175123490393" lon="137.23206343129277">
        <ele>559.81</ele>
      </trkpt>
      <trkpt lat="36.16158418357372" lon="137.2318991459906">
        <ele>560.07</ele>
      </trkpt>
      <trkpt lat="36.16141679696739" lon="137.23173452541232">
        <ele>560.31</ele>
      </trkpt>
      <trkpt lat="36.161292577162385" lon="137.23160854540765">
        <ele>560.55</ele>
      </trkpt>
      <trkpt lat="36.16116827353835" lon="137.23148239776492">
        <ele>560.82</ele>
      </trkpt>
      <trkpt lat="36.161030642688274" lon="137.23135164007545">
        <ele>561.1</ele>
      </trkpt>
      <trkpt lat="36.1608927603811" lon="137.23122063092887">
        <ele>561.32</ele>
      </trkpt>
      <trkpt lat="36.16074699908495" lon="137.23106657154858">
        <ele>561.52</ele>
      </trkpt>
      <trkpt lat="36.160601153969765" lon="137.23091234453022">
        <ele>561.72</ele>
      </trkpt>
      <trkpt lat="36.16042203269899" lon="137.23070053383708">
        <ele>561.91</ele>
      </trkpt>
      <trkpt lat="36.16026277653873" lon="137.23050062544644">
        <ele>562.14</ele>
      </trkpt>
      <trkpt lat="36.16010343655944" lon="137.23030054941773">
        <ele>562.35</ele>
      </trkpt>
      <trkpt lat="36.16006697528064" lon="137.2302745655179">
        <ele>562.54</ele>
      </trkpt>
      <trkpt lat="36.16006689146161" lon="137.23027448169887">
        <ele>562.6</ele>
      </trkpt>
      <trkpt lat="36.16006689146161" lon="137.2302745655179">
        <ele>562.73</ele>
      </trkpt>
      <trkpt lat="36.16006680764258" lon="137.2302745655179">
        <ele>562.91</ele>
      </trkpt>
      <trkpt lat="36.16006571799517" lon="137.23027381114662">
        <ele>563.09</ele>
      </trkpt>
      <trkpt lat="36.16006546653807" lon="137.23027364350855">
        <ele>563.26</ele>
      </trkpt>
      <trkpt lat="36.159991286695" lon="137.2302037384361">
        <ele>563.42</ele>
      </trkpt>
      <trkpt lat="36.159937558695674" lon="137.23013123497367">
        <ele>563.57</ele>
      </trkpt>
      <trkpt lat="36.15984602831304" lon="137.22994934767485">
        <ele>563.68</ele>
      </trkpt>
      <trkpt lat="36.15965508855879" lon="137.2296587470919">
        <ele>563.82</ele>
      </trkpt>
      <trkpt lat="36.15952977910638" lon="137.22944718785584">
        <ele>563.97</ele>
      </trkpt>
      <trkpt lat="36.159404553472996" lon="137.22923579625785">
        <ele>564.13</ele>
      </trkpt>
      <trkpt lat="36.159238424152136" lon="137.22892943769693">
        <ele>564.29</ele>
      </trkpt>
      <trkpt lat="36.15909366868436" lon="137.22868787124753">
        <ele>564.44</ele>
      </trkpt>
      <trkpt lat="36.15898587740958" lon="137.2284972667694">
        <ele>564.6</ele>
      </trkpt>
      <trkpt lat="36.158878253772855" lon="137.22830682992935">
        <ele>564.78</ele>
      </trkpt>
      <trkpt lat="36.158862663432956" lon="137.2282786667347">
        <ele>564.9</ele>
      </trkpt>
      <trkpt lat="36.15884724073112" lon="137.22822837531567">
        <ele>565.02</ele>
      </trkpt>
      <trkpt lat="36.15879502147436" lon="137.22816593013704">
        <ele>565.15</ele>
      </trkpt>
      <trkpt lat="36.15869225934148" lon="137.22798814997077">
        <ele>565.26</ele>
      </trkpt>
      <trkpt lat="36.15858958102763" lon="137.22781045362353">
        <ele>565.36</ele>
      </trkpt>
      <trkpt lat="36.15849872119725" lon="137.22767022438347">
        <ele>565.46</ele>
      </trkpt>
      <trkpt lat="36.15839386358857" lon="137.2275006584823">
        <ele>565.55</ele>
      </trkpt>
      <trkpt lat="36.158343236893415" lon="137.2273687273264">
        <ele>565.63</ele>
      </trkpt>
      <trkpt lat="36.15825145505369" lon="137.2272315993905">
        <ele>565.7</ele>
      </trkpt>
      <trkpt lat="36.15815497934818" lon="137.22715104930103">
        <ele>565.78</ele>
      </trkpt>
      <trkpt lat="36.15811332128942" lon="137.22711249254644">
        <ele>565.83</ele>
      </trkpt>
      <trkpt lat="36.15802329964936" lon="137.2270576748997">
        <ele>565.87</ele>
      </trkpt>
      <trkpt lat="36.15788223221898" lon="137.2269934695214">
        <ele>565.88</ele>
      </trkpt>
      <trkpt lat="36.1578035261482" lon="137.2269643843174">
        <ele>565.88</ele>
      </trkpt>
      <trkpt lat="36.157616693526506" lon="137.22694477066398">
        <ele>565.86</ele>
      </trkpt>
      <trkpt lat="36.15743053145707" lon="137.22693286836147">
        <ele>565.84</ele>
      </trkpt>
      <trkpt lat="36.15724353119731" lon="137.22692088223994">
        <ele>565.89</ele>
      </trkpt>
      <trkpt lat="36.157042952254415" lon="137.2269041184336">
        <ele>565.96</ele>
      </trkpt>
      <trkpt lat="36.15684145130217" lon="137.22688727080822">
        <ele>566.05</ele>
      </trkpt>
      <trkpt lat="36.15664950571954" lon="137.22687855362892">
        <ele>566.11</ele>
      </trkpt>
      <trkpt lat="36.156456638127565" lon="137.2268697526306">
        <ele>566.18</ele>
      </trkpt>
      <trkpt lat="36.156361335888505" lon="137.22686463966966">
        <ele>566.24</ele>
      </trkpt>
      <trkpt lat="36.15627793595195" lon="137.22686489112675">
        <ele>566.29</ele>
      </trkpt>
      <trkpt lat="36.15612521767616" lon="137.22681937739253">
        <ele>566.32</ele>
      </trkpt>
      <trkpt lat="36.15606143139303" lon="137.22677369602025">
        <ele>566.36</ele>
      </trkpt>
      <trkpt lat="36.15597979165614" lon="137.22672533243895">
        <ele>566.4</ele>
      </trkpt>
      <trkpt lat="36.15586127154529" lon="137.22669046372175">
        <ele>566.44</ele>
      </trkpt>
      <trkpt lat="36.15588272921741" lon="137.22653799690306">
        <ele>566.5</ele>
      </trkpt>
      <trkpt lat="36.15584802813828" lon="137.22645518369973">
        <ele>566.57</ele>
      </trkpt>
      <trkpt lat="36.15587434731424" lon="137.22627505660057">
        <ele>566.65</ele>
      </trkpt>
      <trkpt lat="36.155889770016074" lon="137.22609627060592">
        <ele>566.72</ele>
      </trkpt>
      <trkpt lat="36.15589303895831" lon="137.22595143131912">
        <ele>566.81</ele>
      </trkpt>
      <trkpt lat="36.15588432177901" lon="137.22580533474684">
        <ele>566.93</ele>
      </trkpt>
      <trkpt lat="36.15583788603544" lon="137.22550677135587">
        <ele>567.05</ele>
      </trkpt>
      <trkpt lat="36.155791534110904" lon="137.2252092976123">
        <ele>567.19</ele>
      </trkpt>
      <trkpt lat="36.15574945695698" lon="137.22493956796825">
        <ele>567.31</ele>
      </trkpt>
      <trkpt lat="36.15570746362209" lon="137.22467084415257">
        <ele>567.46</ele>
      </trkpt>
      <trkpt lat="36.15564619190991" lon="137.2243154514581">
        <ele>567.6</ele>
      </trkpt>
      <trkpt lat="36.15558567456901" lon="137.22399844788015">
        <ele>567.71</ele>
      </trkpt>
      <trkpt lat="36.15556413307786" lon="137.22390708513558">
        <ele>567.82</ele>
      </trkpt>
      <trkpt lat="36.155545860528946" lon="137.22385184839368">
        <ele>567.93</ele>
      </trkpt>
      <trkpt lat="36.15549188107252" lon="137.22373416647315">
        <ele>568.05</ele>
      </trkpt>
      <trkpt lat="36.15544879809022" lon="137.22365671768785">
        <ele>568.18</ele>
      </trkpt>
      <trkpt lat="36.15540378727019" lon="137.22358438186347">
        <ele>568.31</ele>
      </trkpt>
      <trkpt lat="36.1552563495934" lon="137.2233983874321">
        <ele>568.49</ele>
      </trkpt>
      <trkpt lat="36.15510882809758" lon="137.22321247681975">
        <ele>568.65</ele>
      </trkpt>
      <trkpt lat="36.154961390420794" lon="137.22302648238838">
        <ele>568.77</ele>
      </trkpt>
      <trkpt lat="36.15484060719609" lon="137.22288030199707">
        <ele>568.87</ele>
      </trkpt>
      <trkpt lat="36.15471974015236" lon="137.22273403778672">
        <ele>568.95</ele>
      </trkpt>
      <trkpt lat="36.15458604879677" lon="137.22256514243782">
        <ele>569.05</ele>
      </trkpt>
      <trkpt lat="36.154452273622155" lon="137.22239616326988">
        <ele>569.15</ele>
      </trkpt>
      <trkpt lat="36.15431623533368" lon="137.2222083248198">
        <ele>569.3</ele>
      </trkpt>
      <trkpt lat="36.15419008769095" lon="137.2220286168158">
        <ele>569.45</ele>
      </trkpt>
      <trkpt lat="36.15407056175172" lon="137.221815045923">
        <ele>569.61</ele>
      </trkpt>
      <trkpt lat="36.15398582071066" lon="137.22164983861148">
        <ele>569.74</ele>
      </trkpt>
      <trkpt lat="36.15390124730766" lon="137.22148488275707">
        <ele>569.85</ele>
      </trkpt>
      <trkpt lat="36.15381533280015" lon="137.22129084169865">
        <ele>569.94</ele>
      </trkpt>
      <trkpt lat="36.153729585930705" lon="137.22109721973538">
        <ele>570.03</ele>
      </trkpt>
      <trkpt lat="36.153677282854915" lon="137.22100409679115">
        <ele>570.12</ele>
      </trkpt>
      <trkpt lat="36.15357477217913" lon="137.2207954712212">
        <ele>570.17</ele>
      </trkpt>
      <trkpt lat="36.1534724291414" lon="137.22058726474643">
        <ele>570.23</ele>
      </trkpt>
      <trkpt lat="36.15338735282421" lon="137.22041158005595">
        <ele>570.3</ele>
      </trkpt>
      <trkpt lat="36.15330236032605" lon="137.2202362306416">
        <ele>570.37</ele>
      </trkpt>
      <trkpt lat="36.1531790625304" lon="137.21997144632041">
        <ele>570.43</ele>
      </trkpt>
      <trkpt lat="36.15306884050369" lon="137.21973893232644">
        <ele>570.52</ele>
      </trkpt>
      <trkpt lat="36.152900364249945" lon="137.21947238780558">
        <ele>570.65</ele>
      </trkpt>
      <trkpt lat="36.15274932235479" lon="137.21932402811944">
        <ele>570.8</ele>
      </trkpt>
      <trkpt lat="36.15259802900255" lon="137.2191754169762">
        <ele>570.92</ele>
      </trkpt>
      <trkpt lat="36.15250666625798" lon="137.21910526044667">
        <ele>571.04</ele>
      </trkpt>
      <trkpt lat="36.152321342378855" lon="137.21893468871713">
        <ele>571.14</ele>
      </trkpt>
      <trkpt lat="36.15223123691976" lon="137.21883921884">
        <ele>571.23</ele>
      </trkpt>
      <trkpt lat="36.15207877010107" lon="137.2186327725649">
        <ele>571.31</ele>
      </trkpt>
      <trkpt lat="36.15192638710141" lon="137.21842624247074">
        <ele>571.44</ele>
      </trkpt>
      <trkpt lat="36.15175028331578" lon="137.2181983385235">
        <ele>571.57</ele>
      </trkpt>
      <trkpt lat="36.1515558231622" lon="137.21792886033654">
        <ele>571.69</ele>
      </trkpt>
      <trkpt lat="36.15136136300862" lon="137.2176594659686">
        <ele>571.79</ele>
      </trkpt>
      <trkpt lat="36.15121291950345" lon="137.2174482420087">
        <ele>571.95</ele>
      </trkpt>
      <trkpt lat="36.15106447599828" lon="137.21723718568683">
        <ele>572.12</ele>
      </trkpt>
      <trkpt lat="36.15087227895856" lon="137.21696854569018">
        <ele>572.31</ele>
      </trkpt>
      <trkpt lat="36.150680081918836" lon="137.2167000733316">
        <ele>572.55</ele>
      </trkpt>
      <trkpt lat="36.150563322007656" lon="137.2165402304381">
        <ele>572.76</ele>
      </trkpt>
      <trkpt lat="36.15044664591551" lon="137.21638047136366">
        <ele>572.95</ele>
      </trkpt>
      <trkpt lat="36.150347236543894" lon="137.21624216996133">
        <ele>573.12</ele>
      </trkpt>
      <trkpt lat="36.150270625948906" lon="137.21615214832127">
        <ele>573.28</ele>
      </trkpt>
      <trkpt lat="36.15010374225676" lon="137.21593539230525">
        <ele>573.39</ele>
      </trkpt>
      <trkpt lat="36.14993677474558" lon="137.2157185524702">
        <ele>573.43</ele>
      </trkpt>
      <trkpt lat="36.149769723415375" lon="137.2155017964542">
        <ele>573.56</ele>
      </trkpt>
      <trkpt lat="36.14962932653725" lon="137.215313622728">
        <ele>573.74</ele>
      </trkpt>
      <trkpt lat="36.14948892965913" lon="137.21512553282082">
        <ele>573.93</ele>
      </trkpt>
      <trkpt lat="36.14928575232625" lon="137.21483828499913">
        <ele>574.13</ele>
      </trkpt>
      <trkpt lat="36.14922012202442" lon="137.2147668711841">
        <ele>574.29</ele>
      </trkpt>
      <trkpt lat="36.14901510067284" lon="137.21450024284422">
        <ele>574.47</ele>
      </trkpt>
      <trkpt lat="36.148810079321265" lon="137.21423361450434">
        <ele>574.64</ele>
      </trkpt>
      <trkpt lat="36.14860505796969" lon="137.21396706998348">
        <ele>574.78</ele>
      </trkpt>
      <trkpt lat="36.14839995279908" lon="137.21370035782456">
        <ele>574.87</ele>
      </trkpt>
      <trkpt lat="36.14834706299007" lon="137.2136190533638">
        <ele>575.02</ele>
      </trkpt>
      <trkpt lat="36.148297442123294" lon="137.21352827735245">
        <ele>575.17</ele>
      </trkpt>
      <trkpt lat="36.148151429370046" lon="137.21320339478552">
        <ele>575.35</ele>
      </trkpt>
      <trkpt lat="36.1480054166168" lon="137.21287859603763">
        <ele>575.59</ele>
      </trkpt>
      <trkpt lat="36.14785940386355" lon="137.21255379728973">
        <ele>575.88</ele>
      </trkpt>
      <trkpt lat="36.1477133911103" lon="137.21222899854183">
        <ele>576.21</ele>
      </trkpt>
      <trkpt lat="36.14756737835705" lon="137.2119041159749">
        <ele>576.52</ele>
      </trkpt>
      <trkpt lat="36.147421365603805" lon="137.211579317227">
        <ele>576.8</ele>
      </trkpt>
      <trkpt lat="36.14727543666959" lon="137.2112545184791">
        <ele>576.95</ele>
      </trkpt>
      <trkpt lat="36.14712942391634" lon="137.2109297197312">
        <ele>577.16</ele>
      </trkpt>
      <trkpt lat="36.14698341116309" lon="137.21060483716428">
        <ele>577.5</ele>
      </trkpt>
      <trkpt lat="36.14683873951435" lon="137.2102832235396">
        <ele>577.87</ele>
      </trkpt>
      <trkpt lat="36.1466876976192" lon="137.20995733514428">
        <ele>578.19</ele>
      </trkpt>
      <trkpt lat="36.146621061488986" lon="137.20980176702142">
        <ele>578.5</ele>
      </trkpt>
      <trkpt lat="36.1465307045728" lon="137.20961082726717">
        <ele>578.82</ele>
      </trkpt>
      <trkpt lat="36.1464405991137" lon="137.20942013897002">
        <ele>579.19</ele>
      </trkpt>
      <trkpt lat="36.14636558108032" lon="137.2092808317393">
        <ele>579.54</ele>
      </trkpt>
      <trkpt lat="36.14621680229902" lon="137.20905016176403">
        <ele>579.9</ele>
      </trkpt>
      <trkpt lat="36.14606819115579" lon="137.20881957560778">
        <ele>580.25</ele>
      </trkpt>
      <trkpt lat="36.146067436784506" lon="137.20879811793566">
        <ele>580.62</ele>
      </trkpt>
      <trkpt lat="36.146103981882334" lon="137.20873676240444">
        <ele>580.98</ele>
      </trkpt>
      <trkpt lat="36.146144634112716" lon="137.20869686454535">
        <ele>581.36</ele>
      </trkpt>
      <trkpt lat="36.1462402716279" lon="137.2085707169026">
        <ele>581.7</ele>
      </trkpt>
      <trkpt lat="36.14641888998449" lon="137.20833024010062">
        <ele>582.03</ele>
      </trkpt>
      <trkpt lat="36.14658024162054" lon="137.20812169834971">
        <ele>582.46</ele>
      </trkpt>
      <trkpt lat="36.14666732959449" lon="137.20800384879112">
        <ele>582.88</ele>
      </trkpt>
      <trkpt lat="36.14675559103489" lon="137.20784459263086">
        <ele>583.3</ele>
      </trkpt>
      <trkpt lat="36.14677864126861" lon="137.20774803310633">
        <ele>583.75</ele>
      </trkpt>
      <trkpt lat="36.146819461137056" lon="137.2075970750302">
        <ele>584.19</ele>
      </trkpt>
      <trkpt lat="36.14683865569532" lon="137.20748408697546">
        <ele>584.65</ele>
      </trkpt>
      <trkpt lat="36.14685148000717" lon="137.2072878666222">
        <ele>585.13</ele>
      </trkpt>
      <trkpt lat="36.146834045648575" lon="137.20717085525393">
        <ele>585.6</ele>
      </trkpt>
      <trkpt lat="36.146813090890646" lon="137.20685116946697">
        <ele>586.12</ele>
      </trkpt>
      <trkpt lat="36.14679280668497" lon="137.20665335655212">
        <ele>586.73</ele>
      </trkpt>
      <trkpt lat="36.146772522479296" lon="137.20645629800856">
        <ele>587.33</ele>
      </trkpt>
      <trkpt lat="36.1467394977808" lon="137.2062214370817">
        <ele>587.93</ele>
      </trkpt>
      <trkpt lat="36.14673027768731" lon="137.20614759251475">
        <ele>588.42</ele>
      </trkpt>
      <trkpt lat="36.14671552553773" lon="137.20599688589573">
        <ele>588.95</ele>
      </trkpt>
      <trkpt lat="36.14666959270835" lon="137.2058234643191">
        <ele>589.43</ele>
      </trkpt>
      <trkpt lat="36.146615697070956" lon="137.20568558201194">
        <ele>589.86</ele>
      </trkpt>
      <trkpt lat="36.146562891080976" lon="137.20558659173548">
        <ele>590.27</ele>
      </trkpt>
      <trkpt lat="36.14652316085994" lon="137.2054808959365">
        <ele>590.67</ele>
      </trkpt>
      <trkpt lat="36.146489130333066" lon="137.2054132539779">
        <ele>591.01</ele>
      </trkpt>
      <trkpt lat="36.146392319351435" lon="137.2053268365562">
        <ele>591.29</ele>
      </trkpt>
      <trkpt lat="36.14619257859886" lon="137.2051301971078">
        <ele>591.53</ele>
      </trkpt>
      <trkpt lat="36.145964758470654" lon="137.2049486450851">
        <ele>591.73</ele>
      </trkpt>
      <trkpt lat="36.14578924141824" lon="137.204800369218">
        <ele>591.93</ele>
      </trkpt>
      <trkpt lat="36.145613472908735" lon="137.2046518418938">
        <ele>592.09</ele>
      </trkpt>
      <trkpt lat="36.14536017179489" lon="137.20443944446743">
        <ele>592.25</ele>
      </trkpt>
      <trkpt lat="36.14525539800525" lon="137.20432478003204">
        <ele>592.43</ele>
      </trkpt>
      <trkpt lat="36.14519647322595" lon="137.20425906591117">
        <ele>592.6</ele>
      </trkpt>
      <trkpt lat="36.1451334413141" lon="137.20417625270784">
        <ele>592.74</ele>
      </trkpt>
      <trkpt lat="36.145040318369865" lon="137.2040004003793">
        <ele>592.9</ele>
      </trkpt>
      <trkpt lat="36.14494727924466" lon="137.2038248833269">
        <ele>593.02</ele>
      </trkpt>
      <trkpt lat="36.14487159065902" lon="137.2036893479526">
        <ele>593.06</ele>
      </trkpt>
      <trkpt lat="36.144759273156524" lon="137.2034800518304">
        <ele>593.06</ele>
      </trkpt>
      <trkpt lat="36.1446809861809" lon="137.2033608611673">
        <ele>593.03</ele>
      </trkpt>
      <trkpt lat="36.1446326225996" lon="137.2032802272588">
        <ele>593.01</ele>
      </trkpt>
      <trkpt lat="36.144486693665385" lon="137.20309582538903">
        <ele>592.97</ele>
      </trkpt>
      <trkpt lat="36.14434068091214" lon="137.2029112558812">
        <ele>592.94</ele>
      </trkpt>
      <trkpt lat="36.14417991600931" lon="137.20271101221442">
        <ele>592.98</ele>
      </trkpt>
      <trkpt lat="36.14401923492551" lon="137.20251076854765">
        <ele>593.04</ele>
      </trkpt>
      <trkpt lat="36.14385847002268" lon="137.20231044106185">
        <ele>593.08</ele>
      </trkpt>
      <trkpt lat="36.143721928820014" lon="137.20213333144784">
        <ele>593.1</ele>
      </trkpt>
      <trkpt lat="36.14358547143638" lon="137.20195622183383">
        <ele>593.09</ele>
      </trkpt>
      <trkpt lat="36.14338933490217" lon="137.20172815024853">
        <ele>593.06</ele>
      </trkpt>
      <trkpt lat="36.14320535212755" lon="137.20149219967425">
        <ele>593.05</ele>
      </trkpt>
      <trkpt lat="36.14314793609083" lon="137.20142648555338">
        <ele>593.12</ele>
      </trkpt>
      <trkpt lat="36.143026147037745" lon="137.20128634013236">
        <ele>593.21</ele>
      </trkpt>
      <trkpt lat="36.142900083214045" lon="137.20118248835206">
        <ele>593.31</ele>
      </trkpt>
      <trkpt lat="36.14274392835796" lon="137.20107469707727">
        <ele>593.42</ele>
      </trkpt>
      <trkpt lat="36.14250018261373" lon="137.20093723386526">
        <ele>593.58</ele>
      </trkpt>
      <trkpt lat="36.142237577587366" lon="137.2007816657424">
        <ele>593.85</ele>
      </trkpt>
      <trkpt lat="36.14200120791793" lon="137.2006519138813">
        <ele>594.1</ele>
      </trkpt>
      <trkpt lat="36.14176475442946" lon="137.2005221620202">
        <ele>594.35</ele>
      </trkpt>
      <trkpt lat="36.14152838476002" lon="137.2003924101591">
        <ele>594.62</ele>
      </trkpt>
      <trkpt lat="36.14129042252898" lon="137.20026173628867">
        <ele>594.89</ele>
      </trkpt>
      <trkpt lat="36.14124348387122" lon="137.20014807768166">
        <ele>595.23</ele>
      </trkpt>
      <trkpt lat="36.14115203730762" lon="137.20009854063392">
        <ele>595.57</ele>
      </trkpt>
      <trkpt lat="36.141225546598434" lon="137.19987231306732">
        <ele>595.95</ele>
      </trkpt>
      <trkpt lat="36.141298888251185" lon="137.19964675605297">
        <ele>596.36</ele>
      </trkpt>
      <trkpt lat="36.14140039309859" lon="137.19939647242427">
        <ele>596.81</ele>
      </trkpt>
      <trkpt lat="36.141490917652845" lon="137.19923067837954">
        <ele>597.27</ele>
      </trkpt>
      <trkpt lat="36.14166886545718" lon="137.1989443525672">
        <ele>597.77</ele>
      </trkpt>
      <trkpt lat="36.141846645623446" lon="137.19865827821195">
        <ele>598.34</ele>
      </trkpt>
      <trkpt lat="36.14195401780307" lon="137.19848787412047">
        <ele>598.95</ele>
      </trkpt>
      <trkpt lat="36.1420613899827" lon="137.19831763766706">
        <ele>599.61</ele>
      </trkpt>
      <trkpt lat="36.142208743840456" lon="137.19802125357091">
        <ele>600.31</ele>
      </trkpt>
      <trkpt lat="36.14235877990723" lon="137.19770760275424">
        <ele>601.01</ele>
      </trkpt>
      <trkpt lat="36.142508732154965" lon="137.19739395193756">
        <ele>601.7</ele>
      </trkpt>
      <trkpt lat="36.14265834912658" lon="137.1970811393112">
        <ele>602.32</ele>
      </trkpt>
      <trkpt lat="36.142808217555285" lon="137.1968007646501">
        <ele>602.99</ele>
      </trkpt>
      <trkpt lat="36.142908381298184" lon="137.1966141834855">
        <ele>603.66</ele>
      </trkpt>
      <trkpt lat="36.14302547648549" lon="137.19647102057934">
        <ele>604.36</ele>
      </trkpt>
      <trkpt lat="36.143159084022045" lon="137.19632433727384">
        <ele>605.07</ele>
      </trkpt>
      <trkpt lat="36.14332437515259" lon="137.19613825902343">
        <ele>605.78</ele>
      </trkpt>
      <trkpt lat="36.143489833921194" lon="137.195952096954">
        <ele>606.45</ele>
      </trkpt>
      <trkpt lat="36.14363433793187" lon="137.1957052499056">
        <ele>607.22</ele>
      </trkpt>
      <trkpt lat="36.14377875812352" lon="137.1954587381333">
        <ele>607.85</ele>
      </trkpt>
      <trkpt lat="36.143908090889454" lon="137.19524684362113">
        <ele>608.59</ele>
      </trkpt>
      <trkpt lat="36.14403725601733" lon="137.19503511674702">
        <ele>609.33</ele>
      </trkpt>
      <trkpt lat="36.14422978833318" lon="137.19473965466022">
        <ele>610.12</ele>
      </trkpt>
      <trkpt lat="36.14436482079327" lon="137.1945490501821">
        <ele>610.84</ele>
      </trkpt>
      <trkpt lat="36.144474036991596" lon="137.19441468827426">
        <ele>611.65</ele>
      </trkpt>
      <trkpt lat="36.144683668389916" lon="137.19415132887661">
        <ele>612.49</ele>
      </trkpt>
      <trkpt lat="36.14489338360727" lon="137.19388796947896">
        <ele>613.26</ele>
      </trkpt>
      <trkpt lat="36.14508306607604" lon="137.19367724843323">
        <ele>614.02</ele>
      </trkpt>
      <trkpt lat="36.145272916182876" lon="137.19346635974944">
        <ele>614.78</ele>
      </trkpt>
      <trkpt lat="36.14545572549105" lon="137.19325966201723">
        <ele>615.56</ele>
      </trkpt>
      <trkpt lat="36.14563853479922" lon="137.19305279664695">
        <ele>616.38</ele>
      </trkpt>
      <trkpt lat="36.14583760499954" lon="137.19283352605999">
        <ele>617.29</ele>
      </trkpt>
      <trkpt lat="36.146036675199866" lon="137.19261425547302">
        <ele>618.11</ele>
      </trkpt>
      <trkpt lat="36.146235996857285" lon="137.19239464960992">
        <ele>618.84</ele>
      </trkpt>
      <trkpt lat="36.14636801183224" lon="137.19225986860693">
        <ele>619.56</ele>
      </trkpt>
      <trkpt lat="36.14650019444525" lon="137.19212483614683">
        <ele>620.33</ele>
      </trkpt>
      <trkpt lat="36.146706975996494" lon="137.19189927913249">
        <ele>621.19</ele>
      </trkpt>
      <trkpt lat="36.146887773647904" lon="137.191723594442">
        <ele>622.01</ele>
      </trkpt>
      <trkpt lat="36.14706882275641" lon="137.19154765829444">
        <ele>622.82</ele>
      </trkpt>
      <trkpt lat="36.14721139892936" lon="137.19142645597458">
        <ele>623.64</ele>
      </trkpt>
      <trkpt lat="36.147307539358735" lon="137.19131095334888">
        <ele>624.44</ele>
      </trkpt>
      <trkpt lat="36.14736646413803" lon="137.19125043600798">
        <ele>625.24</ele>
      </trkpt>
      <trkpt lat="36.14740803837776" lon="137.1911886613816">
        <ele>626.0</ele>
      </trkpt>
      <trkpt lat="36.14744894206524" lon="137.19110006466508">
        <ele>626.81</ele>
      </trkpt>
      <trkpt lat="36.14747593179345" lon="137.1910102944821">
        <ele>627.64</ele>
      </trkpt>
      <trkpt lat="36.147497557103634" lon="137.190912226215">
        <ele>628.48</ele>
      </trkpt>
      <trkpt lat="36.1475077830255" lon="137.19082253985107">
        <ele>629.34</ele>
      </trkpt>
      <trkpt lat="36.14750384353101" lon="137.19070603139699">
        <ele>630.23</ele>
      </trkpt>
      <trkpt lat="36.14748766645789" lon="137.19057938084006">
        <ele>631.16</ele>
      </trkpt>
      <trkpt lat="36.14745204336941" lon="137.19041383825243">
        <ele>632.12</ele>
      </trkpt>
      <trkpt lat="36.14736487157643" lon="137.19011527486145">
        <ele>633.12</ele>
      </trkpt>
      <trkpt lat="36.14730728790164" lon="137.1899787336588">
        <ele>634.14</ele>
      </trkpt>
      <trkpt lat="36.14724526181817" lon="137.18986893072724">
        <ele>635.18</ele>
      </trkpt>
      <trkpt lat="36.147164795547724" lon="137.18972694128752">
        <ele>636.27</ele>
      </trkpt>
      <trkpt lat="36.147021632641554" lon="137.18954463489354">
        <ele>637.42</ele>
      </trkpt>
      <trkpt lat="36.146839493885636" lon="137.18932745978236">
        <ele>638.64</ele>
      </trkpt>
      <trkpt lat="36.14671762101352" lon="137.18918446451426">
        <ele>639.86</ele>
      </trkpt>
      <trkpt lat="36.146595664322376" lon="137.18904138542712">
        <ele>641.12</ele>
      </trkpt>
      <trkpt lat="36.14648351445794" lon="137.1888949535787">
        <ele>642.44</ele>
      </trkpt>
      <trkpt lat="36.146371364593506" lon="137.1887485217303">
        <ele>643.8</ele>
      </trkpt>
      <trkpt lat="36.14617522805929" lon="137.18848709017038">
        <ele>645.24</ele>
      </trkpt>
      <trkpt lat="36.14615838043392" lon="137.18840067274868">
        <ele>646.61</ele>
      </trkpt>
      <trkpt lat="36.14615326747298" lon="137.18833026476204">
        <ele>648.03</ele>
      </trkpt>
      <trkpt lat="36.146153351292014" lon="137.18817167915404">
        <ele>649.49</ele>
      </trkpt>
      <trkpt lat="36.146197859197855" lon="137.18803471885622">
        <ele>650.99</ele>
      </trkpt>
      <trkpt lat="36.146257454529405" lon="137.1877489797771">
        <ele>652.58</ele>
      </trkpt>
      <trkpt lat="36.14629986695945" lon="137.18742158263922">
        <ele>654.31</ele>
      </trkpt>
      <trkpt lat="36.14630657248199" lon="137.187206922099">
        <ele>656.06</ele>
      </trkpt>
      <trkpt lat="36.146305818110704" lon="137.18697608448565">
        <ele>657.81</ele>
      </trkpt>
      <trkpt lat="36.14630506373942" lon="137.18674616888165">
        <ele>659.57</ele>
      </trkpt>
      <trkpt lat="36.146337082609534" lon="137.18656092882156">
        <ele>661.35</ele>
      </trkpt>
      <trkpt lat="36.146377651020885" lon="137.1864254772663">
        <ele>663.16</ele>
      </trkpt>
      <trkpt lat="36.14646582864225" lon="137.18623705208302">
        <ele>665.07</ele>
      </trkpt>
      <trkpt lat="36.146584348753095" lon="137.1860432624817">
        <ele>666.99</ele>
      </trkpt>
      <trkpt lat="36.14669507369399" lon="137.1858382411301">
        <ele>668.91</ele>
      </trkpt>
      <trkpt lat="36.14677428267896" lon="137.18566465191543">
        <ele>670.81</ele>
      </trkpt>
      <trkpt lat="36.146824238821864" lon="137.18548293225467">
        <ele>672.68</ele>
      </trkpt>
      <trkpt lat="36.146864891052246" lon="137.18527464196086">
        <ele>674.57</ele>
      </trkpt>
      <trkpt lat="36.14690420217812" lon="137.18501237221062">
        <ele>676.55</ele>
      </trkpt>
      <trkpt lat="36.14694334566593" lon="137.18475102446973">
        <ele>678.54</ele>
      </trkpt>
      <trkpt lat="36.1469900328666" lon="137.18443837948143">
        <ele>680.52</ele>
      </trkpt>
      <trkpt lat="36.14703663624823" lon="137.1841256506741">
        <ele>682.44</ele>
      </trkpt>
      <trkpt lat="36.1470830719918" lon="137.18381468206644">
        <ele>684.29</ele>
      </trkpt>
      <trkpt lat="36.14713537506759" lon="137.18350756913424">
        <ele>686.21</ele>
      </trkpt>
      <trkpt lat="36.14718742668629" lon="137.18320162966847">
        <ele>688.08</ele>
      </trkpt>
      <trkpt lat="36.14721542224288" lon="137.18296844512224">
        <ele>689.88</ele>
      </trkpt>
      <trkpt lat="36.14724325016141" lon="137.18273609876633">
        <ele>691.65</ele>
      </trkpt>
      <trkpt lat="36.14727443084121" lon="137.1824352722615">
        <ele>693.46</ele>
      </trkpt>
      <trkpt lat="36.147294882684946" lon="137.18208474107087">
        <ele>695.2</ele>
      </trkpt>
      <trkpt lat="36.14730418659747" lon="137.18184443190694">
        <ele>696.81</ele>
      </trkpt>
      <trkpt lat="36.14731357432902" lon="137.18160504475236">
        <ele>698.34</ele>
      </trkpt>
      <trkpt lat="36.14731885492802" lon="137.18139281496406">
        <ele>699.84</ele>
      </trkpt>
      <trkpt lat="36.14732405170798" lon="137.18118142336607">
        <ele>701.29</ele>
      </trkpt>
      <trkpt lat="36.14733352325857" lon="137.18108352273703">
        <ele>702.67</ele>
      </trkpt>
      <trkpt lat="36.14738758653402" lon="137.1807993762195">
        <ele>704.02</ele>
      </trkpt>
      <trkpt lat="36.147444332018495" lon="137.18064146116376">
        <ele>705.24</ele>
      </trkpt>
      <trkpt lat="36.14756084047258" lon="137.18042998574674">
        <ele>706.38</ele>
      </trkpt>
      <trkpt lat="36.14769763313234" lon="137.18021783977747">
        <ele>707.49</ele>
      </trkpt>
      <trkpt lat="36.147834341973066" lon="137.18000586144626">
        <ele>708.59</ele>
      </trkpt>
      <trkpt lat="36.14796250127256" lon="137.17979153618217">
        <ele>709.63</ele>
      </trkpt>
      <trkpt lat="36.14809049293399" lon="137.17957746237516">
        <ele>710.65</ele>
      </trkpt>
      <trkpt lat="36.14821303635836" lon="137.17937269248068">
        <ele>711.61</ele>
      </trkpt>
      <trkpt lat="36.14831839688122" lon="137.17914763838053">
        <ele>712.53</ele>
      </trkpt>
      <trkpt lat="36.14837748929858" lon="137.1789802517742">
        <ele>713.41</ele>
      </trkpt>
      <trkpt lat="36.14840615540743" lon="137.1788745559752">
        <ele>714.23</ele>
      </trkpt>
      <trkpt lat="36.14843809045851" lon="137.1786829456687">
        <ele>715.0</ele>
      </trkpt>
      <trkpt lat="36.14846675656736" lon="137.17841078527272">
        <ele>715.76</ele>
      </trkpt>
      <trkpt lat="36.14849500358105" lon="137.17811758629978">
        <ele>716.52</ele>
      </trkpt>
      <trkpt lat="36.1485231667757" lon="137.17782438732684">
        <ele>717.33</ele>
      </trkpt>
      <trkpt lat="36.14855141378939" lon="137.1775311883539">
        <ele>718.1</ele>
      </trkpt>
      <trkpt lat="36.14857932552695" lon="137.1772402524948">
        <ele>718.78</ele>
      </trkpt>
      <trkpt lat="36.148606818169355" lon="137.17697454616427">
        <ele>719.39</ele>
      </trkpt>
      <trkpt lat="36.148634226992726" lon="137.1767087560147">
        <ele>719.96</ele>
      </trkpt>
      <trkpt lat="36.148661468178034" lon="137.17644455842674">
        <ele>720.56</ele>
      </trkpt>
      <trkpt lat="36.148689799010754" lon="137.1761098690331">
        <ele>721.12</ele>
      </trkpt>
      <trkpt lat="36.14870388060808" lon="137.17596125788987">
        <ele>721.72</ele>
      </trkpt>
      <trkpt lat="36.148704467341304" lon="137.17586553655565">
        <ele>722.32</ele>
      </trkpt>
      <trkpt lat="36.14870069548488" lon="137.1757858246565">
        <ele>722.92</ele>
      </trkpt>
      <trkpt lat="36.14869583398104" lon="137.17572622932494">
        <ele>723.55</ele>
      </trkpt>
      <trkpt lat="36.148636071011424" lon="137.17550737783313">
        <ele>724.14</ele>
      </trkpt>
      <trkpt lat="36.1486130207777" lon="137.17545079998672">
        <ele>724.79</ele>
      </trkpt>
      <trkpt lat="36.14856507629156" lon="137.17537854798138">
        <ele>725.46</ele>
      </trkpt>
      <trkpt lat="36.14850313402712" lon="137.1752934716642">
        <ele>726.15</ele>
      </trkpt>
      <trkpt lat="36.14832015708089" lon="137.17510487884283">
        <ele>726.87</ele>
      </trkpt>
      <trkpt lat="36.14813692867756" lon="137.17491603456438">
        <ele>727.64</ele>
      </trkpt>
      <trkpt lat="36.147909527644515" lon="137.1746938303113">
        <ele>728.47</ele>
      </trkpt>
      <trkpt lat="36.147802490741014" lon="137.17458696104586">
        <ele>729.37</ele>
      </trkpt>
      <trkpt lat="36.14766016602516" lon="137.17439769767225">
        <ele>730.36</ele>
      </trkpt>
      <trkpt lat="36.14759654738009" lon="137.17430658638477">
        <ele>731.34</ele>
      </trkpt>
      <trkpt lat="36.14749437198043" lon="137.17412293888628">
        <ele>732.44</ele>
      </trkpt>
      <trkpt lat="36.147420443594456" lon="137.17398413456976">
        <ele>733.5</ele>
      </trkpt>
      <trkpt lat="36.147375935688615" lon="137.17390408739448">
        <ele>734.56</ele>
      </trkpt>
      <trkpt lat="36.14734441973269" lon="137.1738507784903">
        <ele>735.64</ele>
      </trkpt>
      <trkpt lat="36.14730812609196" lon="137.17381079681218">
        <ele>736.72</ele>
      </trkpt>
      <trkpt lat="36.14724023267627" lon="137.17373913154006">
        <ele>737.86</ele>
      </trkpt>
      <trkpt lat="36.147182984277606" lon="137.17369185760617">
        <ele>738.98</ele>
      </trkpt>
      <trkpt lat="36.147126741707325" lon="137.17365673743188">
        <ele>740.11</ele>
      </trkpt>
      <trkpt lat="36.147059351205826" lon="137.17361759394407">
        <ele>741.26</ele>
      </trkpt>
      <trkpt lat="36.14692465402186" lon="137.17359714210033">
        <ele>742.44</ele>
      </trkpt>
      <trkpt lat="36.14678534679115" lon="137.1736110560596">
        <ele>743.55</ele>
      </trkpt>
      <trkpt lat="36.1466308683157" lon="137.17366377823055">
        <ele>744.62</ele>
      </trkpt>
      <trkpt lat="36.14639642648399" lon="137.17375656589866">
        <ele>745.71</ele>
      </trkpt>
      <trkpt lat="36.14621219225228" lon="137.17380023561418">
        <ele>746.76</ele>
      </trkpt>
      <trkpt lat="36.14611454308033" lon="137.17381943017244">
        <ele>747.76</ele>
      </trkpt>
      <trkpt lat="36.145963836461306" lon="137.17382244765759">
        <ele>748.73</ele>
      </trkpt>
      <trkpt lat="36.14573635160923" lon="137.1738171670586">
        <ele>749.68</ele>
      </trkpt>
      <trkpt lat="36.14567021839321" lon="137.17380777932703">
        <ele>750.52</ele>
      </trkpt>
      <trkpt lat="36.14561414346099" lon="137.1738008223474">
        <ele>751.31</ele>
      </trkpt>
      <trkpt lat="36.14548422396183" lon="137.17375178821385">
        <ele>752.04</ele>
      </trkpt>
      <trkpt lat="36.145261684432626" lon="137.1736610122025">
        <ele>752.77</ele>
      </trkpt>
      <trkpt lat="36.14503813907504" lon="137.17356998473406">
        <ele>753.49</ele>
      </trkpt>
      <trkpt lat="36.14484451711178" lon="137.1734551526606">
        <ele>754.14</ele>
      </trkpt>
      <trkpt lat="36.14467687904835" lon="137.17333495616913">
        <ele>754.68</ele>
      </trkpt>
      <trkpt lat="36.14456405863166" lon="137.1732124965638">
        <ele>755.11</ele>
      </trkpt>
      <trkpt lat="36.144439335912466" lon="137.1730483788997">
        <ele>755.48</ele>
      </trkpt>
      <trkpt lat="36.14436289295554" lon="137.17291686683893">
        <ele>755.71</ele>
      </trkpt>
      <trkpt lat="36.144273625686765" lon="137.17273036949337">
        <ele>755.78</ele>
      </trkpt>
      <trkpt lat="36.14419424906373" lon="137.1725399326533">
        <ele>755.67</ele>
      </trkpt>
      <trkpt lat="36.14412182942033" lon="137.1722142957151">
        <ele>755.42</ele>
      </trkpt>
      <trkpt lat="36.14409266039729" lon="137.17189804650843">
        <ele>755.14</ele>
      </trkpt>
      <trkpt lat="36.14409098401666" lon="137.1716574858874">
        <ele>754.82</ele>
      </trkpt>
      <trkpt lat="36.14408922381699" lon="137.17141784727573">
        <ele>754.39</ele>
      </trkpt>
      <trkpt lat="36.14407883025706" lon="137.1711772866547">
        <ele>753.92</ele>
      </trkpt>
      <trkpt lat="36.144068436697125" lon="137.17093764804304">
        <ele>753.45</ele>
      </trkpt>
      <trkpt lat="36.144031221047044" lon="137.17073363251984">
        <ele>752.91</ele>
      </trkpt>
      <trkpt lat="36.14397229626775" lon="137.17058594338596">
        <ele>752.27</ele>
      </trkpt>
      <trkpt lat="36.14392125047743" lon="137.17048712074757">
        <ele>751.56</ele>
      </trkpt>
      <trkpt lat="36.143708350136876" lon="137.17020305804908">
        <ele>750.59</ele>
      </trkpt>
      <trkpt lat="36.14359326660633" lon="137.17005436308682">
        <ele>749.62</ele>
      </trkpt>
      <trkpt lat="36.143521685153246" lon="137.16994506306946">
        <ele>748.65</ele>
      </trkpt>
      <trkpt lat="36.14345647394657" lon="137.169809024781">
        <ele>747.65</ele>
      </trkpt>
      <trkpt lat="36.143390173092484" lon="137.16963183134794">
        <ele>746.58</ele>
      </trkpt>
      <trkpt lat="36.143327644094825" lon="137.1694144885987">
        <ele>745.53</ele>
      </trkpt>
      <trkpt lat="36.14329319447279" lon="137.16929244808853">
        <ele>744.44</ele>
      </trkpt>
      <trkpt lat="36.14327383227646" lon="137.1691797953099">
        <ele>743.33</ele>
      </trkpt>
      <trkpt lat="36.14325379952788" lon="137.16899438761175">
        <ele>742.18</ele>
      </trkpt>
      <trkpt lat="36.14325514063239" lon="137.16883588582277">
        <ele>741.01</ele>
      </trkpt>
      <trkpt lat="36.143278777599335" lon="137.16855232603848">
        <ele>739.86</ele>
      </trkpt>
      <trkpt lat="36.143308114260435" lon="137.16829148121178">
        <ele>738.62</ele>
      </trkpt>
      <trkpt lat="36.143337367102504" lon="137.16803164221346">
        <ele>737.3</ele>
      </trkpt>
      <trkpt lat="36.14333527162671" lon="137.16785822063684">
        <ele>735.99</ele>
      </trkpt>
      <trkpt lat="36.143317418172956" lon="137.1676807757467">
        <ele>734.67</ele>
      </trkpt>
      <trkpt lat="36.14328112453222" lon="137.16755689121783">
        <ele>733.32</ele>
      </trkpt>
      <trkpt lat="36.143172243610024" lon="137.1672917716205">
        <ele>731.88</ele>
      </trkpt>
      <trkpt lat="36.143067218363285" lon="137.16706193983555">
        <ele>730.5</ele>
      </trkpt>
      <trkpt lat="36.14299957640469" lon="137.1668987441808">
        <ele>729.21</ele>
      </trkpt>
      <trkpt lat="36.142951380461454" lon="137.16672481969">
        <ele>727.92</ele>
      </trkpt>
      <trkpt lat="36.14290812984109" lon="137.16653304174542">
        <ele>726.67</ele>
      </trkpt>
      <trkpt lat="36.14287259057164" lon="137.16636263765395">
        <ele>725.45</ele>
      </trkpt>
      <trkpt lat="36.14282397553325" lon="137.16622089967132">
        <ele>724.24</ele>
      </trkpt>
      <trkpt lat="36.14279095083475" lon="137.16613791882992">
        <ele>723.08</ele>
      </trkpt>
      <trkpt lat="36.14274501800537" lon="137.16606566682458">
        <ele>721.94</ele>
      </trkpt>
      <trkpt lat="36.14268098026514" lon="137.16598084196448">
        <ele>720.82</ele>
      </trkpt>
      <trkpt lat="36.14263697527349" lon="137.16593432240188">
        <ele>719.77</ele>
      </trkpt>
      <trkpt lat="36.14256279543042" lon="137.16589199379086">
        <ele>718.74</ele>
      </trkpt>
      <trkpt lat="36.14247973076999" lon="137.16585544869304">
        <ele>717.74</ele>
      </trkpt>
      <trkpt lat="36.14237512461841" lon="137.1658217534423">
        <ele>716.79</ele>
      </trkpt>
      <trkpt lat="36.142248725518584" lon="137.16583147644997">
        <ele>715.91</ele>
      </trkpt>
      <trkpt lat="36.14215727895498" lon="137.16584438458085">
        <ele>715.08</ele>
      </trkpt>
      <trkpt lat="36.14203339442611" lon="137.16588134877384">
        <ele>714.28</ele>
      </trkpt>
      <trkpt lat="36.14184538833797" lon="137.16594446450472">
        <ele>713.5</ele>
      </trkpt>
      <trkpt lat="36.14165662787855" lon="137.16600774787366">
        <ele>712.75</ele>
      </trkpt>
      <trkpt lat="36.141375163570046" lon="137.16609776951373">
        <ele>711.96</ele>
      </trkpt>
      <trkpt lat="36.14126586355269" lon="137.16613012365997">
        <ele>711.29</ele>
      </trkpt>
      <trkpt lat="36.1411633528769" lon="137.1661492343992">
        <ele>710.67</ele>
      </trkpt>
      <trkpt lat="36.14106989465654" lon="137.16615878976882">
        <ele>710.1</ele>
      </trkpt>
      <trkpt lat="36.14103267900646" lon="137.16614956967533">
        <ele>709.6</ele>
      </trkpt>
      <trkpt lat="36.14089077338576" lon="137.16610975563526">
        <ele>709.11</ele>
      </trkpt>
      <trkpt lat="36.140776947140694" lon="137.16604982502759">
        <ele>708.66</ele>
      </trkpt>
      <trkpt lat="36.14063395187259" lon="137.16589408926666">
        <ele>708.31</ele>
      </trkpt>
      <trkpt lat="36.140477964654565" lon="137.16569275595248">
        <ele>708.0</ele>
      </trkpt>
      <trkpt lat="36.14032197743654" lon="137.1654914226383">
        <ele>707.73</ele>
      </trkpt>
      <trkpt lat="36.14018007181585" lon="137.16530760750175">
        <ele>707.48</ele>
      </trkpt>
      <trkpt lat="36.140038166195154" lon="137.16512362472713">
        <ele>707.26</ele>
      </trkpt>
      <trkpt lat="36.13991252146661" lon="137.1649599261582">
        <ele>707.02</ele>
      </trkpt>
      <trkpt lat="36.13978687673807" lon="137.16479614377022">
        <ele>706.72</ele>
      </trkpt>
      <trkpt lat="36.139625357463956" lon="137.16452934779227">
        <ele>706.38</ele>
      </trkpt>
      <trkpt lat="36.139556458219886" lon="137.1644012723118">
        <ele>706.06</ele>
      </trkpt>
      <trkpt lat="36.13951572217047" lon="137.16431342996657">
        <ele>705.74</ele>
      </trkpt>
      <trkpt lat="36.1394848767668" lon="137.1642337180674">
        <ele>705.41</ele>
      </trkpt>
      <trkpt lat="36.13939896225929" lon="137.1638800855726">
        <ele>704.97</ele>
      </trkpt>
      <trkpt lat="36.139350682497025" lon="137.16367648914456">
        <ele>704.61</ele>
      </trkpt>
      <trkpt lat="36.139323273673654" lon="137.1635544486344">
        <ele>704.26</ele>
      </trkpt>
      <trkpt lat="36.139277340844274" lon="137.16344196349382">
        <ele>703.9</ele>
      </trkpt>
      <trkpt lat="36.13924196921289" lon="137.16335671953857">
        <ele>703.55</ele>
      </trkpt>
      <trkpt lat="36.139198299497366" lon="137.16329276561737">
        <ele>703.18</ele>
      </trkpt>
      <trkpt lat="36.13916225731373" lon="137.16325538232923">
        <ele>702.8</ele>
      </trkpt>
      <trkpt lat="36.139110121876" lon="137.16320995241404">
        <ele>702.4</ele>
      </trkpt>
      <trkpt lat="36.13907525315881" lon="137.16318807564676">
        <ele>701.98</ele>
      </trkpt>
      <trkpt lat="36.13902144134045" lon="137.16317642480135">
        <ele>701.54</ele>
      </trkpt>
      <trkpt lat="36.13884114660323" lon="137.1631585713476">
        <ele>701.11</ele>
      </trkpt>
      <trkpt lat="36.13865992985666" lon="137.16314055025578">
        <ele>700.67</ele>
      </trkpt>
      <trkpt lat="36.13843915052712" lon="137.1631179191172">
        <ele>700.18</ele>
      </trkpt>
      <trkpt lat="36.13815315999091" lon="137.16308841481805">
        <ele>699.6</ele>
      </trkpt>
      <trkpt lat="36.137865744531155" lon="137.16305874288082">
        <ele>698.9</ele>
      </trkpt>
      <trkpt lat="36.13759148865938" lon="137.16303661465645">
        <ele>698.17</ele>
      </trkpt>
      <trkpt lat="36.1373158916831" lon="137.163014318794">
        <ele>697.46</ele>
      </trkpt>
      <trkpt lat="36.13725126720965" lon="137.16300484724343">
        <ele>696.8</ele>
      </trkpt>
      <trkpt lat="36.13720424473286" lon="137.1630155760795">
        <ele>696.13</ele>
      </trkpt>
      <trkpt lat="36.137160155922174" lon="137.16302898712456">
        <ele>695.44</ele>
      </trkpt>
      <trkpt lat="36.13700995221734" lon="137.16311087831855">
        <ele>694.7</ele>
      </trkpt>
      <trkpt lat="36.13682169467211" lon="137.16324649751186">
        <ele>693.88</ele>
      </trkpt>
      <trkpt lat="36.13670694641769" lon="137.16339737176895">
        <ele>693.16</ele>
      </trkpt>
      <trkpt lat="36.136603094637394" lon="137.16352284885943">
        <ele>692.35</ele>
      </trkpt>
      <trkpt lat="36.13649547100067" lon="137.16364782303572">
        <ele>691.55</ele>
      </trkpt>
      <trkpt lat="36.136435540392995" lon="137.1637043170631">
        <ele>690.77</ele>
      </trkpt>
      <trkpt lat="36.13635809160769" lon="137.16375335119665">
        <ele>689.97</ele>
      </trkpt>
      <trkpt lat="36.13629028201103" lon="137.1637714561075">
        <ele>689.19</ele>
      </trkpt>
      <trkpt lat="36.13621358759701" lon="137.1637799218297">
        <ele>688.41</ele>
      </trkpt>
      <trkpt lat="36.136139491572976" lon="137.1637680195272">
        <ele>687.64</ele>
      </trkpt>
      <trkpt lat="36.136080734431744" lon="137.16373667120934">
        <ele>686.87</ele>
      </trkpt>
      <trkpt lat="36.13602306693792" lon="137.16369316913188">
        <ele>686.1</ele>
      </trkpt>
      <trkpt lat="36.13597855903208" lon="137.16363835148513">
        <ele>685.32</ele>
      </trkpt>
      <trkpt lat="36.13594226539135" lon="137.16356945224106">
        <ele>684.53</ele>
      </trkpt>
      <trkpt lat="36.135914688929915" lon="137.16350315138698">
        <ele>683.74</ele>
      </trkpt>
      <trkpt lat="36.135911671444774" lon="137.16339477337897">
        <ele>682.95</ele>
      </trkpt>
      <trkpt lat="36.135920556262136" lon="137.16329041868448">
        <ele>682.16</ele>
      </trkpt>
      <trkpt lat="36.135956179350615" lon="137.16309679672122">
        <ele>681.38</ele>
      </trkpt>
      <trkpt lat="36.13599163480103" lon="137.1629038453102">
        <ele>680.6</ele>
      </trkpt>
      <trkpt lat="36.136041171848774" lon="137.16259161941707">
        <ele>679.81</ele>
      </trkpt>
      <trkpt lat="36.1360396631062" lon="137.1622753702104">
        <ele>678.91</ele>
      </trkpt>
      <trkpt lat="36.136014349758625" lon="137.1620081551373">
        <ele>677.98</ele>
      </trkpt>
      <trkpt lat="36.13599305972457" lon="137.1618638187647">
        <ele>677.09</ele>
      </trkpt>
      <trkpt lat="36.13596296869218" lon="137.16175292618573">
        <ele>676.19</ele>
      </trkpt>
      <trkpt lat="36.13591896370053" lon="137.1616669278592">
        <ele>675.28</ele>
      </trkpt>
      <trkpt lat="36.13584017381072" lon="137.16159308329225">
        <ele>674.34</ele>
      </trkpt>
      <trkpt lat="36.13578837364912" lon="137.16156458482146">
        <ele>673.42</ele>
      </trkpt>
      <trkpt lat="36.13568779081106" lon="137.1615208312869">
        <ele>672.48</ele>
      </trkpt>
      <trkpt lat="36.13553297705948" lon="137.16147649101913">
        <ele>671.52</ele>
      </trkpt>
      <trkpt lat="36.13537749275565" lon="137.16143189929426">
        <ele>670.59</ele>
      </trkpt>
      <trkpt lat="36.13517037592828" lon="137.16139007359743">
        <ele>669.71</ele>
      </trkpt>
      <trkpt lat="36.13510617054999" lon="137.16142209246755">
        <ele>668.88</ele>
      </trkpt>
      <trkpt lat="36.135049844160676" lon="137.16171311214566">
        <ele>668.0</ele>
      </trkpt>
      <trkpt lat="36.13499368540943" lon="137.1620031259954">
        <ele>667.16</ele>
      </trkpt>
      <trkpt lat="36.13491456024349" lon="137.16233387589455">
        <ele>666.31</ele>
      </trkpt>
      <trkpt lat="36.13483568653464" lon="137.16266353614628">
        <ele>665.53</ele>
      </trkpt>
      <trkpt lat="36.13479201681912" lon="137.1629775222391">
        <ele>664.7</ele>
      </trkpt>
      <trkpt lat="36.134764859452844" lon="137.16321095824242">
        <ele>663.9</ele>
      </trkpt>
      <trkpt lat="36.134737618267536" lon="137.1634283848107">
        <ele>663.12</ele>
      </trkpt>
      <trkpt lat="36.134715070948005" lon="137.16371772810817">
        <ele>662.36</ele>
      </trkpt>
      <trkpt lat="36.1346978880465" lon="137.16402458958328">
        <ele>661.63</ele>
      </trkpt>
      <trkpt lat="36.134685985744" lon="137.16426028870046">
        <ele>660.94</ele>
      </trkpt>
      <trkpt lat="36.13470174372196" lon="137.16433513909578">
        <ele>660.25</ele>
      </trkpt>
      <trkpt lat="36.13469227217138" lon="137.16448383405805">
        <ele>659.57</ele>
      </trkpt>
      <trkpt lat="36.13465832546353" lon="137.16458106413484">
        <ele>658.89</ele>
      </trkpt>
      <trkpt lat="36.13464055582881" lon="137.16478013433516">
        <ele>658.22</ele>
      </trkpt>
      <trkpt lat="36.13462404347956" lon="137.16487753205">
        <ele>657.57</ele>
      </trkpt>
      <trkpt lat="36.13459663465619" lon="137.1649829763919">
        <ele>656.92</ele>
      </trkpt>
      <trkpt lat="36.134533267468214" lon="137.1652179211378">
        <ele>656.25</ele>
      </trkpt>
      <trkpt lat="36.134504433721304" lon="137.16537818312645">
        <ele>655.64</ele>
      </trkpt>
      <trkpt lat="36.13444844260812" lon="137.16559074819088">
        <ele>655.04</ele>
      </trkpt>
      <trkpt lat="36.13437468186021" lon="137.1658881381154">
        <ele>654.45</ele>
      </trkpt>
      <trkpt lat="36.134334448724985" lon="137.16608787886798">
        <ele>653.83</ele>
      </trkpt>
      <trkpt lat="36.13430787809193" lon="137.16630706563592">
        <ele>653.17</ele>
      </trkpt>
      <trkpt lat="36.13428675569594" lon="137.1665115840733">
        <ele>652.56</ele>
      </trkpt>
      <trkpt lat="36.13426739349961" lon="137.16677703894675">
        <ele>651.97</ele>
      </trkpt>
      <trkpt lat="36.13436168991029" lon="137.16706537641585">
        <ele>651.38</ele>
      </trkpt>
      <trkpt lat="36.13433629274368" lon="137.16718934476376">
        <ele>650.84</ele>
      </trkpt>
      <trkpt lat="36.13419681787491" lon="137.16738816350698">
        <ele>650.38</ele>
      </trkpt>
      <trkpt lat="36.134167816489935" lon="137.1676754951477">
        <ele>649.9</ele>
      </trkpt>
      <trkpt lat="36.13414845429361" lon="137.1679381839931">
        <ele>649.39</ele>
      </trkpt>
      <trkpt lat="36.13412909209728" lon="137.16819995082915">
        <ele>648.83</ele>
      </trkpt>
      <trkpt lat="36.13410294055939" lon="137.16845308430493">
        <ele>648.3</ele>
      </trkpt>
      <trkpt lat="36.134076872840524" lon="137.1687051281333">
        <ele>647.79</ele>
      </trkpt>
      <trkpt lat="36.13407578319311" lon="137.16887863352895">
        <ele>647.32</ele>
      </trkpt>
      <trkpt lat="36.13406153395772" lon="137.16912724077702">
        <ele>646.86</ele>
      </trkpt>
      <trkpt lat="36.134035466238856" lon="137.16935849748552">
        <ele>646.39</ele>
      </trkpt>
      <trkpt lat="36.13403311930597" lon="137.1694797836244">
        <ele>645.96</ele>
      </trkpt>
      <trkpt lat="36.13398978486657" lon="137.1696533728391">
        <ele>645.53</ele>
      </trkpt>
      <trkpt lat="36.13396086730063" lon="137.16988471336663">
        <ele>645.1</ele>
      </trkpt>
      <trkpt lat="36.13393211737275" lon="137.17011529952288">
        <ele>644.67</ele>
      </trkpt>
      <trkpt lat="36.134004620835185" lon="137.17016098089516">
        <ele>644.26</ele>
      </trkpt>
      <trkpt lat="36.13403655588627" lon="137.17032585293055">
        <ele>643.82</ele>
      </trkpt>
      <trkpt lat="36.134047117084265" lon="137.1704623941332">
        <ele>643.38</ele>
      </trkpt>
      <trkpt lat="36.13418659195304" lon="137.17045409604907">
        <ele>642.98</ele>
      </trkpt>
      <trkpt lat="36.13420226611197" lon="137.17063506133854">
        <ele>642.53</ele>
      </trkpt>
      <trkpt lat="36.13421006128192" lon="137.17101828195155">
        <ele>642.08</ele>
      </trkpt>
      <trkpt lat="36.134141916409135" lon="137.1712861675769">
        <ele>641.68</ele>
      </trkpt>
      <trkpt lat="36.13408709876239" lon="137.17132346704602">
        <ele>641.27</ele>
      </trkpt>
      <trkpt lat="36.13407871685922" lon="137.17139647342265">
        <ele>640.89</ele>
      </trkpt>
      <trkpt lat="36.134074442088604" lon="137.17151331715286">
        <ele>640.5</ele>
      </trkpt>
      <trkpt lat="36.13405281677842" lon="137.17166109010577">
        <ele>640.1</ele>
      </trkpt>
      <trkpt lat="36.13401057198644" lon="137.17176862992346">
        <ele>639.68</ele>
      </trkpt>
      <trkpt lat="36.13398768939078" lon="137.17184415087104">
        <ele>639.27</ele>
      </trkpt>
      <trkpt lat="36.13385735079646" lon="137.1720797661692">
        <ele>638.85</ele>
      </trkpt>
      <trkpt lat="36.133727012202144" lon="137.17231538146734">
        <ele>638.42</ele>
      </trkpt>
      <trkpt lat="36.13359692506492" lon="137.17255057767034">
        <ele>637.99</ele>
      </trkpt>
      <trkpt lat="36.13351620733738" lon="137.17271813191473">
        <ele>637.57</ele>
      </trkpt>
      <trkpt lat="36.1334356572479" lon="137.172885350883">
        <ele>637.14</ele>
      </trkpt>
      <trkpt lat="36.13340422511101" lon="137.17299758456647">
        <ele>636.71</ele>
      </trkpt>
      <trkpt lat="36.13334773108363" lon="137.17335037887096">
        <ele>636.24</ele>
      </trkpt>
      <trkpt lat="36.13332996144891" lon="137.17345439828932">
        <ele>635.8</ele>
      </trkpt>
      <trkpt lat="36.13331789150834" lon="137.1735251415521">
        <ele>635.36</ele>
      </trkpt>
      <trkpt lat="36.13328796811402" lon="137.17366243712604">
        <ele>634.91</ele>
      </trkpt>
      <trkpt lat="36.13325351849198" lon="137.17372303828597">
        <ele>634.48</ele>
      </trkpt>
      <trkpt lat="36.13317799754441" lon="137.1740706358105">
        <ele>634.04</ele>
      </trkpt>
      <trkpt lat="36.1331195756793" lon="137.17434640042484">
        <ele>633.57</ele>
      </trkpt>
      <trkpt lat="36.1330611538142" lon="137.1746222488582">
        <ele>633.12</ele>
      </trkpt>
      <trkpt lat="36.13300306722522" lon="137.17489658854902">
        <ele>632.66</ele>
      </trkpt>
      <trkpt lat="36.132950596511364" lon="137.17513086274266">
        <ele>632.19</ele>
      </trkpt>
      <trkpt lat="36.132898293435574" lon="137.17536446638405">
        <ele>631.74</ele>
      </trkpt>
      <trkpt lat="36.132848504930735" lon="137.1755739301443">
        <ele>631.25</ele>
      </trkpt>
      <trkpt lat="36.13279896788299" lon="137.1757827233523">
        <ele>630.77</ele>
      </trkpt>
      <trkpt lat="36.13275982439518" lon="137.17590652406216">
        <ele>630.3</ele>
      </trkpt>
      <trkpt lat="36.132714143022895" lon="137.17605446465313">
        <ele>629.82</ele>
      </trkpt>
      <trkpt lat="36.13261071033776" lon="137.17630533501506">
        <ele>629.37</ele>
      </trkpt>
      <trkpt lat="36.13250727765262" lon="137.17655620537698">
        <ele>628.93</ele>
      </trkpt>
      <trkpt lat="36.13240418024361" lon="137.1768062375486">
        <ele>628.49</ele>
      </trkpt>
      <trkpt lat="36.132378531619906" lon="137.1768937446177">
        <ele>628.07</ele>
      </trkpt>
      <trkpt lat="36.13233326934278" lon="137.17700723558664">
        <ele>627.65</ele>
      </trkpt>
      <trkpt lat="36.13229655660689" lon="137.17708284035325">
        <ele>627.25</ele>
      </trkpt>
      <trkpt lat="36.132248947396874" lon="137.17716909013689">
        <ele>626.86</ele>
      </trkpt>
      <trkpt lat="36.132138054817915" lon="137.17743638902903">
        <ele>626.45</ele>
      </trkpt>
      <trkpt lat="36.132027078419924" lon="137.1777037717402">
        <ele>626.04</ele>
      </trkpt>
      <trkpt lat="36.13191610202193" lon="137.17797115445137">
        <ele>625.6</ele>
      </trkpt>
      <trkpt lat="36.13180562853813" lon="137.1782373636961">
        <ele>625.17</ele>
      </trkpt>
      <trkpt lat="36.131660621613264" lon="137.1785809379071">
        <ele>624.81</ele>
      </trkpt>
      <trkpt lat="36.13160873763263" lon="137.1786964405328">
        <ele>624.49</ele>
      </trkpt>
      <trkpt lat="36.1315708514303" lon="137.17876626178622">
        <ele>624.19</ele>
      </trkpt>
      <trkpt lat="36.13152374513447" lon="137.17884002253413">
        <ele>623.89</ele>
      </trkpt>
      <trkpt lat="36.13137806765735" lon="137.17903456650674">
        <ele>623.59</ele>
      </trkpt>
      <trkpt lat="36.13137404434383" lon="137.17917102389038">
        <ele>623.32</ele>
      </trkpt>
      <trkpt lat="36.131413355469704" lon="137.1792981773615">
        <ele>623.07</ele>
      </trkpt>
      <trkpt lat="36.13143179565668" lon="137.17942734248936">
        <ele>622.82</ele>
      </trkpt>
      <trkpt lat="36.13142475485802" lon="137.179532116279">
        <ele>622.57</ele>
      </trkpt>
      <trkpt lat="36.131406063213944" lon="137.17961803078651">
        <ele>622.34</ele>
      </trkpt>
      <trkpt lat="36.13137865439057" lon="137.1796999219805">
        <ele>622.14</ele>
      </trkpt>
      <trkpt lat="36.13122601993382" lon="137.17998926527798">
        <ele>621.94</ele>
      </trkpt>
      <trkpt lat="36.13110372796655" lon="137.18026502989233">
        <ele>621.8</ele>
      </trkpt>
      <trkpt lat="36.13100616261363" lon="137.18050299212337">
        <ele>621.63</ele>
      </trkpt>
      <trkpt lat="36.13090951927006" lon="137.18083248473704">
        <ele>621.44</ele>
      </trkpt>
      <trkpt lat="36.13080935552716" lon="137.18113934621215">
        <ele>621.3</ele>
      </trkpt>
      <trkpt lat="36.13072209991515" lon="137.18142475001514">
        <ele>621.2</ele>
      </trkpt>
      <trkpt lat="36.1306606605649" lon="137.18164511024952">
        <ele>621.17</ele>
      </trkpt>
      <trkpt lat="36.13059947267175" lon="137.18186488375068">
        <ele>621.2</ele>
      </trkpt>
      <trkpt lat="36.13053811714053" lon="137.1821022592485">
        <ele>621.41</ele>
      </trkpt>
      <trkpt lat="36.13048866391182" lon="137.18230007216334">
        <ele>621.44</ele>
      </trkpt>
      <trkpt lat="36.13043929450214" lon="137.18249729834497">
        <ele>621.37</ele>
      </trkpt>
      <trkpt lat="36.13039084710181" lon="137.1826961170882">
        <ele>621.15</ele>
      </trkpt>
      <trkpt lat="36.130378525704145" lon="137.18280097469687">
        <ele>621.04</ele>
      </trkpt>
      <trkpt lat="36.13037274219096" lon="137.1829030662775">
        <ele>620.94</ele>
      </trkpt>
      <trkpt lat="36.13037969917059" lon="137.1830589696765">
        <ele>620.85</ele>
      </trkpt>
      <trkpt lat="36.13040903583169" lon="137.18318511731923">
        <ele>620.81</ele>
      </trkpt>
      <trkpt lat="36.13044507801533" lon="137.18330204486847">
        <ele>620.75</ele>
      </trkpt>
      <trkpt lat="36.13050349988043" lon="137.18340799212456">
        <ele>620.72</ele>
      </trkpt>
      <trkpt lat="36.130640963092446" lon="137.18359633348882">
        <ele>620.63</ele>
      </trkpt>
      <trkpt lat="36.13077842630446" lon="137.18378475867212">
        <ele>620.35</ele>
      </trkpt>
      <trkpt lat="36.13096400164068" lon="137.18401190824807">
        <ele>620.21</ele>
      </trkpt>
      <trkpt lat="36.131149576976895" lon="137.18423905782402">
        <ele>620.15</ele>
      </trkpt>
      <trkpt lat="36.13133506849408" lon="137.18446612358093">
        <ele>620.13</ele>
      </trkpt>
      <trkpt lat="36.1315206438303" lon="137.18469327315688">
        <ele>620.08</ele>
      </trkpt>
      <trkpt lat="36.13170638680458" lon="137.18492067418993">
        <ele>620.1</ele>
      </trkpt>
      <trkpt lat="36.131871761754155" lon="137.18512561172247">
        <ele>620.15</ele>
      </trkpt>
      <trkpt lat="36.13203722052276" lon="137.185330549255">
        <ele>620.21</ele>
      </trkpt>
      <trkpt lat="36.1322027631104" lon="137.1855355706066">
        <ele>620.26</ele>
      </trkpt>
      <trkpt lat="36.13237182609737" lon="137.1857422683388">
        <ele>620.3</ele>
      </trkpt>
      <trkpt lat="36.13254088908434" lon="137.185948966071">
        <ele>620.41</ele>
      </trkpt>
      <trkpt lat="36.13271003589034" lon="137.18615583144128">
        <ele>620.52</ele>
      </trkpt>
      <trkpt lat="36.13287499174476" lon="137.18634073622525">
        <ele>620.69</ele>
      </trkpt>
      <trkpt lat="36.13296509720385" lon="137.18646805733442">
        <ele>620.81</ele>
      </trkpt>
      <trkpt lat="36.13302804529667" lon="137.18657727353275">
        <ele>620.95</ele>
      </trkpt>
      <trkpt lat="36.13306609913707" lon="137.1866614278406">
        <ele>620.96</ele>
      </trkpt>
      <trkpt lat="36.13310566172004" lon="137.18678137287498">
        <ele>620.95</ele>
      </trkpt>
      <trkpt lat="36.13317213021219" lon="137.1870845463127">
        <ele>620.84</ele>
      </trkpt>
      <trkpt lat="36.13323834724724" lon="137.187386630103">
        <ele>620.91</ele>
      </trkpt>
      <trkpt lat="36.133308252319694" lon="137.18774981796741">
        <ele>621.08</ele>
      </trkpt>
      <trkpt lat="36.13337807357311" lon="137.18811300583184">
        <ele>621.04</ele>
      </trkpt>
      <trkpt lat="36.133447559550405" lon="137.18847426585853">
        <ele>620.67</ele>
      </trkpt>
      <trkpt lat="36.133518973365426" lon="137.18883871100843">
        <ele>620.21</ele>
      </trkpt>
      <trkpt lat="36.13359005190432" lon="137.18920189887285">
        <ele>619.89</ele>
      </trkpt>
      <trkpt lat="36.13365903496742" lon="137.18957765959203">
        <ele>619.52</ele>
      </trkpt>
      <trkpt lat="36.133666494861245" lon="137.18964505009353">
        <ele>619.19</ele>
      </trkpt>
      <trkpt lat="36.133668925613165" lon="137.18973917886615">
        <ele>618.84</ele>
      </trkpt>
      <trkpt lat="36.133673870936036" lon="137.18980556353927">
        <ele>618.43</ele>
      </trkpt>
      <trkpt lat="36.13366582430899" lon="137.18989885412157">
        <ele>617.98</ele>
      </trkpt>
      <trkpt lat="36.13365459255874" lon="137.19001217745245">
        <ele>617.53</ele>
      </trkpt>
      <trkpt lat="36.13363238051534" lon="137.1901899576187">
        <ele>617.03</ele>
      </trkpt>
      <trkpt lat="36.133579993620515" lon="137.19054174609482">
        <ele>616.49</ele>
      </trkpt>
      <trkpt lat="36.133527690544724" lon="137.1908934507519">
        <ele>615.69</ele>
      </trkpt>
      <trkpt lat="36.13347563892603" lon="137.19124322757125">
        <ele>614.75</ele>
      </trkpt>
      <trkpt lat="36.13345359452069" lon="137.1913530305028">
        <ele>614.0</ele>
      </trkpt>
      <trkpt lat="36.13342836499214" lon="137.19137985259295">
        <ele>613.28</ele>
      </trkpt>
      <trkpt lat="36.133406488224864" lon="137.19146291725338">
        <ele>612.5</ele>
      </trkpt>
      <trkpt lat="36.13337555900216" lon="137.19171755947173">
        <ele>611.67</ele>
      </trkpt>
      <trkpt lat="36.13334479741752" lon="137.1919711958617">
        <ele>610.85</ele>
      </trkpt>
      <trkpt lat="36.13332962617278" lon="137.1921453718096">
        <ele>610.1</ele>
      </trkpt>
      <trkpt lat="36.13329090178013" lon="137.1924680750817">
        <ele>609.27</ele>
      </trkpt>
      <trkpt lat="36.13325226120651" lon="137.19278952106833">
        <ele>608.53</ele>
      </trkpt>
      <trkpt lat="36.13321244716644" lon="137.19315589405596">
        <ele>607.86</ele>
      </trkpt>
      <trkpt lat="36.133174896240234" lon="137.19348203390837">
        <ele>607.18</ele>
      </trkpt>
      <trkpt lat="36.13315561786294" lon="137.1937509253621">
        <ele>606.4</ele>
      </trkpt>
      <trkpt lat="36.133153857663274" lon="137.19400389119983">
        <ele>605.67</ele>
      </trkpt>
      <trkpt lat="36.13314874470234" lon="137.19432382844388">
        <ele>605.05</ele>
      </trkpt>
      <trkpt lat="36.133147990331054" lon="137.1946705877781">
        <ele>604.47</ele>
      </trkpt>
      <trkpt lat="36.133146146312356" lon="137.1949515491724">
        <ele>603.85</ele>
      </trkpt>
      <trkpt lat="36.13314421847463" lon="137.19523133710027">
        <ele>603.25</ele>
      </trkpt>
      <trkpt lat="36.13314673304558" lon="137.19552512280643">
        <ele>602.67</ele>
      </trkpt>
      <trkpt lat="36.13315662369132" lon="137.1956706326455">
        <ele>602.15</ele>
      </trkpt>
      <trkpt lat="36.13317674025893" lon="137.19579175114632">
        <ele>601.63</ele>
      </trkpt>
      <trkpt lat="36.13319467753172" lon="137.19587925821543">
        <ele>601.14</ele>
      </trkpt>
      <trkpt lat="36.13321722485125" lon="137.19597229734063">
        <ele>600.66</ele>
      </trkpt>
      <trkpt lat="36.13324597477913" lon="137.1960469800979">
        <ele>600.2</ele>
      </trkpt>
      <trkpt lat="36.13328645937145" lon="137.19612962566316">
        <ele>599.73</ele>
      </trkpt>
      <trkpt lat="36.13334613852203" lon="137.1962224971503">
        <ele>599.28</ele>
      </trkpt>
      <trkpt lat="36.13337388262153" lon="137.19627153128386">
        <ele>598.86</ele>
      </trkpt>
      <trkpt lat="36.13351997919381" lon="137.19644805416465">
        <ele>598.42</ele>
      </trkpt>
      <trkpt lat="36.13366615958512" lon="137.19662466086447">
        <ele>598.01</ele>
      </trkpt>
      <trkpt lat="36.133786188438535" lon="137.19676564447582">
        <ele>597.66</ele>
      </trkpt>
      <trkpt lat="36.133906384930015" lon="137.19690662808716">
        <ele>597.32</ele>
      </trkpt>
      <trkpt lat="36.134069077670574" lon="137.19709890894592">
        <ele>597.0</ele>
      </trkpt>
      <trkpt lat="36.134231854230165" lon="137.19729110598564">
        <ele>596.71</ele>
      </trkpt>
      <trkpt lat="36.13439479842782" lon="137.19748347066343">
        <ele>596.42</ele>
      </trkpt>
      <trkpt lat="36.13462697714567" lon="137.19773828051984">
        <ele>596.08</ele>
      </trkpt>
      <trkpt lat="36.13476695492864" lon="137.19788043759763">
        <ele>595.8</ele>
      </trkpt>
      <trkpt lat="36.13485706038773" lon="137.1979649271816">
        <ele>595.54</ele>
      </trkpt>
      <trkpt lat="36.135010281577706" lon="137.1980920806527">
        <ele>595.31</ele>
      </trkpt>
      <trkpt lat="36.13513944670558" lon="137.19818168319762">
        <ele>595.09</ele>
      </trkpt>
      <trkpt lat="36.13523977808654" lon="137.19824739731848">
        <ele>594.88</ele>
      </trkpt>
      <trkpt lat="36.13546818494797" lon="137.19840447418392">
        <ele>594.67</ele>
      </trkpt>
      <trkpt lat="36.13569659180939" lon="137.19856155104935">
        <ele>594.46</ele>
      </trkpt>
      <trkpt lat="36.13592508248985" lon="137.19871871173382">
        <ele>594.23</ele>
      </trkpt>
      <trkpt lat="36.13615348935127" lon="137.19887578859925">
        <ele>594.03</ele>
      </trkpt>
      <trkpt lat="36.1363834887743" lon="137.1990339551121">
        <ele>593.84</ele>
      </trkpt>
      <trkpt lat="36.136624636128545" lon="137.19919974915683">
        <ele>593.67</ele>
      </trkpt>
      <trkpt lat="36.13686586730182" lon="137.19936554320157">
        <ele>593.43</ele>
      </trkpt>
      <trkpt lat="36.13710802048445" lon="137.19953192397952">
        <ele>593.16</ele>
      </trkpt>
      <trkpt lat="36.13731597550213" lon="137.19967500306666">
        <ele>592.97</ele>
      </trkpt>
      <trkpt lat="36.13752443343401" lon="137.19981841742992">
        <ele>592.85</ele>
      </trkpt>
      <trkpt lat="36.13771109841764" lon="137.19994699582458">
        <ele>592.71</ele>
      </trkpt>
      <trkpt lat="36.13793447613716" lon="137.2000929247588">
        <ele>592.5</ele>
      </trkpt>
      <trkpt lat="36.13817537203431" lon="137.2002607304603">
        <ele>592.27</ele>
      </trkpt>
      <trkpt lat="36.13841635175049" lon="137.20042853616178">
        <ele>592.11</ele>
      </trkpt>
      <trkpt lat="36.13865724764764" lon="137.20059634186327">
        <ele>591.91</ele>
      </trkpt>
      <trkpt lat="36.1388994846493" lon="137.20076506957412">
        <ele>591.66</ele>
      </trkpt>
      <trkpt lat="36.13914415240288" lon="137.20093220472336">
        <ele>591.46</ele>
      </trkpt>
      <trkpt lat="36.13938957452774" lon="137.20109975896776">
        <ele>591.28</ele>
      </trkpt>
      <trkpt lat="36.13965737633407" lon="137.20127913169563">
        <ele>591.12</ele>
      </trkpt>
      <trkpt lat="36.13980892114341" lon="137.20136873424053">
        <ele>590.91</ele>
      </trkpt>
      <trkpt lat="36.139960968866944" lon="137.20145858824253">
        <ele>590.7</ele>
      </trkpt>
      <trkpt lat="36.140046548098326" lon="137.20152212306857">
        <ele>590.51</ele>
      </trkpt>
      <trkpt lat="36.14025978371501" lon="137.2016324289143">
        <ele>590.31</ele>
      </trkpt>
      <trkpt lat="36.14047377370298" lon="137.20174307003617">
        <ele>590.08</ele>
      </trkpt>
      <trkpt lat="36.14051006734371" lon="137.20174122601748">
        <ele>589.89</ele>
      </trkpt>
      <trkpt lat="36.140481820330024" lon="137.2018380369991">
        <ele>589.67</ele>
      </trkpt>
      <trkpt lat="36.14050126634538" lon="137.2018758393824">
        <ele>589.48</ele>
      </trkpt>
      <trkpt lat="36.14049774594605" lon="137.20197818242013">
        <ele>589.28</ele>
      </trkpt>
      <trkpt lat="36.14046312868595" lon="137.2021078504622">
        <ele>589.08</ele>
      </trkpt>
      <trkpt lat="36.14042214117944" lon="137.20227112993598">
        <ele>588.89</ele>
      </trkpt>
      <trkpt lat="36.140396324917674" lon="137.20243315212429">
        <ele>588.7</ele>
      </trkpt>
      <trkpt lat="36.14035374484956" lon="137.20269232057035">
        <ele>588.49</ele>
      </trkpt>
      <trkpt lat="36.14031644538045" lon="137.20294889062643">
        <ele>588.28</ele>
      </trkpt>
      <trkpt lat="36.140282498672605" lon="137.20316874794662">
        <ele>588.12</ele>
      </trkpt>
      <trkpt lat="36.14024184644222" lon="137.2033698298037">
        <ele>587.99</ele>
      </trkpt>
      <trkpt lat="36.14022944122553" lon="137.20345691777766">
        <ele>587.85</ele>
      </trkpt>
      <trkpt lat="36.140189627185464" lon="137.20363863743842">
        <ele>587.72</ele>
      </trkpt>
      <trkpt lat="36.14015677012503" lon="137.20373486168683">
        <ele>587.58</ele>
      </trkpt>
      <trkpt lat="36.14010874181986" lon="137.20381365157664">
        <ele>587.45</ele>
      </trkpt>
      <trkpt lat="36.140186274424195" lon="137.20390174537897">
        <ele>587.28</ele>
      </trkpt>
      <trkpt lat="36.14023044705391" lon="137.20407055690885">
        <ele>587.14</ele>
      </trkpt>
      <trkpt lat="36.140270261093974" lon="137.2041253745556">
        <ele>586.99</ele>
      </trkpt>
      <trkpt lat="36.14048324525356" lon="137.2043852135539">
        <ele>586.83</ele>
      </trkpt>
      <trkpt lat="36.14069631323218" lon="137.20464505255222">
        <ele>586.62</ele>
      </trkpt>
      <trkpt lat="36.140909381210804" lon="137.20490497536957">
        <ele>586.43</ele>
      </trkpt>
      <trkpt lat="36.141122533008456" lon="137.20516506582499">
        <ele>586.26</ele>
      </trkpt>
      <trkpt lat="36.141285728663206" lon="137.20536103472114">
        <ele>586.13</ele>
      </trkpt>
      <trkpt lat="36.14146082662046" lon="137.20557326450944">
        <ele>585.97</ele>
      </trkpt>
      <trkpt lat="36.14161295816302" lon="137.2057586722076">
        <ele>585.82</ele>
      </trkpt>
      <trkpt lat="36.141765005886555" lon="137.20594407990575">
        <ele>585.68</ele>
      </trkpt>
      <trkpt lat="36.14191713742912" lon="137.20612957142293">
        <ele>585.6</ele>
      </trkpt>
      <trkpt lat="36.14210966974497" lon="137.20635403878987">
        <ele>585.58</ele>
      </trkpt>
      <trkpt lat="36.14230312407017" lon="137.20659191720188">
        <ele>585.55</ele>
      </trkpt>
      <trkpt lat="36.142518538981676" lon="137.2068480681628">
        <ele>585.48</ele>
      </trkpt>
      <trkpt lat="36.142734037712216" lon="137.20710421912372">
        <ele>585.28</ele>
      </trkpt>
      <trkpt lat="36.14294132217765" lon="137.2073550056666">
        <ele>585.07</ele>
      </trkpt>
      <trkpt lat="36.14314860664308" lon="137.20760570839047">
        <ele>584.95</ele>
      </trkpt>
      <trkpt lat="36.143355974927545" lon="137.20785649493337">
        <ele>584.75</ele>
      </trkpt>
      <trkpt lat="36.14356325939298" lon="137.20810719765723">
        <ele>584.5</ele>
      </trkpt>
      <trkpt lat="36.14377054385841" lon="137.20835798420012">
        <ele>584.32</ele>
      </trkpt>
      <trkpt lat="36.14397782832384" lon="137.20860868692398">
        <ele>584.2</ele>
      </trkpt>
      <trkpt lat="36.1441854480654" lon="137.20885989256203">
        <ele>584.13</ele>
      </trkpt>
      <trkpt lat="36.1443426925689" lon="137.20905133523047">
        <ele>584.05</ele>
      </trkpt>
      <trkpt lat="36.144499937072396" lon="137.20924286171794">
        <ele>583.92</ele>
      </trkpt>
      <trkpt lat="36.14467444829643" lon="137.2094718553126">
        <ele>583.75</ele>
      </trkpt>
      <trkpt lat="36.14481425844133" lon="137.2096762061119">
        <ele>583.59</ele>
      </trkpt>
      <trkpt lat="36.14495406858623" lon="137.20988055691123">
        <ele>583.46</ele>
      </trkpt>
      <trkpt lat="36.145070660859346" lon="137.2099161799997">
        <ele>583.32</ele>
      </trkpt>
      <trkpt lat="36.14512899890542" lon="137.21000242978334">
        <ele>583.19</ele>
      </trkpt>
      <trkpt lat="36.145133189857006" lon="137.21011005342007">
        <ele>583.06</ele>
      </trkpt>
      <trkpt lat="36.14528029225767" lon="137.210379447788">
        <ele>582.88</ele>
      </trkpt>
      <trkpt lat="36.14542747847736" lon="137.2106487583369">
        <ele>582.67</ele>
      </trkpt>
      <trkpt lat="36.145574329420924" lon="137.21091764979064">
        <ele>582.5</ele>
      </trkpt>
      <trkpt lat="36.14565613679588" lon="137.21108889207244">
        <ele>582.36</ele>
      </trkpt>
      <trkpt lat="36.14573777653277" lon="137.21125988289714">
        <ele>582.23</ele>
      </trkpt>
      <trkpt lat="36.14582494832575" lon="137.21144244074821">
        <ele>582.09</ele>
      </trkpt>
      <trkpt lat="36.145907677710056" lon="137.21162223257124">
        <ele>581.94</ele>
      </trkpt>
      <trkpt lat="36.146015049889684" lon="137.21187335439026">
        <ele>581.77</ele>
      </trkpt>
      <trkpt lat="36.146122170612216" lon="137.2121239732951">
        <ele>581.6</ele>
      </trkpt>
      <trkpt lat="36.146191488951445" lon="137.21233058720827">
        <ele>581.44</ele>
      </trkpt>
      <trkpt lat="36.146242283284664" lon="137.21248347312212">
        <ele>581.26</ele>
      </trkpt>
      <trkpt lat="36.146274134516716" lon="137.21260459162295">
        <ele>581.06</ele>
      </trkpt>
      <trkpt lat="36.146299447864294" lon="137.21272688359022">
        <ele>580.85</ele>
      </trkpt>
      <trkpt lat="36.14638687111437" lon="137.21288714557886">
        <ele>580.58</ele>
      </trkpt>
      <trkpt lat="36.14646105095744" lon="137.2130159754306">
        <ele>580.33</ele>
      </trkpt>
      <trkpt lat="36.14659247919917" lon="137.21330783329904">
        <ele>580.09</ele>
      </trkpt>
      <trkpt lat="36.1467239074409" lon="137.21359969116747">
        <ele>579.9</ele>
      </trkpt>
      <trkpt lat="36.14685491658747" lon="137.21389062702656">
        <ele>579.7</ele>
      </trkpt>
      <trkpt lat="36.146961115300655" lon="137.21418441273272">
        <ele>579.43</ele>
      </trkpt>
      <trkpt lat="36.14706731401384" lon="137.21447819843888">
        <ele>579.19</ele>
      </trkpt>
      <trkpt lat="36.147173093631864" lon="137.21477089449763">
        <ele>578.9</ele>
      </trkpt>
      <trkpt lat="36.1472522187978" lon="137.2149986308068">
        <ele>578.57</ele>
      </trkpt>
      <trkpt lat="36.147450199350715" lon="137.2152576316148">
        <ele>578.23</ele>
      </trkpt>
      <trkpt lat="36.147648096084595" lon="137.2155166324228">
        <ele>577.91</ele>
      </trkpt>
      <trkpt lat="36.14784607663751" lon="137.2157756332308">
        <ele>577.59</ele>
      </trkpt>
      <trkpt lat="36.148009691387415" lon="137.2159947361797">
        <ele>577.28</ele>
      </trkpt>
      <trkpt lat="36.14817322231829" lon="137.2162138391286">
        <ele>576.97</ele>
      </trkpt>
      <trkpt lat="36.14833038300276" lon="137.2164181061089">
        <ele>576.68</ele>
      </trkpt>
      <trkpt lat="36.14848745986819" lon="137.21662245690823">
        <ele>576.4</ele>
      </trkpt>
      <trkpt lat="36.148704551160336" lon="137.2168832179159">
        <ele>576.18</ele>
      </trkpt>
      <trkpt lat="36.14891250617802" lon="137.2171681188047">
        <ele>575.91</ele>
      </trkpt>
      <trkpt lat="36.149120377376676" lon="137.21745293587446">
        <ele>575.6</ele>
      </trkpt>
      <trkpt lat="36.14932824857533" lon="137.21773775294423">
        <ele>575.25</ele>
      </trkpt>
      <trkpt lat="36.149536119773984" lon="137.218022570014">
        <ele>575.08</ele>
      </trkpt>
      <trkpt lat="36.14947627298534" lon="137.2180899605155">
        <ele>574.89</ele>
      </trkpt>
      <trkpt lat="36.14944308064878" lon="137.21813295967877">
        <ele>574.71</ele>
      </trkpt>
      <trkpt lat="36.149421874433756" lon="137.21817604266107">
        <ele>574.53</ele>
      </trkpt>
      <trkpt lat="36.14942053332925" lon="137.21823094412684">
        <ele>574.36</ele>
      </trkpt>
      <trkpt lat="36.14944844506681" lon="137.21837293356657">
        <ele>574.17</ele>
      </trkpt>
      <trkpt lat="36.14957165904343" lon="137.21858541481197">
        <ele>573.98</ele>
      </trkpt>
      <trkpt lat="36.14969478920102" lon="137.21879789605737">
        <ele>573.79</ele>
      </trkpt>
      <trkpt lat="36.14981775172055" lon="137.21901004202664">
        <ele>573.61</ele>
      </trkpt>
      <trkpt lat="36.14999637007713" lon="137.21932461485267">
        <ele>573.42</ele>
      </trkpt>
      <trkpt lat="36.15017498843372" lon="137.2196391876787">
        <ele>573.22</ele>
      </trkpt>
      <trkpt lat="36.15035327151418" lon="137.21995325759053">
        <ele>572.99</ele>
      </trkpt>
      <trkpt lat="36.150506576523185" lon="137.22022441215813">
        <ele>572.75</ele>
      </trkpt>
      <trkpt lat="36.15065979771316" lon="137.22049565054476">
        <ele>572.5</ele>
      </trkpt>
      <trkpt lat="36.15081285126507" lon="137.2207663860172">
        <ele>572.22</ele>
      </trkpt>
      <trkpt lat="36.1509823333472" lon="137.22106201574206">
        <ele>571.9</ele>
      </trkpt>
      <trkpt lat="36.15115181542933" lon="137.22135764546692">
        <ele>571.68</ele>
      </trkpt>
      <trkpt lat="36.15132096223533" lon="137.2216527722776">
        <ele>571.47</ele>
      </trkpt>
      <trkpt lat="36.1514778714627" lon="137.22192811779678">
        <ele>571.28</ele>
      </trkpt>
      <trkpt lat="36.15163469687104" lon="137.22220312803984">
        <ele>571.04</ele>
      </trkpt>
      <trkpt lat="36.15180853754282" lon="137.22252708859742">
        <ele>570.83</ele>
      </trkpt>
      <trkpt lat="36.15197123028338" lon="137.2227918729186">
        <ele>570.6</ele>
      </trkpt>
      <trkpt lat="36.15214264020324" lon="137.22303796559572">
        <ele>570.37</ele>
      </trkpt>
      <trkpt lat="36.15230759605765" lon="137.22332345321774">
        <ele>570.17</ele>
      </trkpt>
      <trkpt lat="36.15247246809304" lon="137.22360894083977">
        <ele>570.02</ele>
      </trkpt>
      <trkpt lat="36.15263742394745" lon="137.2238944284618">
        <ele>569.81</ele>
      </trkpt>
      <trkpt lat="36.15280196070671" lon="137.2241793293506">
        <ele>569.56</ele>
      </trkpt>
      <trkpt lat="36.15285015664995" lon="137.22426641732454">
        <ele>569.3</ele>
      </trkpt>
      <trkpt lat="36.152856359258294" lon="137.22428577952087">
        <ele>569.06</ele>
      </trkpt>
      <trkpt lat="36.152848564088345" lon="137.22445836290717">
        <ele>568.81</ele>
      </trkpt>
      <trkpt lat="36.15283649414778" lon="137.22462298348546">
        <ele>568.54</ele>
      </trkpt>
      <trkpt lat="36.15282291546464" lon="137.22495825961232">
        <ele>568.25</ele>
      </trkpt>
      <trkpt lat="36.1528093367815" lon="137.22529219463468">
        <ele>568.09</ele>
      </trkpt>
      <trkpt lat="36.15282769314945" lon="137.225337959826">
        <ele>567.92</ele>
      </trkpt>
      <trkpt lat="36.152863232418895" lon="137.22538514994085">
        <ele>567.76</ele>
      </trkpt>
      <trkpt lat="36.15282794460654" lon="137.22550065256655">
        <ele>567.62</ele>
      </trkpt>
      <trkpt lat="36.15279508754611" lon="137.22552764229476">
        <ele>567.46</ele>
      </trkpt>
      <trkpt lat="36.15274387411773" lon="137.22556125372648">
        <ele>567.32</ele>
      </trkpt>
      <trkpt lat="36.15266592241824" lon="137.22574800252914">
        <ele>567.21</ele>
      </trkpt>
      <trkpt lat="36.152588138356805" lon="137.22593433223665">
        <ele>567.07</ele>
      </trkpt>
      <trkpt lat="36.152480095624924" lon="137.2261947579682">
        <ele>566.91</ele>
      </trkpt>
      <trkpt lat="36.15236962214112" lon="137.22647119313478">
        <ele>566.84</ele>
      </trkpt>
      <trkpt lat="36.152259232476354" lon="137.2267477121204">
        <ele>566.84</ele>
      </trkpt>
      <trkpt lat="36.15214875899255" lon="137.227024147287">
        <ele>566.83</ele>
      </trkpt>
      <trkpt lat="36.152038872241974" lon="137.22729932516813">
        <ele>566.85</ele>
      </trkpt>
      <trkpt lat="36.15191264078021" lon="137.2276013251394">
        <ele>566.92</ele>
      </trkpt>
      <trkpt lat="36.151786744594574" lon="137.2279025707394">
        <ele>567.0</ele>
      </trkpt>
      <trkpt lat="36.15166495554149" lon="137.2282052412629">
        <ele>567.13</ele>
      </trkpt>
      <trkpt lat="36.151543417945504" lon="137.22850715741515">
        <ele>567.4</ele>
      </trkpt>
      <trkpt lat="36.15143143571913" lon="137.2287821676582">
        <ele>567.62</ele>
      </trkpt>
      <trkpt lat="36.15131936967373" lon="137.22905717790127">
        <ele>567.88</ele>
      </trkpt>
      <trkpt lat="36.15120738744736" lon="137.22933218814433">
        <ele>568.19</ele>
      </trkpt>
      <trkpt lat="36.151095824316144" lon="137.2296059411019">
        <ele>568.57</ele>
      </trkpt>
      <trkpt lat="36.15097839385271" lon="137.22989972680807">
        <ele>568.99</ele>
      </trkpt>
      <trkpt lat="36.150861298665404" lon="137.23019284196198">
        <ele>569.44</ele>
      </trkpt>
      <trkpt lat="36.15078737027943" lon="137.23036659881473">
        <ele>569.92</ele>
      </trkpt>
      <trkpt lat="36.15071369335055" lon="137.2305399365723">
        <ele>570.47</ele>
      </trkpt>
      <trkpt lat="36.15064848214388" lon="137.23070816136897">
        <ele>571.05</ele>
      </trkpt>
      <trkpt lat="36.15059525705874" lon="137.23083489574492">
        <ele>571.67</ele>
      </trkpt>
      <trkpt lat="36.15053666755557" lon="137.23098778165877">
        <ele>572.37</ele>
      </trkpt>
      <trkpt lat="36.15047598257661" lon="137.23109372891486">
        <ele>573.11</ele>
      </trkpt>
      <trkpt lat="36.15041202865541" lon="137.231207722798">
        <ele>573.87</ele>
      </trkpt>
      <trkpt lat="36.150350254029036" lon="137.23127947188914">
        <ele>574.59</ele>
      </trkpt>
      <trkpt lat="36.15021555684507" lon="137.2313922084868">
        <ele>575.33</ele>
      </trkpt>
      <trkpt lat="36.150080524384975" lon="137.23150528036058">
        <ele>576.02</ele>
      </trkpt>
      <trkpt lat="36.14991070702672" lon="137.23164400085807">
        <ele>576.61</ele>
      </trkpt>
      <trkpt lat="36.149740470573306" lon="137.23178297281265">
        <ele>577.27</ele>
      </trkpt>
      <trkpt lat="36.14959169179201" lon="137.23191012628376">
        <ele>577.9</ele>
      </trkpt>
      <trkpt lat="36.14950644783676" lon="137.23199126310647">
        <ele>578.67</ele>
      </trkpt>
      <trkpt lat="36.14946344867349" lon="137.23204549401999">
        <ele>579.41</ele>
      </trkpt>
      <trkpt lat="36.14939362742007" lon="137.2321668639779">
        <ele>580.16</ele>
      </trkpt>
      <trkpt lat="36.149310981854796" lon="137.23228563554585">
        <ele>580.95</ele>
      </trkpt>
      <trkpt lat="36.14924811758101" lon="137.23239107988775">
        <ele>581.69</ele>
      </trkpt>
      <trkpt lat="36.14917888306081" lon="137.23254966549575">
        <ele>582.41</ele>
      </trkpt>
      <trkpt lat="36.14914418198168" lon="137.23264907486737">
        <ele>583.0</ele>
      </trkpt>
      <trkpt lat="36.14913119003177" lon="137.23271093331277">
        <ele>583.6</ele>
      </trkpt>
      <trkpt lat="36.149094896391034" lon="137.23298669792712">
        <ele>584.15</ele>
      </trkpt>
      <trkpt lat="36.14909724332392" lon="137.23304327577353">
        <ele>584.74</ele>
      </trkpt>
      <trkpt lat="36.14927653223276" lon="137.23311896435916">
        <ele>585.36</ele>
      </trkpt>
      <trkpt lat="36.149456491693854" lon="137.23319498822093">
        <ele>585.89</ele>
      </trkpt>
      <trkpt lat="36.149508291855454" lon="137.2329718619585">
        <ele>586.32</ele>
      </trkpt>
      <trkpt lat="36.14955925382674" lon="137.23275108262897">
        <ele>586.67</ele>
      </trkpt>
    </trkseg>
  </trk>
</gpx>
